sample_id,history_start,history_end,t_plus_1,t_plus_2,vehicle_t1,vehicle_t2,planned_output_t1,planned_output_t2,M001_real_t1,M001_real_t2,M001_real_peak,M002_real_t1,M002_real_t2,M002_real_peak,M003_real_t1,M003_real_t2,M003_real_peak,M004_real_t1,M004_real_t2,M004_real_peak,M005_real_t1,M005_real_t2,M005_real_peak,M006_real_t1,M006_real_t2,M006_real_peak,M007_real_t1,M007_real_t2,M007_real_peak,M008_real_t1,M008_real_t2,M008_real_peak,split
0,2026-01-01 08:00:00,2026-01-02 07:00:00,2026-01-02 08:00:00,2026-01-02 09:00:00,C车型,C车型,10,10,0.0,0.0,0.0,0.0,0.0,0.0,0.0,0.0,0.0,0.0,0.0,0.0,0.0,0.0,0.0,9.0,10.0,10.0,9.0,9.0,9.0,18.0,18.0,18.0,train
1,2026-01-01 09:00:00,2026-01-02 08:00:00,2026-01-02 09:00:00,2026-01-02 10:00:00,C车型,C车型,10,10,0.0,0.0,0.0,0.0,0.0,0.0,0.0,0.0,0.0,0.0,0.0,0.0,0.0,0.0,0.0,10.0,9.0,10.0,9.0,9.0,9.0,18.0,19.0,19.0,train
2,2026-01-01 10:00:00,2026-01-02 09:00:00,2026-01-02 10:00:00,2026-01-02 11:00:00,C车型,C车型,10,10,0.0,0.0,0.0,0.0,0.0,0.0,0.0,0.0,0.0,0.0,0.0,0.0,0.0,0.0,0.0,9.0,9.0,9.0,9.0,9.0,9.0,19.0,18.0,19.0,train
3,2026-01-01 11:00:00,2026-01-02 10:00:00,2026-01-02 11:00:00,2026-01-02 12:00:00,C车型,A车型,10,20,0.0,19.0,19.0,0.0,19.0,19.0,0.0,38.0,38.0,0.0,0.0,0.0,0.0,0.0,0.0,9.0,0.0,9.0,9.0,0.0,9.0,18.0,0.0,18.0,train
4,2026-01-01 12:00:00,2026-01-02 11:00:00,2026-01-02 12:00:00,2026-01-02 13:00:00,A车型,A车型,20,20,19.0,19.0,19.0,19.0,19.0,19.0,38.0,38.0,38.0,0.0,0.0,0.0,0.0,0.0,0.0,0.0,0.0,0.0,0.0,0.0,0.0,0.0,0.0,0.0,train
5,2026-01-01 13:00:00,2026-01-02 12:00:00,2026-01-02 13:00:00,2026-01-02 14:00:00,A车型,B车型,20,15,19.0,14.0,19.0,19.0,0.0,19.0,38.0,0.0,38.0,0.0,28.0,28.0,0.0,14.0,14.0,0.0,0.0,0.0,0.0,0.0,0.0,0.0,0.0,0.0,train
6,2026-01-01 14:00:00,2026-01-02 13:00:00,2026-01-02 14:00:00,2026-01-02 15:00:00,B车型,B车型,15,15,14.0,16.0,16.0,0.0,0.0,0.0,0.0,0.0,0.0,28.0,32.0,32.0,14.0,16.0,16.0,0.0,0.0,0.0,0.0,0.0,0.0,0.0,0.0,0.0,train
7,2026-01-01 15:00:00,2026-01-02 14:00:00,2026-01-02 15:00:00,2026-01-02 16:00:00,B车型,B车型,15,15,16.0,16.0,16.0,0.0,0.0,0.0,0.0,0.0,0.0,32.0,32.0,32.0,16.0,16.0,16.0,0.0,0.0,0.0,0.0,0.0,0.0,0.0,0.0,0.0,train
8,2026-01-01 16:00:00,2026-01-02 15:00:00,2026-01-02 16:00:00,2026-01-02 17:00:00,B车型,B车型,15,15,16.0,14.0,16.0,0.0,0.0,0.0,0.0,0.0,0.0,32.0,28.0,32.0,16.0,14.0,16.0,0.0,0.0,0.0,0.0,0.0,0.0,0.0,0.0,0.0,train
9,2026-01-01 17:00:00,2026-01-02 16:00:00,2026-01-02 17:00:00,2026-01-02 18:00:00,B车型,B车型,15,15,14.0,16.0,16.0,0.0,0.0,0.0,0.0,0.0,0.0,28.0,30.0,30.0,14.0,15.0,15.0,0.0,0.0,0.0,0.0,0.0,0.0,0.0,0.0,0.0,train
10,2026-01-01 18:00:00,2026-01-02 17:00:00,2026-01-02 18:00:00,2026-01-02 19:00:00,B车型,C车型,15,10,16.0,0.0,16.0,0.0,0.0,0.0,0.0,0.0,0.0,30.0,0.0,30.0,15.0,0.0,15.0,0.0,9.0,9.0,0.0,9.0,9.0,0.0,18.0,18.0,train
11,2026-01-01 19:00:00,2026-01-02 18:00:00,2026-01-02 19:00:00,2026-01-02 20:00:00,C车型,C车型,10,10,0.0,0.0,0.0,0.0,0.0,0.0,0.0,0.0,0.0,0.0,0.0,0.0,0.0,0.0,0.0,9.0,10.0,10.0,9.0,10.0,10.0,18.0,20.0,20.0,train
12,2026-01-01 20:00:00,2026-01-02 19:00:00,2026-01-02 20:00:00,2026-01-02 21:00:00,C车型,B车型,10,15,0.0,13.0,13.0,0.0,0.0,0.0,0.0,0.0,0.0,0.0,26.0,26.0,0.0,13.0,13.0,10.0,0.0,10.0,10.0,0.0,10.0,20.0,0.0,20.0,train
13,2026-01-01 21:00:00,2026-01-02 20:00:00,2026-01-02 21:00:00,2026-01-02 22:00:00,B车型,B车型,15,15,13.0,13.0,13.0,0.0,0.0,0.0,0.0,0.0,0.0,26.0,26.0,26.0,13.0,13.0,13.0,0.0,0.0,0.0,0.0,0.0,0.0,0.0,0.0,0.0,train
14,2026-01-01 22:00:00,2026-01-02 21:00:00,2026-01-02 22:00:00,2026-01-02 23:00:00,B车型,C车型,15,10,13.0,0.0,13.0,0.0,0.0,0.0,0.0,0.0,0.0,26.0,0.0,26.0,13.0,0.0,13.0,0.0,8.0,8.0,0.0,8.0,8.0,0.0,16.0,16.0,train
15,2026-01-01 23:00:00,2026-01-02 22:00:00,2026-01-02 23:00:00,2026-01-03 00:00:00,C车型,C车型,10,10,0.0,0.0,0.0,0.0,0.0,0.0,0.0,0.0,0.0,0.0,0.0,0.0,0.0,0.0,0.0,8.0,9.0,9.0,8.0,9.0,9.0,16.0,17.0,17.0,train
16,2026-01-02 00:00:00,2026-01-02 23:00:00,2026-01-03 00:00:00,2026-01-03 01:00:00,C车型,B车型,10,15,0.0,14.0,14.0,0.0,0.0,0.0,0.0,0.0,0.0,0.0,28.0,28.0,0.0,14.0,14.0,9.0,0.0,9.0,9.0,0.0,9.0,17.0,0.0,17.0,train
17,2026-01-02 01:00:00,2026-01-03 00:00:00,2026-01-03 01:00:00,2026-01-03 02:00:00,B车型,B车型,15,15,14.0,14.0,14.0,0.0,0.0,0.0,0.0,0.0,0.0,28.0,28.0,28.0,14.0,14.0,14.0,0.0,0.0,0.0,0.0,0.0,0.0,0.0,0.0,0.0,train
18,2026-01-02 02:00:00,2026-01-03 01:00:00,2026-01-03 02:00:00,2026-01-03 03:00:00,B车型,B车型,15,15,14.0,14.0,14.0,0.0,0.0,0.0,0.0,0.0,0.0,28.0,28.0,28.0,14.0,14.0,14.0,0.0,0.0,0.0,0.0,0.0,0.0,0.0,0.0,0.0,train
19,2026-01-02 03:00:00,2026-01-03 02:00:00,2026-01-03 03:00:00,2026-01-03 04:00:00,B车型,A车型,15,20,14.0,17.0,17.0,0.0,17.0,17.0,0.0,34.0,34.0,28.0,0.0,28.0,14.0,0.0,14.0,0.0,0.0,0.0,0.0,0.0,0.0,0.0,0.0,0.0,train
20,2026-01-02 04:00:00,2026-01-03 03:00:00,2026-01-03 04:00:00,2026-01-03 05:00:00,A车型,A车型,20,20,17.0,17.0,17.0,17.0,17.0,17.0,34.0,34.0,34.0,0.0,0.0,0.0,0.0,0.0,0.0,0.0,0.0,0.0,0.0,0.0,0.0,0.0,0.0,0.0,train
21,2026-01-02 05:00:00,2026-01-03 04:00:00,2026-01-03 05:00:00,2026-01-03 06:00:00,A车型,B车型,20,15,17.0,13.0,17.0,17.0,0.0,17.0,34.0,0.0,34.0,0.0,26.0,26.0,0.0,13.0,13.0,0.0,0.0,0.0,0.0,0.0,0.0,0.0,0.0,0.0,train
22,2026-01-02 06:00:00,2026-01-03 05:00:00,2026-01-03 06:00:00,2026-01-03 07:00:00,B车型,B车型,15,15,13.0,13.0,13.0,0.0,0.0,0.0,0.0,0.0,0.0,26.0,28.0,28.0,13.0,14.0,14.0,0.0,0.0,0.0,0.0,0.0,0.0,0.0,0.0,0.0,train
23,2026-01-02 07:00:00,2026-01-03 06:00:00,2026-01-03 07:00:00,2026-01-03 08:00:00,B车型,B车型,15,15,13.0,15.0,15.0,0.0,0.0,0.0,0.0,0.0,0.0,28.0,30.0,30.0,14.0,15.0,15.0,0.0,0.0,0.0,0.0,0.0,0.0,0.0,0.0,0.0,train
24,2026-01-02 08:00:00,2026-01-03 07:00:00,2026-01-03 08:00:00,2026-01-03 09:00:00,B车型,B车型,15,15,15.0,14.0,15.0,0.0,0.0,0.0,0.0,0.0,0.0,30.0,29.0,30.0,15.0,15.0,15.0,0.0,0.0,0.0,0.0,0.0,0.0,0.0,0.0,0.0,train
25,2026-01-02 09:00:00,2026-01-03 08:00:00,2026-01-03 09:00:00,2026-01-03 10:00:00,B车型,C车型,15,10,14.0,0.0,14.0,0.0,0.0,0.0,0.0,0.0,0.0,29.0,0.0,29.0,15.0,0.0,15.0,0.0,10.0,10.0,0.0,10.0,10.0,0.0,19.0,19.0,train
26,2026-01-02 10:00:00,2026-01-03 09:00:00,2026-01-03 10:00:00,2026-01-03 11:00:00,C车型,A车型,10,20,0.0,20.0,20.0,0.0,20.0,20.0,0.0,41.0,41.0,0.0,0.0,0.0,0.0,0.0,0.0,10.0,0.0,10.0,10.0,0.0,10.0,19.0,0.0,19.0,train
27,2026-01-02 11:00:00,2026-01-03 10:00:00,2026-01-03 11:00:00,2026-01-03 12:00:00,A车型,C车型,20,10,20.0,0.0,20.0,20.0,0.0,20.0,41.0,0.0,41.0,0.0,0.0,0.0,0.0,0.0,0.0,0.0,9.0,9.0,0.0,9.0,9.0,0.0,18.0,18.0,train
28,2026-01-02 12:00:00,2026-01-03 11:00:00,2026-01-03 12:00:00,2026-01-03 13:00:00,C车型,C车型,10,10,0.0,0.0,0.0,0.0,0.0,0.0,0.0,0.0,0.0,0.0,0.0,0.0,0.0,0.0,0.0,9.0,10.0,10.0,9.0,11.0,11.0,18.0,20.0,20.0,train
29,2026-01-02 13:00:00,2026-01-03 12:00:00,2026-01-03 13:00:00,2026-01-03 14:00:00,C车型,C车型,10,10,0.0,0.0,0.0,0.0,0.0,0.0,0.0,0.0,0.0,0.0,0.0,0.0,0.0,0.0,0.0,10.0,11.0,11.0,11.0,12.0,12.0,20.0,22.0,22.0,train
30,2026-01-02 14:00:00,2026-01-03 13:00:00,2026-01-03 14:00:00,2026-01-03 15:00:00,C车型,C车型,10,10,0.0,0.0,0.0,0.0,0.0,0.0,0.0,0.0,0.0,0.0,0.0,0.0,0.0,0.0,0.0,11.0,13.0,13.0,12.0,13.0,13.0,22.0,24.0,24.0,train
31,2026-01-02 15:00:00,2026-01-03 14:00:00,2026-01-03 15:00:00,2026-01-03 16:00:00,C车型,B车型,10,15,0.0,15.0,15.0,0.0,0.0,0.0,0.0,0.0,0.0,0.0,31.0,31.0,0.0,16.0,16.0,13.0,0.0,13.0,13.0,0.0,13.0,24.0,0.0,24.0,train
32,2026-01-02 16:00:00,2026-01-03 15:00:00,2026-01-03 16:00:00,2026-01-03 17:00:00,B车型,A车型,15,20,15.0,20.0,20.0,0.0,20.0,20.0,0.0,41.0,41.0,31.0,0.0,31.0,16.0,0.0,16.0,0.0,0.0,0.0,0.0,0.0,0.0,0.0,0.0,0.0,train
33,2026-01-02 17:00:00,2026-01-03 16:00:00,2026-01-03 17:00:00,2026-01-03 18:00:00,A车型,A车型,20,20,20.0,20.0,20.0,20.0,20.0,20.0,41.0,40.0,41.0,0.0,0.0,0.0,0.0,0.0,0.0,0.0,0.0,0.0,0.0,0.0,0.0,0.0,0.0,0.0,train
34,2026-01-02 18:00:00,2026-01-03 17:00:00,2026-01-03 18:00:00,2026-01-03 19:00:00,A车型,A车型,20,20,20.0,21.0,21.0,20.0,22.0,22.0,40.0,42.0,42.0,0.0,0.0,0.0,0.0,0.0,0.0,0.0,0.0,0.0,0.0,0.0,0.0,0.0,0.0,0.0,train
35,2026-01-02 19:00:00,2026-01-03 18:00:00,2026-01-03 19:00:00,2026-01-03 20:00:00,A车型,A车型,20,20,21.0,20.0,21.0,22.0,20.0,22.0,42.0,40.0,42.0,0.0,0.0,0.0,0.0,0.0,0.0,0.0,0.0,0.0,0.0,0.0,0.0,0.0,0.0,0.0,train
36,2026-01-02 20:00:00,2026-01-03 19:00:00,2026-01-03 20:00:00,2026-01-03 21:00:00,A车型,A车型,20,20,20.0,21.0,21.0,20.0,20.0,20.0,40.0,40.0,40.0,0.0,0.0,0.0,0.0,0.0,0.0,0.0,0.0,0.0,0.0,0.0,0.0,0.0,0.0,0.0,train
37,2026-01-02 21:00:00,2026-01-03 20:00:00,2026-01-03 21:00:00,2026-01-03 22:00:00,A车型,C车型,20,10,21.0,0.0,21.0,20.0,0.0,20.0,40.0,0.0,40.0,0.0,0.0,0.0,0.0,0.0,0.0,0.0,9.0,9.0,0.0,10.0,10.0,0.0,18.0,18.0,train
38,2026-01-02 22:00:00,2026-01-03 21:00:00,2026-01-03 22:00:00,2026-01-03 23:00:00,C车型,C车型,10,10,0.0,0.0,0.0,0.0,0.0,0.0,0.0,0.0,0.0,0.0,0.0,0.0,0.0,0.0,0.0,9.0,9.0,9.0,10.0,8.0,10.0,18.0,16.0,18.0,train
39,2026-01-02 23:00:00,2026-01-03 22:00:00,2026-01-03 23:00:00,2026-01-04 00:00:00,C车型,B车型,10,15,0.0,14.0,14.0,0.0,0.0,0.0,0.0,0.0,0.0,0.0,29.0,29.0,0.0,14.0,14.0,9.0,0.0,9.0,8.0,0.0,8.0,16.0,0.0,16.0,train
40,2026-01-03 00:00:00,2026-01-03 23:00:00,2026-01-04 00:00:00,2026-01-04 01:00:00,B车型,B车型,15,15,14.0,15.0,15.0,0.0,0.0,0.0,0.0,0.0,0.0,29.0,30.0,30.0,14.0,15.0,15.0,0.0,0.0,0.0,0.0,0.0,0.0,0.0,0.0,0.0,train
41,2026-01-03 01:00:00,2026-01-04 00:00:00,2026-01-04 01:00:00,2026-01-04 02:00:00,B车型,A车型,15,20,15.0,19.0,19.0,0.0,19.0,19.0,0.0,38.0,38.0,30.0,0.0,30.0,15.0,0.0,15.0,0.0,0.0,0.0,0.0,0.0,0.0,0.0,0.0,0.0,train
42,2026-01-03 02:00:00,2026-01-04 01:00:00,2026-01-04 02:00:00,2026-01-04 03:00:00,A车型,A车型,20,20,19.0,20.0,20.0,19.0,20.0,20.0,38.0,40.0,40.0,0.0,0.0,0.0,0.0,0.0,0.0,0.0,0.0,0.0,0.0,0.0,0.0,0.0,0.0,0.0,train
43,2026-01-03 03:00:00,2026-01-04 02:00:00,2026-01-04 03:00:00,2026-01-04 04:00:00,A车型,B车型,20,15,20.0,15.0,20.0,20.0,0.0,20.0,40.0,0.0,40.0,0.0,30.0,30.0,0.0,15.0,15.0,0.0,0.0,0.0,0.0,0.0,0.0,0.0,0.0,0.0,train
44,2026-01-03 04:00:00,2026-01-04 03:00:00,2026-01-04 04:00:00,2026-01-04 05:00:00,B车型,B车型,15,15,15.0,15.0,15.0,0.0,0.0,0.0,0.0,0.0,0.0,30.0,30.0,30.0,15.0,15.0,15.0,0.0,0.0,0.0,0.0,0.0,0.0,0.0,0.0,0.0,train
45,2026-01-03 05:00:00,2026-01-04 04:00:00,2026-01-04 05:00:00,2026-01-04 06:00:00,B车型,B车型,15,15,15.0,15.0,15.0,0.0,0.0,0.0,0.0,0.0,0.0,30.0,31.0,31.0,15.0,15.0,15.0,0.0,0.0,0.0,0.0,0.0,0.0,0.0,0.0,0.0,train
46,2026-01-03 06:00:00,2026-01-04 05:00:00,2026-01-04 06:00:00,2026-01-04 07:00:00,B车型,C车型,15,10,15.0,0.0,15.0,0.0,0.0,0.0,0.0,0.0,0.0,31.0,0.0,31.0,15.0,0.0,15.0,0.0,11.0,11.0,0.0,11.0,11.0,0.0,22.0,22.0,train
47,2026-01-03 07:00:00,2026-01-04 06:00:00,2026-01-04 07:00:00,2026-01-04 08:00:00,C车型,A车型,10,20,0.0,22.0,22.0,0.0,22.0,22.0,0.0,44.0,44.0,0.0,0.0,0.0,0.0,0.0,0.0,11.0,0.0,11.0,11.0,0.0,11.0,22.0,0.0,22.0,train
48,2026-01-03 08:00:00,2026-01-04 07:00:00,2026-01-04 08:00:00,2026-01-04 09:00:00,A车型,A车型,20,20,22.0,23.0,23.0,22.0,23.0,23.0,44.0,47.0,47.0,0.0,0.0,0.0,0.0,0.0,0.0,0.0,0.0,0.0,0.0,0.0,0.0,0.0,0.0,0.0,train
49,2026-01-03 09:00:00,2026-01-04 08:00:00,2026-01-04 09:00:00,2026-01-04 10:00:00,A车型,A车型,20,20,23.0,20.0,23.0,23.0,20.0,23.0,47.0,41.0,47.0,0.0,0.0,0.0,0.0,0.0,0.0,0.0,0.0,0.0,0.0,0.0,0.0,0.0,0.0,0.0,train
50,2026-01-03 10:00:00,2026-01-04 09:00:00,2026-01-04 10:00:00,2026-01-04 11:00:00,A车型,C车型,20,10,20.0,0.0,20.0,20.0,0.0,20.0,41.0,0.0,41.0,0.0,0.0,0.0,0.0,0.0,0.0,0.0,11.0,11.0,0.0,11.0,11.0,0.0,22.0,22.0,train
51,2026-01-03 11:00:00,2026-01-04 10:00:00,2026-01-04 11:00:00,2026-01-04 12:00:00,C车型,C车型,10,10,0.0,0.0,0.0,0.0,0.0,0.0,0.0,0.0,0.0,0.0,0.0,0.0,0.0,0.0,0.0,11.0,10.0,11.0,11.0,10.0,11.0,22.0,20.0,22.0,train
52,2026-01-03 12:00:00,2026-01-04 11:00:00,2026-01-04 12:00:00,2026-01-04 13:00:00,C车型,C车型,10,10,0.0,0.0,0.0,0.0,0.0,0.0,0.0,0.0,0.0,0.0,0.0,0.0,0.0,0.0,0.0,10.0,10.0,10.0,10.0,10.0,10.0,20.0,20.0,20.0,train
53,2026-01-03 13:00:00,2026-01-04 12:00:00,2026-01-04 13:00:00,2026-01-04 14:00:00,C车型,C车型,10,10,0.0,0.0,0.0,0.0,0.0,0.0,0.0,0.0,0.0,0.0,0.0,0.0,0.0,0.0,0.0,10.0,10.0,10.0,10.0,10.0,10.0,20.0,20.0,20.0,train
54,2026-01-03 14:00:00,2026-01-04 13:00:00,2026-01-04 14:00:00,2026-01-04 15:00:00,C车型,C车型,10,10,0.0,0.0,0.0,0.0,0.0,0.0,0.0,0.0,0.0,0.0,0.0,0.0,0.0,0.0,0.0,10.0,9.0,10.0,10.0,9.0,10.0,20.0,18.0,20.0,train
55,2026-01-03 15:00:00,2026-01-04 14:00:00,2026-01-04 15:00:00,2026-01-04 16:00:00,C车型,A车型,10,20,0.0,19.0,19.0,0.0,19.0,19.0,0.0,39.0,39.0,0.0,0.0,0.0,0.0,0.0,0.0,9.0,0.0,9.0,9.0,0.0,9.0,18.0,0.0,18.0,train
56,2026-01-03 16:00:00,2026-01-04 15:00:00,2026-01-04 16:00:00,2026-01-04 17:00:00,A车型,A车型,20,20,19.0,19.0,19.0,19.0,19.0,19.0,39.0,39.0,39.0,0.0,0.0,0.0,0.0,0.0,0.0,0.0,0.0,0.0,0.0,0.0,0.0,0.0,0.0,0.0,train
57,2026-01-03 17:00:00,2026-01-04 16:00:00,2026-01-04 17:00:00,2026-01-04 18:00:00,A车型,B车型,20,15,19.0,16.0,19.0,19.0,0.0,19.0,39.0,0.0,39.0,0.0,33.0,33.0,0.0,16.0,16.0,0.0,0.0,0.0,0.0,0.0,0.0,0.0,0.0,0.0,train
58,2026-01-03 18:00:00,2026-01-04 17:00:00,2026-01-04 18:00:00,2026-01-04 19:00:00,B车型,B车型,15,15,16.0,15.0,16.0,0.0,0.0,0.0,0.0,0.0,0.0,33.0,31.0,33.0,16.0,15.0,16.0,0.0,0.0,0.0,0.0,0.0,0.0,0.0,0.0,0.0,train
59,2026-01-03 19:00:00,2026-01-04 18:00:00,2026-01-04 19:00:00,2026-01-04 20:00:00,B车型,B车型,15,15,15.0,14.0,15.0,0.0,0.0,0.0,0.0,0.0,0.0,31.0,28.0,31.0,15.0,14.0,15.0,0.0,0.0,0.0,0.0,0.0,0.0,0.0,0.0,0.0,train
60,2026-01-03 20:00:00,2026-01-04 19:00:00,2026-01-04 20:00:00,2026-01-04 21:00:00,B车型,B车型,15,15,14.0,14.0,14.0,0.0,0.0,0.0,0.0,0.0,0.0,28.0,28.0,28.0,14.0,13.0,14.0,0.0,0.0,0.0,0.0,0.0,0.0,0.0,0.0,0.0,train
61,2026-01-03 21:00:00,2026-01-04 20:00:00,2026-01-04 21:00:00,2026-01-04 22:00:00,B车型,B车型,15,15,14.0,14.0,14.0,0.0,0.0,0.0,0.0,0.0,0.0,28.0,30.0,30.0,13.0,15.0,15.0,0.0,0.0,0.0,0.0,0.0,0.0,0.0,0.0,0.0,train
62,2026-01-03 22:00:00,2026-01-04 21:00:00,2026-01-04 22:00:00,2026-01-04 23:00:00,B车型,C车型,15,10,14.0,0.0,14.0,0.0,0.0,0.0,0.0,0.0,0.0,30.0,0.0,30.0,15.0,0.0,15.0,0.0,10.0,10.0,0.0,10.0,10.0,0.0,20.0,20.0,train
63,2026-01-03 23:00:00,2026-01-04 22:00:00,2026-01-04 23:00:00,2026-01-05 00:00:00,C车型,C车型,10,10,0.0,0.0,0.0,0.0,0.0,0.0,0.0,0.0,0.0,0.0,0.0,0.0,0.0,0.0,0.0,10.0,10.0,10.0,10.0,10.0,10.0,20.0,20.0,20.0,train
64,2026-01-04 00:00:00,2026-01-04 23:00:00,2026-01-05 00:00:00,2026-01-05 01:00:00,C车型,C车型,10,10,0.0,0.0,0.0,0.0,0.0,0.0,0.0,0.0,0.0,0.0,0.0,0.0,0.0,0.0,0.0,10.0,10.0,10.0,10.0,10.0,10.0,20.0,20.0,20.0,train
65,2026-01-04 01:00:00,2026-01-05 00:00:00,2026-01-05 01:00:00,2026-01-05 02:00:00,C车型,C车型,10,10,0.0,0.0,0.0,0.0,0.0,0.0,0.0,0.0,0.0,0.0,0.0,0.0,0.0,0.0,0.0,10.0,10.0,10.0,10.0,9.0,10.0,20.0,20.0,20.0,train
66,2026-01-04 02:00:00,2026-01-05 01:00:00,2026-01-05 02:00:00,2026-01-05 03:00:00,C车型,C车型,10,10,0.0,0.0,0.0,0.0,0.0,0.0,0.0,0.0,0.0,0.0,0.0,0.0,0.0,0.0,0.0,10.0,10.0,10.0,9.0,9.0,9.0,20.0,20.0,20.0,train
67,2026-01-04 03:00:00,2026-01-05 02:00:00,2026-01-05 03:00:00,2026-01-05 04:00:00,C车型,A车型,10,20,0.0,19.0,19.0,0.0,19.0,19.0,0.0,38.0,38.0,0.0,0.0,0.0,0.0,0.0,0.0,10.0,0.0,10.0,9.0,0.0,9.0,20.0,0.0,20.0,train
68,2026-01-04 04:00:00,2026-01-05 03:00:00,2026-01-05 04:00:00,2026-01-05 05:00:00,A车型,A车型,20,20,19.0,19.0,19.0,19.0,19.0,19.0,38.0,38.0,38.0,0.0,0.0,0.0,0.0,0.0,0.0,0.0,0.0,0.0,0.0,0.0,0.0,0.0,0.0,0.0,train
69,2026-01-04 05:00:00,2026-01-05 04:00:00,2026-01-05 05:00:00,2026-01-05 06:00:00,A车型,B车型,20,15,19.0,14.0,19.0,19.0,0.0,19.0,38.0,0.0,38.0,0.0,28.0,28.0,0.0,14.0,14.0,0.0,0.0,0.0,0.0,0.0,0.0,0.0,0.0,0.0,train
70,2026-01-04 06:00:00,2026-01-05 05:00:00,2026-01-05 06:00:00,2026-01-05 07:00:00,B车型,B车型,15,15,14.0,13.0,14.0,0.0,0.0,0.0,0.0,0.0,0.0,28.0,26.0,28.0,14.0,13.0,14.0,0.0,0.0,0.0,0.0,0.0,0.0,0.0,0.0,0.0,train
71,2026-01-04 07:00:00,2026-01-05 06:00:00,2026-01-05 07:00:00,2026-01-05 08:00:00,B车型,B车型,15,15,13.0,14.0,14.0,0.0,0.0,0.0,0.0,0.0,0.0,26.0,28.0,28.0,13.0,14.0,14.0,0.0,0.0,0.0,0.0,0.0,0.0,0.0,0.0,0.0,train
72,2026-01-04 08:00:00,2026-01-05 07:00:00,2026-01-05 08:00:00,2026-01-05 09:00:00,B车型,B车型,15,15,14.0,15.0,15.0,0.0,0.0,0.0,0.0,0.0,0.0,28.0,31.0,31.0,14.0,15.0,15.0,0.0,0.0,0.0,0.0,0.0,0.0,0.0,0.0,0.0,train
73,2026-01-04 09:00:00,2026-01-05 08:00:00,2026-01-05 09:00:00,2026-01-05 10:00:00,B车型,B车型,15,15,15.0,16.0,16.0,0.0,0.0,0.0,0.0,0.0,0.0,31.0,31.0,31.0,15.0,15.0,15.0,0.0,0.0,0.0,0.0,0.0,0.0,0.0,0.0,0.0,train
74,2026-01-04 10:00:00,2026-01-05 09:00:00,2026-01-05 10:00:00,2026-01-05 11:00:00,B车型,B车型,15,15,16.0,15.0,16.0,0.0,0.0,0.0,0.0,0.0,0.0,31.0,30.0,31.0,15.0,15.0,15.0,0.0,0.0,0.0,0.0,0.0,0.0,0.0,0.0,0.0,train
75,2026-01-04 11:00:00,2026-01-05 10:00:00,2026-01-05 11:00:00,2026-01-05 12:00:00,B车型,B车型,15,15,15.0,14.0,15.0,0.0,0.0,0.0,0.0,0.0,0.0,30.0,28.0,30.0,15.0,14.0,15.0,0.0,0.0,0.0,0.0,0.0,0.0,0.0,0.0,0.0,train
76,2026-01-04 12:00:00,2026-01-05 11:00:00,2026-01-05 12:00:00,2026-01-05 13:00:00,B车型,A车型,15,20,14.0,20.0,20.0,0.0,20.0,20.0,0.0,39.0,39.0,28.0,0.0,28.0,14.0,0.0,14.0,0.0,0.0,0.0,0.0,0.0,0.0,0.0,0.0,0.0,train
77,2026-01-04 13:00:00,2026-01-05 12:00:00,2026-01-05 13:00:00,2026-01-05 14:00:00,A车型,B车型,20,15,20.0,15.0,20.0,20.0,0.0,20.0,39.0,0.0,39.0,0.0,28.0,28.0,0.0,14.0,14.0,0.0,0.0,0.0,0.0,0.0,0.0,0.0,0.0,0.0,train
78,2026-01-04 14:00:00,2026-01-05 13:00:00,2026-01-05 14:00:00,2026-01-05 15:00:00,B车型,B车型,15,15,15.0,14.0,15.0,0.0,0.0,0.0,0.0,0.0,0.0,28.0,28.0,28.0,14.0,14.0,14.0,0.0,0.0,0.0,0.0,0.0,0.0,0.0,0.0,0.0,train
79,2026-01-04 15:00:00,2026-01-05 14:00:00,2026-01-05 15:00:00,2026-01-05 16:00:00,B车型,B车型,15,15,14.0,14.0,14.0,0.0,0.0,0.0,0.0,0.0,0.0,28.0,28.0,28.0,14.0,14.0,14.0,0.0,0.0,0.0,0.0,0.0,0.0,0.0,0.0,0.0,train
80,2026-01-04 16:00:00,2026-01-05 15:00:00,2026-01-05 16:00:00,2026-01-05 17:00:00,B车型,A车型,15,20,14.0,20.0,20.0,0.0,19.0,19.0,0.0,38.0,38.0,28.0,0.0,28.0,14.0,0.0,14.0,0.0,0.0,0.0,0.0,0.0,0.0,0.0,0.0,0.0,train
81,2026-01-04 17:00:00,2026-01-05 16:00:00,2026-01-05 17:00:00,2026-01-05 18:00:00,A车型,A车型,20,20,20.0,21.0,21.0,19.0,21.0,21.0,38.0,42.0,42.0,0.0,0.0,0.0,0.0,0.0,0.0,0.0,0.0,0.0,0.0,0.0,0.0,0.0,0.0,0.0,train
82,2026-01-04 18:00:00,2026-01-05 17:00:00,2026-01-05 18:00:00,2026-01-05 19:00:00,A车型,A车型,20,20,21.0,21.0,21.0,21.0,22.0,22.0,42.0,42.0,42.0,0.0,0.0,0.0,0.0,0.0,0.0,0.0,0.0,0.0,0.0,0.0,0.0,0.0,0.0,0.0,train
83,2026-01-04 19:00:00,2026-01-05 18:00:00,2026-01-05 19:00:00,2026-01-05 20:00:00,A车型,A车型,20,20,21.0,21.0,21.0,22.0,22.0,22.0,42.0,42.0,42.0,0.0,0.0,0.0,0.0,0.0,0.0,0.0,0.0,0.0,0.0,0.0,0.0,0.0,0.0,0.0,train
84,2026-01-04 20:00:00,2026-01-05 19:00:00,2026-01-05 20:00:00,2026-01-05 21:00:00,A车型,C车型,20,10,21.0,0.0,21.0,22.0,0.0,22.0,42.0,0.0,42.0,0.0,0.0,0.0,0.0,0.0,0.0,0.0,11.0,11.0,0.0,11.0,11.0,0.0,22.0,22.0,train
85,2026-01-04 21:00:00,2026-01-05 20:00:00,2026-01-05 21:00:00,2026-01-05 22:00:00,C车型,C车型,10,10,0.0,0.0,0.0,0.0,0.0,0.0,0.0,0.0,0.0,0.0,0.0,0.0,0.0,0.0,0.0,11.0,9.0,11.0,11.0,9.0,11.0,22.0,18.0,22.0,train
86,2026-01-04 22:00:00,2026-01-05 21:00:00,2026-01-05 22:00:00,2026-01-05 23:00:00,C车型,A车型,10,20,0.0,19.0,19.0,0.0,19.0,19.0,0.0,38.0,38.0,0.0,0.0,0.0,0.0,0.0,0.0,9.0,0.0,9.0,9.0,0.0,9.0,18.0,0.0,18.0,train
87,2026-01-04 23:00:00,2026-01-05 22:00:00,2026-01-05 23:00:00,2026-01-06 00:00:00,A车型,A车型,20,20,19.0,19.0,19.0,19.0,19.0,19.0,38.0,38.0,38.0,0.0,0.0,0.0,0.0,0.0,0.0,0.0,0.0,0.0,0.0,0.0,0.0,0.0,0.0,0.0,train
88,2026-01-05 00:00:00,2026-01-05 23:00:00,2026-01-06 00:00:00,2026-01-06 01:00:00,A车型,A车型,20,20,19.0,21.0,21.0,19.0,21.0,21.0,38.0,41.0,41.0,0.0,0.0,0.0,0.0,0.0,0.0,0.0,0.0,0.0,0.0,0.0,0.0,0.0,0.0,0.0,train
89,2026-01-05 01:00:00,2026-01-06 00:00:00,2026-01-06 01:00:00,2026-01-06 02:00:00,A车型,B车型,20,15,21.0,15.0,21.0,21.0,0.0,21.0,41.0,0.0,41.0,0.0,29.0,29.0,0.0,15.0,15.0,0.0,0.0,0.0,0.0,0.0,0.0,0.0,0.0,0.0,train
90,2026-01-05 02:00:00,2026-01-06 01:00:00,2026-01-06 02:00:00,2026-01-06 03:00:00,B车型,A车型,15,20,15.0,20.0,20.0,0.0,20.0,20.0,0.0,39.0,39.0,29.0,0.0,29.0,15.0,0.0,15.0,0.0,0.0,0.0,0.0,0.0,0.0,0.0,0.0,0.0,train
91,2026-01-05 03:00:00,2026-01-06 02:00:00,2026-01-06 03:00:00,2026-01-06 04:00:00,A车型,A车型,20,20,20.0,20.0,20.0,20.0,20.0,20.0,39.0,39.0,39.0,0.0,0.0,0.0,0.0,0.0,0.0,0.0,0.0,0.0,0.0,0.0,0.0,0.0,0.0,0.0,train
92,2026-01-05 04:00:00,2026-01-06 03:00:00,2026-01-06 04:00:00,2026-01-06 05:00:00,A车型,A车型,20,20,20.0,19.0,20.0,20.0,19.0,20.0,39.0,37.0,39.0,0.0,0.0,0.0,0.0,0.0,0.0,0.0,0.0,0.0,0.0,0.0,0.0,0.0,0.0,0.0,train
93,2026-01-05 05:00:00,2026-01-06 04:00:00,2026-01-06 05:00:00,2026-01-06 06:00:00,A车型,A车型,20,20,19.0,20.0,20.0,19.0,20.0,20.0,37.0,39.0,39.0,0.0,0.0,0.0,0.0,0.0,0.0,0.0,0.0,0.0,0.0,0.0,0.0,0.0,0.0,0.0,train
94,2026-01-05 06:00:00,2026-01-06 05:00:00,2026-01-06 06:00:00,2026-01-06 07:00:00,A车型,A车型,20,20,20.0,20.0,20.0,20.0,20.0,20.0,39.0,39.0,39.0,0.0,0.0,0.0,0.0,0.0,0.0,0.0,0.0,0.0,0.0,0.0,0.0,0.0,0.0,0.0,train
95,2026-01-05 07:00:00,2026-01-06 06:00:00,2026-01-06 07:00:00,2026-01-06 08:00:00,A车型,A车型,20,20,20.0,22.0,22.0,20.0,22.0,22.0,39.0,44.0,44.0,0.0,0.0,0.0,0.0,0.0,0.0,0.0,0.0,0.0,0.0,0.0,0.0,0.0,0.0,0.0,train
96,2026-01-05 08:00:00,2026-01-06 07:00:00,2026-01-06 08:00:00,2026-01-06 09:00:00,A车型,A车型,20,20,22.0,22.0,22.0,22.0,21.0,22.0,44.0,42.0,44.0,0.0,0.0,0.0,0.0,0.0,0.0,0.0,0.0,0.0,0.0,0.0,0.0,0.0,0.0,0.0,train
97,2026-01-05 09:00:00,2026-01-06 08:00:00,2026-01-06 09:00:00,2026-01-06 10:00:00,A车型,A车型,20,20,22.0,23.0,23.0,21.0,22.0,22.0,42.0,44.0,44.0,0.0,0.0,0.0,0.0,0.0,0.0,0.0,0.0,0.0,0.0,0.0,0.0,0.0,0.0,0.0,train
98,2026-01-05 10:00:00,2026-01-06 09:00:00,2026-01-06 10:00:00,2026-01-06 11:00:00,A车型,B车型,20,15,23.0,15.0,23.0,22.0,0.0,22.0,44.0,0.0,44.0,0.0,30.0,30.0,0.0,15.0,15.0,0.0,0.0,0.0,0.0,0.0,0.0,0.0,0.0,0.0,train
99,2026-01-05 11:00:00,2026-01-06 10:00:00,2026-01-06 11:00:00,2026-01-06 12:00:00,B车型,A车型,15,20,15.0,22.0,22.0,0.0,21.0,21.0,0.0,42.0,42.0,30.0,0.0,30.0,15.0,0.0,15.0,0.0,0.0,0.0,0.0,0.0,0.0,0.0,0.0,0.0,train
100,2026-01-05 12:00:00,2026-01-06 11:00:00,2026-01-06 12:00:00,2026-01-06 13:00:00,A车型,A车型,20,20,22.0,22.0,22.0,21.0,22.0,22.0,42.0,44.0,44.0,0.0,0.0,0.0,0.0,0.0,0.0,0.0,0.0,0.0,0.0,0.0,0.0,0.0,0.0,0.0,train
101,2026-01-05 13:00:00,2026-01-06 12:00:00,2026-01-06 13:00:00,2026-01-06 14:00:00,A车型,A车型,20,20,22.0,23.0,23.0,22.0,22.0,22.0,44.0,44.0,44.0,0.0,0.0,0.0,0.0,0.0,0.0,0.0,0.0,0.0,0.0,0.0,0.0,0.0,0.0,0.0,train
102,2026-01-05 14:00:00,2026-01-06 13:00:00,2026-01-06 14:00:00,2026-01-06 15:00:00,A车型,A车型,20,20,23.0,21.0,23.0,22.0,22.0,22.0,44.0,42.0,44.0,0.0,0.0,0.0,0.0,0.0,0.0,0.0,0.0,0.0,0.0,0.0,0.0,0.0,0.0,0.0,train
103,2026-01-05 15:00:00,2026-01-06 14:00:00,2026-01-06 15:00:00,2026-01-06 16:00:00,A车型,A车型,20,20,21.0,21.0,21.0,22.0,21.0,22.0,42.0,42.0,42.0,0.0,0.0,0.0,0.0,0.0,0.0,0.0,0.0,0.0,0.0,0.0,0.0,0.0,0.0,0.0,train
104,2026-01-05 16:00:00,2026-01-06 15:00:00,2026-01-06 16:00:00,2026-01-06 17:00:00,A车型,B车型,20,15,21.0,15.0,21.0,21.0,0.0,21.0,42.0,0.0,42.0,0.0,30.0,30.0,0.0,15.0,15.0,0.0,0.0,0.0,0.0,0.0,0.0,0.0,0.0,0.0,train
105,2026-01-05 17:00:00,2026-01-06 16:00:00,2026-01-06 17:00:00,2026-01-06 18:00:00,B车型,B车型,15,15,15.0,14.0,15.0,0.0,0.0,0.0,0.0,0.0,0.0,30.0,28.0,30.0,15.0,14.0,15.0,0.0,0.0,0.0,0.0,0.0,0.0,0.0,0.0,0.0,train
106,2026-01-05 18:00:00,2026-01-06 17:00:00,2026-01-06 18:00:00,2026-01-06 19:00:00,B车型,B车型,15,15,14.0,14.0,14.0,0.0,0.0,0.0,0.0,0.0,0.0,28.0,28.0,28.0,14.0,14.0,14.0,0.0,0.0,0.0,0.0,0.0,0.0,0.0,0.0,0.0,train
107,2026-01-05 19:00:00,2026-01-06 18:00:00,2026-01-06 19:00:00,2026-01-06 20:00:00,B车型,A车型,15,20,14.0,19.0,19.0,0.0,18.0,18.0,0.0,36.0,36.0,28.0,0.0,28.0,14.0,0.0,14.0,0.0,0.0,0.0,0.0,0.0,0.0,0.0,0.0,0.0,train
108,2026-01-05 20:00:00,2026-01-06 19:00:00,2026-01-06 20:00:00,2026-01-06 21:00:00,A车型,A车型,20,20,19.0,20.0,20.0,18.0,19.0,19.0,36.0,38.0,38.0,0.0,0.0,0.0,0.0,0.0,0.0,0.0,0.0,0.0,0.0,0.0,0.0,0.0,0.0,0.0,train
109,2026-01-05 21:00:00,2026-01-06 20:00:00,2026-01-06 21:00:00,2026-01-06 22:00:00,A车型,C车型,20,10,20.0,0.0,20.0,19.0,0.0,19.0,38.0,0.0,38.0,0.0,0.0,0.0,0.0,0.0,0.0,0.0,9.0,9.0,0.0,9.0,9.0,0.0,19.0,19.0,train
110,2026-01-05 22:00:00,2026-01-06 21:00:00,2026-01-06 22:00:00,2026-01-06 23:00:00,C车型,A车型,10,20,0.0,20.0,20.0,0.0,20.0,20.0,0.0,40.0,40.0,0.0,0.0,0.0,0.0,0.0,0.0,9.0,0.0,9.0,9.0,0.0,9.0,19.0,0.0,19.0,train
111,2026-01-05 23:00:00,2026-01-06 22:00:00,2026-01-06 23:00:00,2026-01-07 00:00:00,A车型,C车型,20,10,20.0,0.0,20.0,20.0,0.0,20.0,40.0,0.0,40.0,0.0,0.0,0.0,0.0,0.0,0.0,0.0,9.0,9.0,0.0,9.0,9.0,0.0,18.0,18.0,train
112,2026-01-06 00:00:00,2026-01-06 23:00:00,2026-01-07 00:00:00,2026-01-07 01:00:00,C车型,C车型,10,10,0.0,0.0,0.0,0.0,0.0,0.0,0.0,0.0,0.0,0.0,0.0,0.0,0.0,0.0,0.0,9.0,9.0,9.0,9.0,9.0,9.0,18.0,18.0,18.0,train
113,2026-01-06 01:00:00,2026-01-07 00:00:00,2026-01-07 01:00:00,2026-01-07 02:00:00,C车型,C车型,10,10,0.0,0.0,0.0,0.0,0.0,0.0,0.0,0.0,0.0,0.0,0.0,0.0,0.0,0.0,0.0,9.0,10.0,10.0,9.0,10.0,10.0,18.0,20.0,20.0,train
114,2026-01-06 02:00:00,2026-01-07 01:00:00,2026-01-07 02:00:00,2026-01-07 03:00:00,C车型,A车型,10,20,0.0,18.0,18.0,0.0,18.0,18.0,0.0,36.0,36.0,0.0,0.0,0.0,0.0,0.0,0.0,10.0,0.0,10.0,10.0,0.0,10.0,20.0,0.0,20.0,train
115,2026-01-06 03:00:00,2026-01-07 02:00:00,2026-01-07 03:00:00,2026-01-07 04:00:00,A车型,A车型,20,20,18.0,19.0,19.0,18.0,19.0,19.0,36.0,38.0,38.0,0.0,0.0,0.0,0.0,0.0,0.0,0.0,0.0,0.0,0.0,0.0,0.0,0.0,0.0,0.0,train
116,2026-01-06 04:00:00,2026-01-07 03:00:00,2026-01-07 04:00:00,2026-01-07 05:00:00,A车型,B车型,20,15,19.0,15.0,19.0,19.0,0.0,19.0,38.0,0.0,38.0,0.0,30.0,30.0,0.0,15.0,15.0,0.0,0.0,0.0,0.0,0.0,0.0,0.0,0.0,0.0,train
117,2026-01-06 05:00:00,2026-01-07 04:00:00,2026-01-07 05:00:00,2026-01-07 06:00:00,B车型,B车型,15,15,15.0,14.0,15.0,0.0,0.0,0.0,0.0,0.0,0.0,30.0,27.0,30.0,15.0,14.0,15.0,0.0,0.0,0.0,0.0,0.0,0.0,0.0,0.0,0.0,train
118,2026-01-06 06:00:00,2026-01-07 05:00:00,2026-01-07 06:00:00,2026-01-07 07:00:00,B车型,B车型,15,15,14.0,13.0,14.0,0.0,0.0,0.0,0.0,0.0,0.0,27.0,27.0,27.0,14.0,14.0,14.0,0.0,0.0,0.0,0.0,0.0,0.0,0.0,0.0,0.0,train
119,2026-01-06 07:00:00,2026-01-07 06:00:00,2026-01-07 07:00:00,2026-01-07 08:00:00,B车型,A车型,15,20,13.0,20.0,20.0,0.0,20.0,20.0,0.0,41.0,41.0,27.0,0.0,27.0,14.0,0.0,14.0,0.0,0.0,0.0,0.0,0.0,0.0,0.0,0.0,0.0,train
120,2026-01-06 08:00:00,2026-01-07 07:00:00,2026-01-07 08:00:00,2026-01-07 09:00:00,A车型,A车型,20,20,20.0,21.0,21.0,20.0,21.0,21.0,41.0,43.0,43.0,0.0,0.0,0.0,0.0,0.0,0.0,0.0,0.0,0.0,0.0,0.0,0.0,0.0,0.0,0.0,train
121,2026-01-06 09:00:00,2026-01-07 08:00:00,2026-01-07 09:00:00,2026-01-07 10:00:00,A车型,A车型,20,20,21.0,20.0,21.0,21.0,20.0,21.0,43.0,40.0,43.0,0.0,0.0,0.0,0.0,0.0,0.0,0.0,0.0,0.0,0.0,0.0,0.0,0.0,0.0,0.0,train
122,2026-01-06 10:00:00,2026-01-07 09:00:00,2026-01-07 10:00:00,2026-01-07 11:00:00,A车型,C车型,20,10,20.0,0.0,20.0,20.0,0.0,20.0,40.0,0.0,40.0,0.0,0.0,0.0,0.0,0.0,0.0,0.0,10.0,10.0,0.0,9.0,9.0,0.0,18.0,18.0,train
123,2026-01-06 11:00:00,2026-01-07 10:00:00,2026-01-07 11:00:00,2026-01-07 12:00:00,C车型,B车型,10,15,0.0,15.0,15.0,0.0,0.0,0.0,0.0,0.0,0.0,0.0,30.0,30.0,0.0,15.0,15.0,10.0,0.0,10.0,9.0,0.0,9.0,18.0,0.0,18.0,train
124,2026-01-06 12:00:00,2026-01-07 11:00:00,2026-01-07 12:00:00,2026-01-07 13:00:00,B车型,B车型,15,15,15.0,15.0,15.0,0.0,0.0,0.0,0.0,0.0,0.0,30.0,30.0,30.0,15.0,15.0,15.0,0.0,0.0,0.0,0.0,0.0,0.0,0.0,0.0,0.0,train
125,2026-01-06 13:00:00,2026-01-07 12:00:00,2026-01-07 13:00:00,2026-01-07 14:00:00,B车型,A车型,15,20,15.0,22.0,22.0,0.0,21.0,21.0,0.0,42.0,42.0,30.0,0.0,30.0,15.0,0.0,15.0,0.0,0.0,0.0,0.0,0.0,0.0,0.0,0.0,0.0,train
126,2026-01-06 14:00:00,2026-01-07 13:00:00,2026-01-07 14:00:00,2026-01-07 15:00:00,A车型,A车型,20,20,22.0,22.0,22.0,21.0,21.0,21.0,42.0,42.0,42.0,0.0,0.0,0.0,0.0,0.0,0.0,0.0,0.0,0.0,0.0,0.0,0.0,0.0,0.0,0.0,train
127,2026-01-06 15:00:00,2026-01-07 14:00:00,2026-01-07 15:00:00,2026-01-07 16:00:00,A车型,A车型,20,20,22.0,20.0,22.0,21.0,20.0,21.0,42.0,40.0,42.0,0.0,0.0,0.0,0.0,0.0,0.0,0.0,0.0,0.0,0.0,0.0,0.0,0.0,0.0,0.0,train
128,2026-01-06 16:00:00,2026-01-07 15:00:00,2026-01-07 16:00:00,2026-01-07 17:00:00,A车型,A车型,20,20,20.0,20.0,20.0,20.0,20.0,20.0,40.0,40.0,40.0,0.0,0.0,0.0,0.0,0.0,0.0,0.0,0.0,0.0,0.0,0.0,0.0,0.0,0.0,0.0,train
129,2026-01-06 17:00:00,2026-01-07 16:00:00,2026-01-07 17:00:00,2026-01-07 18:00:00,A车型,A车型,20,20,20.0,20.0,20.0,20.0,20.0,20.0,40.0,40.0,40.0,0.0,0.0,0.0,0.0,0.0,0.0,0.0,0.0,0.0,0.0,0.0,0.0,0.0,0.0,0.0,train
130,2026-01-06 18:00:00,2026-01-07 17:00:00,2026-01-07 18:00:00,2026-01-07 19:00:00,A车型,B车型,20,15,20.0,15.0,20.0,20.0,0.0,20.0,40.0,0.0,40.0,0.0,30.0,30.0,0.0,15.0,15.0,0.0,0.0,0.0,0.0,0.0,0.0,0.0,0.0,0.0,train
131,2026-01-06 19:00:00,2026-01-07 18:00:00,2026-01-07 19:00:00,2026-01-07 20:00:00,B车型,B车型,15,15,15.0,16.0,16.0,0.0,0.0,0.0,0.0,0.0,0.0,30.0,32.0,32.0,15.0,16.0,16.0,0.0,0.0,0.0,0.0,0.0,0.0,0.0,0.0,0.0,train
132,2026-01-06 20:00:00,2026-01-07 19:00:00,2026-01-07 20:00:00,2026-01-07 21:00:00,B车型,B车型,15,15,16.0,16.0,16.0,0.0,0.0,0.0,0.0,0.0,0.0,32.0,32.0,32.0,16.0,16.0,16.0,0.0,0.0,0.0,0.0,0.0,0.0,0.0,0.0,0.0,train
133,2026-01-06 21:00:00,2026-01-07 20:00:00,2026-01-07 21:00:00,2026-01-07 22:00:00,B车型,C车型,15,10,16.0,0.0,16.0,0.0,0.0,0.0,0.0,0.0,0.0,32.0,0.0,32.0,16.0,0.0,16.0,0.0,10.0,10.0,0.0,10.0,10.0,0.0,20.0,20.0,train
134,2026-01-06 22:00:00,2026-01-07 21:00:00,2026-01-07 22:00:00,2026-01-07 23:00:00,C车型,A车型,10,20,0.0,21.0,21.0,0.0,21.0,21.0,0.0,42.0,42.0,0.0,0.0,0.0,0.0,0.0,0.0,10.0,0.0,10.0,10.0,0.0,10.0,20.0,0.0,20.0,train
135,2026-01-06 23:00:00,2026-01-07 22:00:00,2026-01-07 23:00:00,2026-01-08 00:00:00,A车型,B车型,20,15,21.0,14.0,21.0,21.0,0.0,21.0,42.0,0.0,42.0,0.0,27.0,27.0,0.0,14.0,14.0,0.0,0.0,0.0,0.0,0.0,0.0,0.0,0.0,0.0,train
136,2026-01-07 00:00:00,2026-01-07 23:00:00,2026-01-08 00:00:00,2026-01-08 01:00:00,B车型,B车型,15,15,14.0,15.0,15.0,0.0,0.0,0.0,0.0,0.0,0.0,27.0,29.0,29.0,14.0,15.0,15.0,0.0,0.0,0.0,0.0,0.0,0.0,0.0,0.0,0.0,train
137,2026-01-07 01:00:00,2026-01-08 00:00:00,2026-01-08 01:00:00,2026-01-08 02:00:00,B车型,C车型,15,10,15.0,0.0,15.0,0.0,0.0,0.0,0.0,0.0,0.0,29.0,0.0,29.0,15.0,0.0,15.0,0.0,11.0,11.0,0.0,11.0,11.0,0.0,21.0,21.0,train
138,2026-01-07 02:00:00,2026-01-08 01:00:00,2026-01-08 02:00:00,2026-01-08 03:00:00,C车型,A车型,10,20,0.0,19.0,19.0,0.0,18.0,18.0,0.0,38.0,38.0,0.0,0.0,0.0,0.0,0.0,0.0,11.0,0.0,11.0,11.0,0.0,11.0,21.0,0.0,21.0,train
139,2026-01-07 03:00:00,2026-01-08 02:00:00,2026-01-08 03:00:00,2026-01-08 04:00:00,A车型,A车型,20,20,19.0,20.0,20.0,18.0,20.0,20.0,38.0,39.0,39.0,0.0,0.0,0.0,0.0,0.0,0.0,0.0,0.0,0.0,0.0,0.0,0.0,0.0,0.0,0.0,train
140,2026-01-07 04:00:00,2026-01-08 03:00:00,2026-01-08 04:00:00,2026-01-08 05:00:00,A车型,A车型,20,20,20.0,20.0,20.0,20.0,20.0,20.0,39.0,40.0,40.0,0.0,0.0,0.0,0.0,0.0,0.0,0.0,0.0,0.0,0.0,0.0,0.0,0.0,0.0,0.0,train
141,2026-01-07 05:00:00,2026-01-08 04:00:00,2026-01-08 05:00:00,2026-01-08 06:00:00,A车型,B车型,20,15,20.0,16.0,20.0,20.0,0.0,20.0,40.0,0.0,40.0,0.0,32.0,32.0,0.0,16.0,16.0,0.0,0.0,0.0,0.0,0.0,0.0,0.0,0.0,0.0,train
142,2026-01-07 06:00:00,2026-01-08 05:00:00,2026-01-08 06:00:00,2026-01-08 07:00:00,B车型,C车型,15,10,16.0,0.0,16.0,0.0,0.0,0.0,0.0,0.0,0.0,32.0,0.0,32.0,16.0,0.0,16.0,0.0,12.0,12.0,0.0,12.0,12.0,0.0,24.0,24.0,train
143,2026-01-07 07:00:00,2026-01-08 06:00:00,2026-01-08 07:00:00,2026-01-08 08:00:00,C车型,C车型,10,10,0.0,0.0,0.0,0.0,0.0,0.0,0.0,0.0,0.0,0.0,0.0,0.0,0.0,0.0,0.0,12.0,12.0,12.0,12.0,12.0,12.0,24.0,24.0,24.0,train
144,2026-01-07 08:00:00,2026-01-08 07:00:00,2026-01-08 08:00:00,2026-01-08 09:00:00,C车型,C车型,10,10,0.0,0.0,0.0,0.0,0.0,0.0,0.0,0.0,0.0,0.0,0.0,0.0,0.0,0.0,0.0,12.0,11.0,12.0,12.0,11.0,12.0,24.0,23.0,24.0,train
145,2026-01-07 09:00:00,2026-01-08 08:00:00,2026-01-08 09:00:00,2026-01-08 10:00:00,C车型,C车型,10,10,0.0,0.0,0.0,0.0,0.0,0.0,0.0,0.0,0.0,0.0,0.0,0.0,0.0,0.0,0.0,11.0,10.0,11.0,11.0,10.0,11.0,23.0,20.0,23.0,train
146,2026-01-07 10:00:00,2026-01-08 09:00:00,2026-01-08 10:00:00,2026-01-08 11:00:00,C车型,C车型,10,10,0.0,0.0,0.0,0.0,0.0,0.0,0.0,0.0,0.0,0.0,0.0,0.0,0.0,0.0,0.0,10.0,11.0,11.0,10.0,10.0,10.0,20.0,21.0,21.0,train
147,2026-01-07 11:00:00,2026-01-08 10:00:00,2026-01-08 11:00:00,2026-01-08 12:00:00,C车型,B车型,10,15,0.0,16.0,16.0,0.0,0.0,0.0,0.0,0.0,0.0,0.0,30.0,30.0,0.0,15.0,15.0,11.0,0.0,11.0,10.0,0.0,10.0,21.0,0.0,21.0,train
148,2026-01-07 12:00:00,2026-01-08 11:00:00,2026-01-08 12:00:00,2026-01-08 13:00:00,B车型,B车型,15,15,16.0,16.0,16.0,0.0,0.0,0.0,0.0,0.0,0.0,30.0,30.0,30.0,15.0,15.0,15.0,0.0,0.0,0.0,0.0,0.0,0.0,0.0,0.0,0.0,train
149,2026-01-07 13:00:00,2026-01-08 12:00:00,2026-01-08 13:00:00,2026-01-08 14:00:00,B车型,B车型,15,15,16.0,17.0,17.0,0.0,0.0,0.0,0.0,0.0,0.0,30.0,32.0,32.0,15.0,16.0,16.0,0.0,0.0,0.0,0.0,0.0,0.0,0.0,0.0,0.0,train
150,2026-01-07 14:00:00,2026-01-08 13:00:00,2026-01-08 14:00:00,2026-01-08 15:00:00,B车型,B车型,15,15,17.0,16.0,17.0,0.0,0.0,0.0,0.0,0.0,0.0,32.0,32.0,32.0,16.0,16.0,16.0,0.0,0.0,0.0,0.0,0.0,0.0,0.0,0.0,0.0,train
151,2026-01-07 15:00:00,2026-01-08 14:00:00,2026-01-08 15:00:00,2026-01-08 16:00:00,B车型,B车型,15,15,16.0,16.0,16.0,0.0,0.0,0.0,0.0,0.0,0.0,32.0,32.0,32.0,16.0,16.0,16.0,0.0,0.0,0.0,0.0,0.0,0.0,0.0,0.0,0.0,train
152,2026-01-07 16:00:00,2026-01-08 15:00:00,2026-01-08 16:00:00,2026-01-08 17:00:00,B车型,B车型,15,15,16.0,17.0,17.0,0.0,0.0,0.0,0.0,0.0,0.0,32.0,33.0,33.0,16.0,17.0,17.0,0.0,0.0,0.0,0.0,0.0,0.0,0.0,0.0,0.0,train
153,2026-01-07 17:00:00,2026-01-08 16:00:00,2026-01-08 17:00:00,2026-01-08 18:00:00,B车型,B车型,15,15,17.0,16.0,17.0,0.0,0.0,0.0,0.0,0.0,0.0,33.0,31.0,33.0,17.0,16.0,17.0,0.0,0.0,0.0,0.0,0.0,0.0,0.0,0.0,0.0,train
154,2026-01-07 18:00:00,2026-01-08 17:00:00,2026-01-08 18:00:00,2026-01-08 19:00:00,B车型,B车型,15,15,16.0,18.0,18.0,0.0,0.0,0.0,0.0,0.0,0.0,31.0,35.0,35.0,16.0,18.0,18.0,0.0,0.0,0.0,0.0,0.0,0.0,0.0,0.0,0.0,train
155,2026-01-07 19:00:00,2026-01-08 18:00:00,2026-01-08 19:00:00,2026-01-08 20:00:00,B车型,C车型,15,10,18.0,0.0,18.0,0.0,0.0,0.0,0.0,0.0,0.0,35.0,0.0,35.0,18.0,0.0,18.0,0.0,13.0,13.0,0.0,13.0,13.0,0.0,27.0,27.0,train
156,2026-01-07 20:00:00,2026-01-08 19:00:00,2026-01-08 20:00:00,2026-01-08 21:00:00,C车型,A车型,10,20,0.0,21.0,21.0,0.0,21.0,21.0,0.0,42.0,42.0,0.0,0.0,0.0,0.0,0.0,0.0,13.0,0.0,13.0,13.0,0.0,13.0,27.0,0.0,27.0,train
157,2026-01-07 21:00:00,2026-01-08 20:00:00,2026-01-08 21:00:00,2026-01-08 22:00:00,A车型,B车型,20,15,21.0,15.0,21.0,21.0,0.0,21.0,42.0,0.0,42.0,0.0,29.0,29.0,0.0,15.0,15.0,0.0,0.0,0.0,0.0,0.0,0.0,0.0,0.0,0.0,train
158,2026-01-07 22:00:00,2026-01-08 21:00:00,2026-01-08 22:00:00,2026-01-08 23:00:00,B车型,B车型,15,15,15.0,15.0,15.0,0.0,0.0,0.0,0.0,0.0,0.0,29.0,30.0,30.0,15.0,15.0,15.0,0.0,0.0,0.0,0.0,0.0,0.0,0.0,0.0,0.0,train
159,2026-01-07 23:00:00,2026-01-08 22:00:00,2026-01-08 23:00:00,2026-01-09 00:00:00,B车型,B车型,15,15,15.0,15.0,15.0,0.0,0.0,0.0,0.0,0.0,0.0,30.0,29.0,30.0,15.0,15.0,15.0,0.0,0.0,0.0,0.0,0.0,0.0,0.0,0.0,0.0,train
160,2026-01-08 00:00:00,2026-01-08 23:00:00,2026-01-09 00:00:00,2026-01-09 01:00:00,B车型,B车型,15,15,15.0,15.0,15.0,0.0,0.0,0.0,0.0,0.0,0.0,29.0,30.0,30.0,15.0,15.0,15.0,0.0,0.0,0.0,0.0,0.0,0.0,0.0,0.0,0.0,train
161,2026-01-08 01:00:00,2026-01-09 00:00:00,2026-01-09 01:00:00,2026-01-09 02:00:00,B车型,A车型,15,20,15.0,20.0,20.0,0.0,20.0,20.0,0.0,39.0,39.0,30.0,0.0,30.0,15.0,0.0,15.0,0.0,0.0,0.0,0.0,0.0,0.0,0.0,0.0,0.0,train
162,2026-01-08 02:00:00,2026-01-09 01:00:00,2026-01-09 02:00:00,2026-01-09 03:00:00,A车型,A车型,20,20,20.0,20.0,20.0,20.0,20.0,20.0,39.0,40.0,40.0,0.0,0.0,0.0,0.0,0.0,0.0,0.0,0.0,0.0,0.0,0.0,0.0,0.0,0.0,0.0,train
163,2026-01-08 03:00:00,2026-01-09 02:00:00,2026-01-09 03:00:00,2026-01-09 04:00:00,A车型,C车型,20,10,20.0,0.0,20.0,20.0,0.0,20.0,40.0,0.0,40.0,0.0,0.0,0.0,0.0,0.0,0.0,0.0,9.0,9.0,0.0,8.0,8.0,0.0,18.0,18.0,train
164,2026-01-08 04:00:00,2026-01-09 03:00:00,2026-01-09 04:00:00,2026-01-09 05:00:00,C车型,B车型,10,15,0.0,13.0,13.0,0.0,0.0,0.0,0.0,0.0,0.0,0.0,26.0,26.0,0.0,13.0,13.0,9.0,0.0,9.0,8.0,0.0,8.0,18.0,0.0,18.0,train
165,2026-01-08 05:00:00,2026-01-09 04:00:00,2026-01-09 05:00:00,2026-01-09 06:00:00,B车型,B车型,15,15,13.0,13.0,13.0,0.0,0.0,0.0,0.0,0.0,0.0,26.0,26.0,26.0,13.0,13.0,13.0,0.0,0.0,0.0,0.0,0.0,0.0,0.0,0.0,0.0,train
166,2026-01-08 06:00:00,2026-01-09 05:00:00,2026-01-09 06:00:00,2026-01-09 07:00:00,B车型,B车型,15,15,13.0,14.0,14.0,0.0,0.0,0.0,0.0,0.0,0.0,26.0,28.0,28.0,13.0,14.0,14.0,0.0,0.0,0.0,0.0,0.0,0.0,0.0,0.0,0.0,train
167,2026-01-08 07:00:00,2026-01-09 06:00:00,2026-01-09 07:00:00,2026-01-09 08:00:00,B车型,B车型,15,15,14.0,16.0,16.0,0.0,0.0,0.0,0.0,0.0,0.0,28.0,30.0,30.0,14.0,15.0,15.0,0.0,0.0,0.0,0.0,0.0,0.0,0.0,0.0,0.0,train
168,2026-01-08 08:00:00,2026-01-09 07:00:00,2026-01-09 08:00:00,2026-01-09 09:00:00,B车型,B车型,15,15,16.0,15.0,16.0,0.0,0.0,0.0,0.0,0.0,0.0,30.0,28.0,30.0,15.0,14.0,15.0,0.0,0.0,0.0,0.0,0.0,0.0,0.0,0.0,0.0,train
169,2026-01-08 09:00:00,2026-01-09 08:00:00,2026-01-09 09:00:00,2026-01-09 10:00:00,B车型,A车型,15,20,15.0,20.0,20.0,0.0,20.0,20.0,0.0,41.0,41.0,28.0,0.0,28.0,14.0,0.0,14.0,0.0,0.0,0.0,0.0,0.0,0.0,0.0,0.0,0.0,train
170,2026-01-08 10:00:00,2026-01-09 09:00:00,2026-01-09 10:00:00,2026-01-09 11:00:00,A车型,A车型,20,20,20.0,21.0,21.0,20.0,21.0,21.0,41.0,42.0,42.0,0.0,0.0,0.0,0.0,0.0,0.0,0.0,0.0,0.0,0.0,0.0,0.0,0.0,0.0,0.0,train
171,2026-01-08 11:00:00,2026-01-09 10:00:00,2026-01-09 11:00:00,2026-01-09 12:00:00,A车型,A车型,20,20,21.0,20.0,21.0,21.0,20.0,21.0,42.0,40.0,42.0,0.0,0.0,0.0,0.0,0.0,0.0,0.0,0.0,0.0,0.0,0.0,0.0,0.0,0.0,0.0,train
172,2026-01-08 12:00:00,2026-01-09 11:00:00,2026-01-09 12:00:00,2026-01-09 13:00:00,A车型,A车型,20,20,20.0,20.0,20.0,20.0,20.0,20.0,40.0,40.0,40.0,0.0,0.0,0.0,0.0,0.0,0.0,0.0,0.0,0.0,0.0,0.0,0.0,0.0,0.0,0.0,train
173,2026-01-08 13:00:00,2026-01-09 12:00:00,2026-01-09 13:00:00,2026-01-09 14:00:00,A车型,A车型,20,20,20.0,20.0,20.0,20.0,20.0,20.0,40.0,40.0,40.0,0.0,0.0,0.0,0.0,0.0,0.0,0.0,0.0,0.0,0.0,0.0,0.0,0.0,0.0,0.0,train
174,2026-01-08 14:00:00,2026-01-09 13:00:00,2026-01-09 14:00:00,2026-01-09 15:00:00,A车型,A车型,20,20,20.0,20.0,20.0,20.0,20.0,20.0,40.0,40.0,40.0,0.0,0.0,0.0,0.0,0.0,0.0,0.0,0.0,0.0,0.0,0.0,0.0,0.0,0.0,0.0,train
175,2026-01-08 15:00:00,2026-01-09 14:00:00,2026-01-09 15:00:00,2026-01-09 16:00:00,A车型,A车型,20,20,20.0,20.0,20.0,20.0,20.0,20.0,40.0,40.0,40.0,0.0,0.0,0.0,0.0,0.0,0.0,0.0,0.0,0.0,0.0,0.0,0.0,0.0,0.0,0.0,train
176,2026-01-08 16:00:00,2026-01-09 15:00:00,2026-01-09 16:00:00,2026-01-09 17:00:00,A车型,A车型,20,20,20.0,20.0,20.0,20.0,20.0,20.0,40.0,39.0,40.0,0.0,0.0,0.0,0.0,0.0,0.0,0.0,0.0,0.0,0.0,0.0,0.0,0.0,0.0,0.0,train
177,2026-01-08 17:00:00,2026-01-09 16:00:00,2026-01-09 17:00:00,2026-01-09 18:00:00,A车型,A车型,20,20,20.0,21.0,21.0,20.0,21.0,21.0,39.0,41.0,41.0,0.0,0.0,0.0,0.0,0.0,0.0,0.0,0.0,0.0,0.0,0.0,0.0,0.0,0.0,0.0,train
178,2026-01-08 18:00:00,2026-01-09 17:00:00,2026-01-09 18:00:00,2026-01-09 19:00:00,A车型,A车型,20,20,21.0,21.0,21.0,21.0,21.0,21.0,41.0,42.0,42.0,0.0,0.0,0.0,0.0,0.0,0.0,0.0,0.0,0.0,0.0,0.0,0.0,0.0,0.0,0.0,train
179,2026-01-08 19:00:00,2026-01-09 18:00:00,2026-01-09 19:00:00,2026-01-09 20:00:00,A车型,A车型,20,20,21.0,20.0,21.0,21.0,21.0,21.0,42.0,40.0,42.0,0.0,0.0,0.0,0.0,0.0,0.0,0.0,0.0,0.0,0.0,0.0,0.0,0.0,0.0,0.0,train
180,2026-01-08 20:00:00,2026-01-09 19:00:00,2026-01-09 20:00:00,2026-01-09 21:00:00,A车型,A车型,20,20,20.0,19.0,20.0,21.0,19.0,21.0,40.0,38.0,40.0,0.0,0.0,0.0,0.0,0.0,0.0,0.0,0.0,0.0,0.0,0.0,0.0,0.0,0.0,0.0,train
181,2026-01-08 21:00:00,2026-01-09 20:00:00,2026-01-09 21:00:00,2026-01-09 22:00:00,A车型,A车型,20,20,19.0,20.0,20.0,19.0,20.0,20.0,38.0,40.0,40.0,0.0,0.0,0.0,0.0,0.0,0.0,0.0,0.0,0.0,0.0,0.0,0.0,0.0,0.0,0.0,train
182,2026-01-08 22:00:00,2026-01-09 21:00:00,2026-01-09 22:00:00,2026-01-09 23:00:00,A车型,A车型,20,20,20.0,20.0,20.0,20.0,20.0,20.0,40.0,40.0,40.0,0.0,0.0,0.0,0.0,0.0,0.0,0.0,0.0,0.0,0.0,0.0,0.0,0.0,0.0,0.0,train
183,2026-01-08 23:00:00,2026-01-09 22:00:00,2026-01-09 23:00:00,2026-01-10 00:00:00,A车型,B车型,20,15,20.0,15.0,20.0,20.0,0.0,20.0,40.0,0.0,40.0,0.0,29.0,29.0,0.0,14.0,14.0,0.0,0.0,0.0,0.0,0.0,0.0,0.0,0.0,0.0,train
184,2026-01-09 00:00:00,2026-01-09 23:00:00,2026-01-10 00:00:00,2026-01-10 01:00:00,B车型,B车型,15,15,15.0,18.0,18.0,0.0,0.0,0.0,0.0,0.0,0.0,29.0,35.0,35.0,14.0,17.0,17.0,0.0,0.0,0.0,0.0,0.0,0.0,0.0,0.0,0.0,train
185,2026-01-09 01:00:00,2026-01-10 00:00:00,2026-01-10 01:00:00,2026-01-10 02:00:00,B车型,B车型,15,15,18.0,17.0,18.0,0.0,0.0,0.0,0.0,0.0,0.0,35.0,33.0,35.0,17.0,17.0,17.0,0.0,0.0,0.0,0.0,0.0,0.0,0.0,0.0,0.0,train
186,2026-01-09 02:00:00,2026-01-10 01:00:00,2026-01-10 02:00:00,2026-01-10 03:00:00,B车型,B车型,15,15,17.0,18.0,18.0,0.0,0.0,0.0,0.0,0.0,0.0,33.0,35.0,35.0,17.0,17.0,17.0,0.0,0.0,0.0,0.0,0.0,0.0,0.0,0.0,0.0,train
187,2026-01-09 03:00:00,2026-01-10 02:00:00,2026-01-10 03:00:00,2026-01-10 04:00:00,B车型,B车型,15,15,18.0,17.0,18.0,0.0,0.0,0.0,0.0,0.0,0.0,35.0,33.0,35.0,17.0,16.0,17.0,0.0,0.0,0.0,0.0,0.0,0.0,0.0,0.0,0.0,train
188,2026-01-09 04:00:00,2026-01-10 03:00:00,2026-01-10 04:00:00,2026-01-10 05:00:00,B车型,B车型,15,15,17.0,17.0,17.0,0.0,0.0,0.0,0.0,0.0,0.0,33.0,33.0,33.0,16.0,16.0,16.0,0.0,0.0,0.0,0.0,0.0,0.0,0.0,0.0,0.0,train
189,2026-01-09 05:00:00,2026-01-10 04:00:00,2026-01-10 05:00:00,2026-01-10 06:00:00,B车型,B车型,15,15,17.0,16.0,17.0,0.0,0.0,0.0,0.0,0.0,0.0,33.0,31.0,33.0,16.0,16.0,16.0,0.0,0.0,0.0,0.0,0.0,0.0,0.0,0.0,0.0,train
190,2026-01-09 06:00:00,2026-01-10 05:00:00,2026-01-10 06:00:00,2026-01-10 07:00:00,B车型,B车型,15,15,16.0,17.0,17.0,0.0,0.0,0.0,0.0,0.0,0.0,31.0,33.0,33.0,16.0,17.0,17.0,0.0,0.0,0.0,0.0,0.0,0.0,0.0,0.0,0.0,train
191,2026-01-09 07:00:00,2026-01-10 06:00:00,2026-01-10 07:00:00,2026-01-10 08:00:00,B车型,A车型,15,20,17.0,21.0,21.0,0.0,21.0,21.0,0.0,42.0,42.0,33.0,0.0,33.0,17.0,0.0,17.0,0.0,0.0,0.0,0.0,0.0,0.0,0.0,0.0,0.0,train
192,2026-01-09 08:00:00,2026-01-10 07:00:00,2026-01-10 08:00:00,2026-01-10 09:00:00,A车型,A车型,20,20,21.0,22.0,22.0,21.0,21.0,21.0,42.0,42.0,42.0,0.0,0.0,0.0,0.0,0.0,0.0,0.0,0.0,0.0,0.0,0.0,0.0,0.0,0.0,0.0,train
193,2026-01-09 09:00:00,2026-01-10 08:00:00,2026-01-10 09:00:00,2026-01-10 10:00:00,A车型,A车型,20,20,22.0,22.0,22.0,21.0,21.0,21.0,42.0,42.0,42.0,0.0,0.0,0.0,0.0,0.0,0.0,0.0,0.0,0.0,0.0,0.0,0.0,0.0,0.0,0.0,train
194,2026-01-09 10:00:00,2026-01-10 09:00:00,2026-01-10 10:00:00,2026-01-10 11:00:00,A车型,A车型,20,20,22.0,22.0,22.0,21.0,21.0,21.0,42.0,43.0,43.0,0.0,0.0,0.0,0.0,0.0,0.0,0.0,0.0,0.0,0.0,0.0,0.0,0.0,0.0,0.0,train
195,2026-01-09 11:00:00,2026-01-10 10:00:00,2026-01-10 11:00:00,2026-01-10 12:00:00,A车型,A车型,20,20,22.0,23.0,23.0,21.0,22.0,22.0,43.0,45.0,45.0,0.0,0.0,0.0,0.0,0.0,0.0,0.0,0.0,0.0,0.0,0.0,0.0,0.0,0.0,0.0,train
196,2026-01-09 12:00:00,2026-01-10 11:00:00,2026-01-10 12:00:00,2026-01-10 13:00:00,A车型,A车型,20,20,23.0,20.0,23.0,22.0,20.0,22.0,45.0,41.0,45.0,0.0,0.0,0.0,0.0,0.0,0.0,0.0,0.0,0.0,0.0,0.0,0.0,0.0,0.0,0.0,train
197,2026-01-09 13:00:00,2026-01-10 12:00:00,2026-01-10 13:00:00,2026-01-10 14:00:00,A车型,A车型,20,20,20.0,22.0,22.0,20.0,22.0,22.0,41.0,43.0,43.0,0.0,0.0,0.0,0.0,0.0,0.0,0.0,0.0,0.0,0.0,0.0,0.0,0.0,0.0,0.0,train
198,2026-01-09 14:00:00,2026-01-10 13:00:00,2026-01-10 14:00:00,2026-01-10 15:00:00,A车型,A车型,20,20,22.0,20.0,22.0,22.0,21.0,22.0,43.0,40.0,43.0,0.0,0.0,0.0,0.0,0.0,0.0,0.0,0.0,0.0,0.0,0.0,0.0,0.0,0.0,0.0,train
199,2026-01-09 15:00:00,2026-01-10 14:00:00,2026-01-10 15:00:00,2026-01-10 16:00:00,A车型,C车型,20,10,20.0,0.0,20.0,21.0,0.0,21.0,40.0,0.0,40.0,0.0,0.0,0.0,0.0,0.0,0.0,0.0,10.0,10.0,0.0,9.0,9.0,0.0,18.0,18.0,train
200,2026-01-09 16:00:00,2026-01-10 15:00:00,2026-01-10 16:00:00,2026-01-10 17:00:00,C车型,C车型,10,10,0.0,0.0,0.0,0.0,0.0,0.0,0.0,0.0,0.0,0.0,0.0,0.0,0.0,0.0,0.0,10.0,10.0,10.0,9.0,9.0,9.0,18.0,20.0,20.0,train
201,2026-01-09 17:00:00,2026-01-10 16:00:00,2026-01-10 17:00:00,2026-01-10 18:00:00,C车型,B车型,10,15,0.0,15.0,15.0,0.0,0.0,0.0,0.0,0.0,0.0,0.0,30.0,30.0,0.0,15.0,15.0,10.0,0.0,10.0,9.0,0.0,9.0,20.0,0.0,20.0,train
202,2026-01-09 18:00:00,2026-01-10 17:00:00,2026-01-10 18:00:00,2026-01-10 19:00:00,B车型,B车型,15,15,15.0,14.0,15.0,0.0,0.0,0.0,0.0,0.0,0.0,30.0,28.0,30.0,15.0,14.0,15.0,0.0,0.0,0.0,0.0,0.0,0.0,0.0,0.0,0.0,train
203,2026-01-09 19:00:00,2026-01-10 18:00:00,2026-01-10 19:00:00,2026-01-10 20:00:00,B车型,C车型,15,10,14.0,0.0,14.0,0.0,0.0,0.0,0.0,0.0,0.0,28.0,0.0,28.0,14.0,0.0,14.0,0.0,10.0,10.0,0.0,8.0,8.0,0.0,17.0,17.0,train
204,2026-01-09 20:00:00,2026-01-10 19:00:00,2026-01-10 20:00:00,2026-01-10 21:00:00,C车型,C车型,10,10,0.0,0.0,0.0,0.0,0.0,0.0,0.0,0.0,0.0,0.0,0.0,0.0,0.0,0.0,0.0,10.0,11.0,11.0,8.0,10.0,10.0,17.0,20.0,20.0,train
205,2026-01-09 21:00:00,2026-01-10 20:00:00,2026-01-10 21:00:00,2026-01-10 22:00:00,C车型,C车型,10,10,0.0,0.0,0.0,0.0,0.0,0.0,0.0,0.0,0.0,0.0,0.0,0.0,0.0,0.0,0.0,11.0,10.0,11.0,10.0,9.0,10.0,20.0,18.0,20.0,train
206,2026-01-09 22:00:00,2026-01-10 21:00:00,2026-01-10 22:00:00,2026-01-10 23:00:00,C车型,A车型,10,20,0.0,21.0,21.0,0.0,20.0,20.0,0.0,40.0,40.0,0.0,0.0,0.0,0.0,0.0,0.0,10.0,0.0,10.0,9.0,0.0,9.0,18.0,0.0,18.0,train
207,2026-01-09 23:00:00,2026-01-10 22:00:00,2026-01-10 23:00:00,2026-01-11 00:00:00,A车型,A车型,20,20,21.0,19.0,21.0,20.0,19.0,20.0,40.0,38.0,40.0,0.0,0.0,0.0,0.0,0.0,0.0,0.0,0.0,0.0,0.0,0.0,0.0,0.0,0.0,0.0,train
208,2026-01-10 00:00:00,2026-01-10 23:00:00,2026-01-11 00:00:00,2026-01-11 01:00:00,A车型,A车型,20,20,19.0,18.0,19.0,19.0,18.0,19.0,38.0,36.0,38.0,0.0,0.0,0.0,0.0,0.0,0.0,0.0,0.0,0.0,0.0,0.0,0.0,0.0,0.0,0.0,train
209,2026-01-10 01:00:00,2026-01-11 00:00:00,2026-01-11 01:00:00,2026-01-11 02:00:00,A车型,A车型,20,20,18.0,20.0,20.0,18.0,20.0,20.0,36.0,40.0,40.0,0.0,0.0,0.0,0.0,0.0,0.0,0.0,0.0,0.0,0.0,0.0,0.0,0.0,0.0,0.0,train
210,2026-01-10 02:00:00,2026-01-11 01:00:00,2026-01-11 02:00:00,2026-01-11 03:00:00,A车型,A车型,20,20,20.0,19.0,20.0,20.0,20.0,20.0,40.0,39.0,40.0,0.0,0.0,0.0,0.0,0.0,0.0,0.0,0.0,0.0,0.0,0.0,0.0,0.0,0.0,0.0,train
211,2026-01-10 03:00:00,2026-01-11 02:00:00,2026-01-11 03:00:00,2026-01-11 04:00:00,A车型,A车型,20,20,19.0,18.0,19.0,20.0,18.0,20.0,39.0,36.0,39.0,0.0,0.0,0.0,0.0,0.0,0.0,0.0,0.0,0.0,0.0,0.0,0.0,0.0,0.0,0.0,train
212,2026-01-10 04:00:00,2026-01-11 03:00:00,2026-01-11 04:00:00,2026-01-11 05:00:00,A车型,A车型,20,20,18.0,19.0,19.0,18.0,19.0,19.0,36.0,37.0,37.0,0.0,0.0,0.0,0.0,0.0,0.0,0.0,0.0,0.0,0.0,0.0,0.0,0.0,0.0,0.0,train
213,2026-01-10 05:00:00,2026-01-11 04:00:00,2026-01-11 05:00:00,2026-01-11 06:00:00,A车型,A车型,20,20,19.0,19.0,19.0,19.0,19.0,19.0,37.0,38.0,38.0,0.0,0.0,0.0,0.0,0.0,0.0,0.0,0.0,0.0,0.0,0.0,0.0,0.0,0.0,0.0,train
214,2026-01-10 06:00:00,2026-01-11 05:00:00,2026-01-11 06:00:00,2026-01-11 07:00:00,A车型,C车型,20,10,19.0,0.0,19.0,19.0,0.0,19.0,38.0,0.0,38.0,0.0,0.0,0.0,0.0,0.0,0.0,0.0,11.0,11.0,0.0,10.0,10.0,0.0,20.0,20.0,train
215,2026-01-10 07:00:00,2026-01-11 06:00:00,2026-01-11 07:00:00,2026-01-11 08:00:00,C车型,A车型,10,20,0.0,20.0,20.0,0.0,21.0,21.0,0.0,40.0,40.0,0.0,0.0,0.0,0.0,0.0,0.0,11.0,0.0,11.0,10.0,0.0,10.0,20.0,0.0,20.0,train
216,2026-01-10 08:00:00,2026-01-11 07:00:00,2026-01-11 08:00:00,2026-01-11 09:00:00,A车型,A车型,20,20,20.0,20.0,20.0,21.0,21.0,21.0,40.0,40.0,40.0,0.0,0.0,0.0,0.0,0.0,0.0,0.0,0.0,0.0,0.0,0.0,0.0,0.0,0.0,0.0,train
217,2026-01-10 09:00:00,2026-01-11 08:00:00,2026-01-11 09:00:00,2026-01-11 10:00:00,A车型,C车型,20,10,20.0,0.0,20.0,21.0,0.0,21.0,40.0,0.0,40.0,0.0,0.0,0.0,0.0,0.0,0.0,0.0,11.0,11.0,0.0,10.0,10.0,0.0,20.0,20.0,train
218,2026-01-10 10:00:00,2026-01-11 09:00:00,2026-01-11 10:00:00,2026-01-11 11:00:00,C车型,B车型,10,15,0.0,16.0,16.0,0.0,0.0,0.0,0.0,0.0,0.0,0.0,32.0,32.0,0.0,16.0,16.0,11.0,0.0,11.0,10.0,0.0,10.0,20.0,0.0,20.0,train
219,2026-01-10 11:00:00,2026-01-11 10:00:00,2026-01-11 11:00:00,2026-01-11 12:00:00,B车型,A车型,15,20,16.0,20.0,20.0,0.0,21.0,21.0,0.0,40.0,40.0,32.0,0.0,32.0,16.0,0.0,16.0,0.0,0.0,0.0,0.0,0.0,0.0,0.0,0.0,0.0,train
220,2026-01-10 12:00:00,2026-01-11 11:00:00,2026-01-11 12:00:00,2026-01-11 13:00:00,A车型,A车型,20,20,20.0,20.0,20.0,21.0,21.0,21.0,40.0,40.0,40.0,0.0,0.0,0.0,0.0,0.0,0.0,0.0,0.0,0.0,0.0,0.0,0.0,0.0,0.0,0.0,train
221,2026-01-10 13:00:00,2026-01-11 12:00:00,2026-01-11 13:00:00,2026-01-11 14:00:00,A车型,A车型,20,20,20.0,20.0,20.0,21.0,21.0,21.0,40.0,40.0,40.0,0.0,0.0,0.0,0.0,0.0,0.0,0.0,0.0,0.0,0.0,0.0,0.0,0.0,0.0,0.0,train
222,2026-01-10 14:00:00,2026-01-11 13:00:00,2026-01-11 14:00:00,2026-01-11 15:00:00,A车型,A车型,20,20,20.0,20.0,20.0,21.0,21.0,21.0,40.0,40.0,40.0,0.0,0.0,0.0,0.0,0.0,0.0,0.0,0.0,0.0,0.0,0.0,0.0,0.0,0.0,0.0,train
223,2026-01-10 15:00:00,2026-01-11 14:00:00,2026-01-11 15:00:00,2026-01-11 16:00:00,A车型,B车型,20,15,20.0,16.0,20.0,21.0,0.0,21.0,40.0,0.0,40.0,0.0,32.0,32.0,0.0,17.0,17.0,0.0,0.0,0.0,0.0,0.0,0.0,0.0,0.0,0.0,train
224,2026-01-10 16:00:00,2026-01-11 15:00:00,2026-01-11 16:00:00,2026-01-11 17:00:00,B车型,A车型,15,20,16.0,21.0,21.0,0.0,21.0,21.0,0.0,42.0,42.0,32.0,0.0,32.0,17.0,0.0,17.0,0.0,0.0,0.0,0.0,0.0,0.0,0.0,0.0,0.0,train
225,2026-01-10 17:00:00,2026-01-11 16:00:00,2026-01-11 17:00:00,2026-01-11 18:00:00,A车型,A车型,20,20,21.0,20.0,21.0,21.0,20.0,21.0,42.0,40.0,42.0,0.0,0.0,0.0,0.0,0.0,0.0,0.0,0.0,0.0,0.0,0.0,0.0,0.0,0.0,0.0,train
226,2026-01-10 18:00:00,2026-01-11 17:00:00,2026-01-11 18:00:00,2026-01-11 19:00:00,A车型,A车型,20,20,20.0,20.0,20.0,20.0,20.0,20.0,40.0,40.0,40.0,0.0,0.0,0.0,0.0,0.0,0.0,0.0,0.0,0.0,0.0,0.0,0.0,0.0,0.0,0.0,train
227,2026-01-10 19:00:00,2026-01-11 18:00:00,2026-01-11 19:00:00,2026-01-11 20:00:00,A车型,A车型,20,20,20.0,22.0,22.0,20.0,22.0,22.0,40.0,44.0,44.0,0.0,0.0,0.0,0.0,0.0,0.0,0.0,0.0,0.0,0.0,0.0,0.0,0.0,0.0,0.0,train
228,2026-01-10 20:00:00,2026-01-11 19:00:00,2026-01-11 20:00:00,2026-01-11 21:00:00,A车型,A车型,20,20,22.0,22.0,22.0,22.0,22.0,22.0,44.0,44.0,44.0,0.0,0.0,0.0,0.0,0.0,0.0,0.0,0.0,0.0,0.0,0.0,0.0,0.0,0.0,0.0,train
229,2026-01-10 21:00:00,2026-01-11 20:00:00,2026-01-11 21:00:00,2026-01-11 22:00:00,A车型,A车型,20,20,22.0,21.0,22.0,22.0,21.0,22.0,44.0,42.0,44.0,0.0,0.0,0.0,0.0,0.0,0.0,0.0,0.0,0.0,0.0,0.0,0.0,0.0,0.0,0.0,train
230,2026-01-10 22:00:00,2026-01-11 21:00:00,2026-01-11 22:00:00,2026-01-11 23:00:00,A车型,A车型,20,20,21.0,21.0,21.0,21.0,20.0,21.0,42.0,40.0,42.0,0.0,0.0,0.0,0.0,0.0,0.0,0.0,0.0,0.0,0.0,0.0,0.0,0.0,0.0,0.0,train
231,2026-01-10 23:00:00,2026-01-11 22:00:00,2026-01-11 23:00:00,2026-01-12 00:00:00,A车型,C车型,20,10,21.0,0.0,21.0,20.0,0.0,20.0,40.0,0.0,40.0,0.0,0.0,0.0,0.0,0.0,0.0,0.0,11.0,11.0,0.0,11.0,11.0,0.0,22.0,22.0,train
232,2026-01-11 00:00:00,2026-01-11 23:00:00,2026-01-12 00:00:00,2026-01-12 01:00:00,C车型,B车型,10,15,0.0,15.0,15.0,0.0,0.0,0.0,0.0,0.0,0.0,0.0,28.0,28.0,0.0,14.0,14.0,11.0,0.0,11.0,11.0,0.0,11.0,22.0,0.0,22.0,train
233,2026-01-11 01:00:00,2026-01-12 00:00:00,2026-01-12 01:00:00,2026-01-12 02:00:00,B车型,C车型,15,10,15.0,0.0,15.0,0.0,0.0,0.0,0.0,0.0,0.0,28.0,0.0,28.0,14.0,0.0,14.0,0.0,10.0,10.0,0.0,11.0,11.0,0.0,20.0,20.0,train
234,2026-01-11 02:00:00,2026-01-12 01:00:00,2026-01-12 02:00:00,2026-01-12 03:00:00,C车型,A车型,10,20,0.0,21.0,21.0,0.0,20.0,20.0,0.0,39.0,39.0,0.0,0.0,0.0,0.0,0.0,0.0,10.0,0.0,10.0,11.0,0.0,11.0,20.0,0.0,20.0,train
235,2026-01-11 03:00:00,2026-01-12 02:00:00,2026-01-12 03:00:00,2026-01-12 04:00:00,A车型,A车型,20,20,21.0,20.0,21.0,20.0,19.0,20.0,39.0,37.0,39.0,0.0,0.0,0.0,0.0,0.0,0.0,0.0,0.0,0.0,0.0,0.0,0.0,0.0,0.0,0.0,train
236,2026-01-11 04:00:00,2026-01-12 03:00:00,2026-01-12 04:00:00,2026-01-12 05:00:00,A车型,B车型,20,15,20.0,14.0,20.0,19.0,0.0,19.0,37.0,0.0,37.0,0.0,28.0,28.0,0.0,14.0,14.0,0.0,0.0,0.0,0.0,0.0,0.0,0.0,0.0,0.0,train
237,2026-01-11 05:00:00,2026-01-12 04:00:00,2026-01-12 05:00:00,2026-01-12 06:00:00,B车型,A车型,15,20,14.0,17.0,17.0,0.0,17.0,17.0,0.0,34.0,34.0,28.0,0.0,28.0,14.0,0.0,14.0,0.0,0.0,0.0,0.0,0.0,0.0,0.0,0.0,0.0,train
238,2026-01-11 06:00:00,2026-01-12 05:00:00,2026-01-12 06:00:00,2026-01-12 07:00:00,A车型,A车型,20,20,17.0,18.0,18.0,17.0,17.0,17.0,34.0,34.0,34.0,0.0,0.0,0.0,0.0,0.0,0.0,0.0,0.0,0.0,0.0,0.0,0.0,0.0,0.0,0.0,train
239,2026-01-11 07:00:00,2026-01-12 06:00:00,2026-01-12 07:00:00,2026-01-12 08:00:00,A车型,A车型,20,20,18.0,18.0,18.0,17.0,17.0,17.0,34.0,36.0,36.0,0.0,0.0,0.0,0.0,0.0,0.0,0.0,0.0,0.0,0.0,0.0,0.0,0.0,0.0,0.0,train
240,2026-01-11 08:00:00,2026-01-12 07:00:00,2026-01-12 08:00:00,2026-01-12 09:00:00,A车型,A车型,20,20,18.0,18.0,18.0,17.0,18.0,18.0,36.0,36.0,36.0,0.0,0.0,0.0,0.0,0.0,0.0,0.0,0.0,0.0,0.0,0.0,0.0,0.0,0.0,0.0,train
241,2026-01-11 09:00:00,2026-01-12 08:00:00,2026-01-12 09:00:00,2026-01-12 10:00:00,A车型,A车型,20,20,18.0,20.0,20.0,18.0,21.0,21.0,36.0,41.0,41.0,0.0,0.0,0.0,0.0,0.0,0.0,0.0,0.0,0.0,0.0,0.0,0.0,0.0,0.0,0.0,train
242,2026-01-11 10:00:00,2026-01-12 09:00:00,2026-01-12 10:00:00,2026-01-12 11:00:00,A车型,B车型,20,15,20.0,14.0,20.0,21.0,0.0,21.0,41.0,0.0,41.0,0.0,28.0,28.0,0.0,14.0,14.0,0.0,0.0,0.0,0.0,0.0,0.0,0.0,0.0,0.0,train
243,2026-01-11 11:00:00,2026-01-12 10:00:00,2026-01-12 11:00:00,2026-01-12 12:00:00,B车型,B车型,15,15,14.0,14.0,14.0,0.0,0.0,0.0,0.0,0.0,0.0,28.0,28.0,28.0,14.0,14.0,14.0,0.0,0.0,0.0,0.0,0.0,0.0,0.0,0.0,0.0,train
244,2026-01-11 12:00:00,2026-01-12 11:00:00,2026-01-12 12:00:00,2026-01-12 13:00:00,B车型,A车型,15,20,14.0,19.0,19.0,0.0,19.0,19.0,0.0,38.0,38.0,28.0,0.0,28.0,14.0,0.0,14.0,0.0,0.0,0.0,0.0,0.0,0.0,0.0,0.0,0.0,train
245,2026-01-11 13:00:00,2026-01-12 12:00:00,2026-01-12 13:00:00,2026-01-12 14:00:00,A车型,A车型,20,20,19.0,21.0,21.0,19.0,21.0,21.0,38.0,42.0,42.0,0.0,0.0,0.0,0.0,0.0,0.0,0.0,0.0,0.0,0.0,0.0,0.0,0.0,0.0,0.0,train
246,2026-01-11 14:00:00,2026-01-12 13:00:00,2026-01-12 14:00:00,2026-01-12 15:00:00,A车型,C车型,20,10,21.0,0.0,21.0,21.0,0.0,21.0,42.0,0.0,42.0,0.0,0.0,0.0,0.0,0.0,0.0,0.0,9.0,9.0,0.0,10.0,10.0,0.0,18.0,18.0,train
247,2026-01-11 15:00:00,2026-01-12 14:00:00,2026-01-12 15:00:00,2026-01-12 16:00:00,C车型,A车型,10,20,0.0,21.0,21.0,0.0,21.0,21.0,0.0,42.0,42.0,0.0,0.0,0.0,0.0,0.0,0.0,9.0,0.0,9.0,10.0,0.0,10.0,18.0,0.0,18.0,train
248,2026-01-11 16:00:00,2026-01-12 15:00:00,2026-01-12 16:00:00,2026-01-12 17:00:00,A车型,A车型,20,20,21.0,20.0,21.0,21.0,20.0,21.0,42.0,40.0,42.0,0.0,0.0,0.0,0.0,0.0,0.0,0.0,0.0,0.0,0.0,0.0,0.0,0.0,0.0,0.0,train
249,2026-01-11 17:00:00,2026-01-12 16:00:00,2026-01-12 17:00:00,2026-01-12 18:00:00,A车型,A车型,20,20,20.0,19.0,20.0,20.0,19.0,20.0,40.0,38.0,40.0,0.0,0.0,0.0,0.0,0.0,0.0,0.0,0.0,0.0,0.0,0.0,0.0,0.0,0.0,0.0,train
250,2026-01-11 18:00:00,2026-01-12 17:00:00,2026-01-12 18:00:00,2026-01-12 19:00:00,A车型,B车型,20,15,19.0,15.0,19.0,19.0,0.0,19.0,38.0,0.0,38.0,0.0,30.0,30.0,0.0,15.0,15.0,0.0,0.0,0.0,0.0,0.0,0.0,0.0,0.0,0.0,train
251,2026-01-11 19:00:00,2026-01-12 18:00:00,2026-01-12 19:00:00,2026-01-12 20:00:00,B车型,C车型,15,10,15.0,0.0,15.0,0.0,0.0,0.0,0.0,0.0,0.0,30.0,0.0,30.0,15.0,0.0,15.0,0.0,10.0,10.0,0.0,11.0,11.0,0.0,20.0,20.0,train
252,2026-01-11 20:00:00,2026-01-12 19:00:00,2026-01-12 20:00:00,2026-01-12 21:00:00,C车型,C车型,10,10,0.0,0.0,0.0,0.0,0.0,0.0,0.0,0.0,0.0,0.0,0.0,0.0,0.0,0.0,0.0,10.0,10.0,10.0,11.0,10.0,11.0,20.0,20.0,20.0,train
253,2026-01-11 21:00:00,2026-01-12 20:00:00,2026-01-12 21:00:00,2026-01-12 22:00:00,C车型,C车型,10,10,0.0,0.0,0.0,0.0,0.0,0.0,0.0,0.0,0.0,0.0,0.0,0.0,0.0,0.0,0.0,10.0,10.0,10.0,10.0,10.0,10.0,20.0,20.0,20.0,train
254,2026-01-11 22:00:00,2026-01-12 21:00:00,2026-01-12 22:00:00,2026-01-12 23:00:00,C车型,C车型,10,10,0.0,0.0,0.0,0.0,0.0,0.0,0.0,0.0,0.0,0.0,0.0,0.0,0.0,0.0,0.0,10.0,9.0,10.0,10.0,10.0,10.0,20.0,18.0,20.0,train
255,2026-01-11 23:00:00,2026-01-12 22:00:00,2026-01-12 23:00:00,2026-01-13 00:00:00,C车型,A车型,10,20,0.0,19.0,19.0,0.0,18.0,18.0,0.0,37.0,37.0,0.0,0.0,0.0,0.0,0.0,0.0,9.0,0.0,9.0,10.0,0.0,10.0,18.0,0.0,18.0,train
256,2026-01-12 00:00:00,2026-01-12 23:00:00,2026-01-13 00:00:00,2026-01-13 01:00:00,A车型,C车型,20,10,19.0,0.0,19.0,18.0,0.0,18.0,37.0,0.0,37.0,0.0,0.0,0.0,0.0,0.0,0.0,0.0,10.0,10.0,0.0,10.0,10.0,0.0,20.0,20.0,train
257,2026-01-12 01:00:00,2026-01-13 00:00:00,2026-01-13 01:00:00,2026-01-13 02:00:00,C车型,C车型,10,10,0.0,0.0,0.0,0.0,0.0,0.0,0.0,0.0,0.0,0.0,0.0,0.0,0.0,0.0,0.0,10.0,11.0,11.0,10.0,11.0,11.0,20.0,21.0,21.0,train
258,2026-01-12 02:00:00,2026-01-13 01:00:00,2026-01-13 02:00:00,2026-01-13 03:00:00,C车型,B车型,10,15,0.0,14.0,14.0,0.0,0.0,0.0,0.0,0.0,0.0,0.0,28.0,28.0,0.0,14.0,14.0,11.0,0.0,11.0,11.0,0.0,11.0,21.0,0.0,21.0,train
259,2026-01-12 03:00:00,2026-01-13 02:00:00,2026-01-13 03:00:00,2026-01-13 04:00:00,B车型,C车型,15,10,14.0,0.0,14.0,0.0,0.0,0.0,0.0,0.0,0.0,28.0,0.0,28.0,14.0,0.0,14.0,0.0,11.0,11.0,0.0,11.0,11.0,0.0,22.0,22.0,train
260,2026-01-12 04:00:00,2026-01-13 03:00:00,2026-01-13 04:00:00,2026-01-13 05:00:00,C车型,C车型,10,10,0.0,0.0,0.0,0.0,0.0,0.0,0.0,0.0,0.0,0.0,0.0,0.0,0.0,0.0,0.0,11.0,9.0,11.0,11.0,9.0,11.0,22.0,18.0,22.0,train
261,2026-01-12 05:00:00,2026-01-13 04:00:00,2026-01-13 05:00:00,2026-01-13 06:00:00,C车型,C车型,10,10,0.0,0.0,0.0,0.0,0.0,0.0,0.0,0.0,0.0,0.0,0.0,0.0,0.0,0.0,0.0,9.0,9.0,9.0,9.0,8.0,9.0,18.0,18.0,18.0,train
262,2026-01-12 06:00:00,2026-01-13 05:00:00,2026-01-13 06:00:00,2026-01-13 07:00:00,C车型,A车型,10,20,0.0,20.0,20.0,0.0,19.0,19.0,0.0,39.0,39.0,0.0,0.0,0.0,0.0,0.0,0.0,9.0,0.0,9.0,8.0,0.0,8.0,18.0,0.0,18.0,train
263,2026-01-12 07:00:00,2026-01-13 06:00:00,2026-01-13 07:00:00,2026-01-13 08:00:00,A车型,B车型,20,15,20.0,16.0,20.0,19.0,0.0,19.0,39.0,0.0,39.0,0.0,32.0,32.0,0.0,16.0,16.0,0.0,0.0,0.0,0.0,0.0,0.0,0.0,0.0,0.0,train
264,2026-01-12 08:00:00,2026-01-13 07:00:00,2026-01-13 08:00:00,2026-01-13 09:00:00,B车型,B车型,15,15,16.0,15.0,16.0,0.0,0.0,0.0,0.0,0.0,0.0,32.0,30.0,32.0,16.0,15.0,16.0,0.0,0.0,0.0,0.0,0.0,0.0,0.0,0.0,0.0,train
265,2026-01-12 09:00:00,2026-01-13 08:00:00,2026-01-13 09:00:00,2026-01-13 10:00:00,B车型,B车型,15,15,15.0,15.0,15.0,0.0,0.0,0.0,0.0,0.0,0.0,30.0,29.0,30.0,15.0,15.0,15.0,0.0,0.0,0.0,0.0,0.0,0.0,0.0,0.0,0.0,train
266,2026-01-12 10:00:00,2026-01-13 09:00:00,2026-01-13 10:00:00,2026-01-13 11:00:00,B车型,B车型,15,15,15.0,15.0,15.0,0.0,0.0,0.0,0.0,0.0,0.0,29.0,29.0,29.0,15.0,15.0,15.0,0.0,0.0,0.0,0.0,0.0,0.0,0.0,0.0,0.0,train
267,2026-01-12 11:00:00,2026-01-13 10:00:00,2026-01-13 11:00:00,2026-01-13 12:00:00,B车型,B车型,15,15,15.0,14.0,15.0,0.0,0.0,0.0,0.0,0.0,0.0,29.0,28.0,29.0,15.0,14.0,15.0,0.0,0.0,0.0,0.0,0.0,0.0,0.0,0.0,0.0,train
268,2026-01-12 12:00:00,2026-01-13 11:00:00,2026-01-13 12:00:00,2026-01-13 13:00:00,B车型,B车型,15,15,14.0,15.0,15.0,0.0,0.0,0.0,0.0,0.0,0.0,28.0,30.0,30.0,14.0,15.0,15.0,0.0,0.0,0.0,0.0,0.0,0.0,0.0,0.0,0.0,train
269,2026-01-12 13:00:00,2026-01-13 12:00:00,2026-01-13 13:00:00,2026-01-13 14:00:00,B车型,B车型,15,15,15.0,16.0,16.0,0.0,0.0,0.0,0.0,0.0,0.0,30.0,32.0,32.0,15.0,16.0,16.0,0.0,0.0,0.0,0.0,0.0,0.0,0.0,0.0,0.0,train
270,2026-01-12 14:00:00,2026-01-13 13:00:00,2026-01-13 14:00:00,2026-01-13 15:00:00,B车型,C车型,15,10,16.0,0.0,16.0,0.0,0.0,0.0,0.0,0.0,0.0,32.0,0.0,32.0,16.0,0.0,16.0,0.0,10.0,10.0,0.0,10.0,10.0,0.0,21.0,21.0,train
271,2026-01-12 15:00:00,2026-01-13 14:00:00,2026-01-13 15:00:00,2026-01-13 16:00:00,C车型,C车型,10,10,0.0,0.0,0.0,0.0,0.0,0.0,0.0,0.0,0.0,0.0,0.0,0.0,0.0,0.0,0.0,10.0,11.0,11.0,10.0,11.0,11.0,21.0,22.0,22.0,train
272,2026-01-12 16:00:00,2026-01-13 15:00:00,2026-01-13 16:00:00,2026-01-13 17:00:00,C车型,C车型,10,10,0.0,0.0,0.0,0.0,0.0,0.0,0.0,0.0,0.0,0.0,0.0,0.0,0.0,0.0,0.0,11.0,11.0,11.0,11.0,11.0,11.0,22.0,22.0,22.0,train
273,2026-01-12 17:00:00,2026-01-13 16:00:00,2026-01-13 17:00:00,2026-01-13 18:00:00,C车型,C车型,10,10,0.0,0.0,0.0,0.0,0.0,0.0,0.0,0.0,0.0,0.0,0.0,0.0,0.0,0.0,0.0,11.0,11.0,11.0,11.0,12.0,12.0,22.0,22.0,22.0,train
274,2026-01-12 18:00:00,2026-01-13 17:00:00,2026-01-13 18:00:00,2026-01-13 19:00:00,C车型,B车型,10,15,0.0,16.0,16.0,0.0,0.0,0.0,0.0,0.0,0.0,0.0,32.0,32.0,0.0,16.0,16.0,11.0,0.0,11.0,12.0,0.0,12.0,22.0,0.0,22.0,train
275,2026-01-12 19:00:00,2026-01-13 18:00:00,2026-01-13 19:00:00,2026-01-13 20:00:00,B车型,C车型,15,10,16.0,0.0,16.0,0.0,0.0,0.0,0.0,0.0,0.0,32.0,0.0,32.0,16.0,0.0,16.0,0.0,10.0,10.0,0.0,10.0,10.0,0.0,20.0,20.0,train
276,2026-01-12 20:00:00,2026-01-13 19:00:00,2026-01-13 20:00:00,2026-01-13 21:00:00,C车型,C车型,10,10,0.0,0.0,0.0,0.0,0.0,0.0,0.0,0.0,0.0,0.0,0.0,0.0,0.0,0.0,0.0,10.0,10.0,10.0,10.0,11.0,11.0,20.0,21.0,21.0,train
277,2026-01-12 21:00:00,2026-01-13 20:00:00,2026-01-13 21:00:00,2026-01-13 22:00:00,C车型,C车型,10,10,0.0,0.0,0.0,0.0,0.0,0.0,0.0,0.0,0.0,0.0,0.0,0.0,0.0,0.0,0.0,10.0,10.0,10.0,11.0,11.0,11.0,21.0,20.0,21.0,train
278,2026-01-12 22:00:00,2026-01-13 21:00:00,2026-01-13 22:00:00,2026-01-13 23:00:00,C车型,C车型,10,10,0.0,0.0,0.0,0.0,0.0,0.0,0.0,0.0,0.0,0.0,0.0,0.0,0.0,0.0,0.0,10.0,11.0,11.0,11.0,12.0,12.0,20.0,22.0,22.0,train
279,2026-01-12 23:00:00,2026-01-13 22:00:00,2026-01-13 23:00:00,2026-01-14 00:00:00,C车型,C车型,10,10,0.0,0.0,0.0,0.0,0.0,0.0,0.0,0.0,0.0,0.0,0.0,0.0,0.0,0.0,0.0,11.0,10.0,11.0,12.0,11.0,12.0,22.0,20.0,22.0,train
280,2026-01-13 00:00:00,2026-01-13 23:00:00,2026-01-14 00:00:00,2026-01-14 01:00:00,C车型,C车型,10,10,0.0,0.0,0.0,0.0,0.0,0.0,0.0,0.0,0.0,0.0,0.0,0.0,0.0,0.0,0.0,10.0,10.0,10.0,11.0,10.0,11.0,20.0,20.0,20.0,train
281,2026-01-13 01:00:00,2026-01-14 00:00:00,2026-01-14 01:00:00,2026-01-14 02:00:00,C车型,B车型,10,15,0.0,16.0,16.0,0.0,0.0,0.0,0.0,0.0,0.0,0.0,31.0,31.0,0.0,16.0,16.0,10.0,0.0,10.0,10.0,0.0,10.0,20.0,0.0,20.0,train
282,2026-01-13 02:00:00,2026-01-14 01:00:00,2026-01-14 02:00:00,2026-01-14 03:00:00,B车型,C车型,15,10,16.0,0.0,16.0,0.0,0.0,0.0,0.0,0.0,0.0,31.0,0.0,31.0,16.0,0.0,16.0,0.0,10.0,10.0,0.0,10.0,10.0,0.0,20.0,20.0,train
283,2026-01-13 03:00:00,2026-01-14 02:00:00,2026-01-14 03:00:00,2026-01-14 04:00:00,C车型,C车型,10,10,0.0,0.0,0.0,0.0,0.0,0.0,0.0,0.0,0.0,0.0,0.0,0.0,0.0,0.0,0.0,10.0,10.0,10.0,10.0,10.0,10.0,20.0,20.0,20.0,train
284,2026-01-13 04:00:00,2026-01-14 03:00:00,2026-01-14 04:00:00,2026-01-14 05:00:00,C车型,B车型,10,15,0.0,15.0,15.0,0.0,0.0,0.0,0.0,0.0,0.0,0.0,30.0,30.0,0.0,16.0,16.0,10.0,0.0,10.0,10.0,0.0,10.0,20.0,0.0,20.0,train
285,2026-01-13 05:00:00,2026-01-14 04:00:00,2026-01-14 05:00:00,2026-01-14 06:00:00,B车型,A车型,15,20,15.0,20.0,20.0,0.0,20.0,20.0,0.0,39.0,39.0,30.0,0.0,30.0,16.0,0.0,16.0,0.0,0.0,0.0,0.0,0.0,0.0,0.0,0.0,0.0,train
286,2026-01-13 06:00:00,2026-01-14 05:00:00,2026-01-14 06:00:00,2026-01-14 07:00:00,A车型,A车型,20,20,20.0,20.0,20.0,20.0,20.0,20.0,39.0,39.0,39.0,0.0,0.0,0.0,0.0,0.0,0.0,0.0,0.0,0.0,0.0,0.0,0.0,0.0,0.0,0.0,train
287,2026-01-13 07:00:00,2026-01-14 06:00:00,2026-01-14 07:00:00,2026-01-14 08:00:00,A车型,A车型,20,20,20.0,22.0,22.0,20.0,22.0,22.0,39.0,44.0,44.0,0.0,0.0,0.0,0.0,0.0,0.0,0.0,0.0,0.0,0.0,0.0,0.0,0.0,0.0,0.0,train
288,2026-01-13 08:00:00,2026-01-14 07:00:00,2026-01-14 08:00:00,2026-01-14 09:00:00,A车型,C车型,20,10,22.0,0.0,22.0,22.0,0.0,22.0,44.0,0.0,44.0,0.0,0.0,0.0,0.0,0.0,0.0,0.0,12.0,12.0,0.0,13.0,13.0,0.0,24.0,24.0,train
289,2026-01-13 09:00:00,2026-01-14 08:00:00,2026-01-14 09:00:00,2026-01-14 10:00:00,C车型,B车型,10,15,0.0,18.0,18.0,0.0,0.0,0.0,0.0,0.0,0.0,0.0,36.0,36.0,0.0,19.0,19.0,12.0,0.0,12.0,13.0,0.0,13.0,24.0,0.0,24.0,train
290,2026-01-13 10:00:00,2026-01-14 09:00:00,2026-01-14 10:00:00,2026-01-14 11:00:00,B车型,B车型,15,15,18.0,17.0,18.0,0.0,0.0,0.0,0.0,0.0,0.0,36.0,34.0,36.0,19.0,18.0,19.0,0.0,0.0,0.0,0.0,0.0,0.0,0.0,0.0,0.0,train
291,2026-01-13 11:00:00,2026-01-14 10:00:00,2026-01-14 11:00:00,2026-01-14 12:00:00,B车型,B车型,15,15,17.0,17.0,17.0,0.0,0.0,0.0,0.0,0.0,0.0,34.0,34.0,34.0,18.0,17.0,18.0,0.0,0.0,0.0,0.0,0.0,0.0,0.0,0.0,0.0,train
292,2026-01-13 12:00:00,2026-01-14 11:00:00,2026-01-14 12:00:00,2026-01-14 13:00:00,B车型,B车型,15,15,17.0,16.0,17.0,0.0,0.0,0.0,0.0,0.0,0.0,34.0,32.0,34.0,17.0,16.0,17.0,0.0,0.0,0.0,0.0,0.0,0.0,0.0,0.0,0.0,train
293,2026-01-13 13:00:00,2026-01-14 12:00:00,2026-01-14 13:00:00,2026-01-14 14:00:00,B车型,C车型,15,10,16.0,0.0,16.0,0.0,0.0,0.0,0.0,0.0,0.0,32.0,0.0,32.0,16.0,0.0,16.0,0.0,13.0,13.0,0.0,12.0,12.0,0.0,25.0,25.0,train
294,2026-01-13 14:00:00,2026-01-14 13:00:00,2026-01-14 14:00:00,2026-01-14 15:00:00,C车型,B车型,10,15,0.0,16.0,16.0,0.0,0.0,0.0,0.0,0.0,0.0,0.0,32.0,32.0,0.0,16.0,16.0,13.0,0.0,13.0,12.0,0.0,12.0,25.0,0.0,25.0,train
295,2026-01-13 15:00:00,2026-01-14 14:00:00,2026-01-14 15:00:00,2026-01-14 16:00:00,B车型,C车型,15,10,16.0,0.0,16.0,0.0,0.0,0.0,0.0,0.0,0.0,32.0,0.0,32.0,16.0,0.0,16.0,0.0,12.0,12.0,0.0,11.0,11.0,0.0,22.0,22.0,train
296,2026-01-13 16:00:00,2026-01-14 15:00:00,2026-01-14 16:00:00,2026-01-14 17:00:00,C车型,C车型,10,10,0.0,0.0,0.0,0.0,0.0,0.0,0.0,0.0,0.0,0.0,0.0,0.0,0.0,0.0,0.0,12.0,11.0,12.0,11.0,11.0,11.0,22.0,22.0,22.0,train
297,2026-01-13 17:00:00,2026-01-14 16:00:00,2026-01-14 17:00:00,2026-01-14 18:00:00,C车型,C车型,10,10,0.0,0.0,0.0,0.0,0.0,0.0,0.0,0.0,0.0,0.0,0.0,0.0,0.0,0.0,0.0,11.0,10.0,11.0,11.0,10.0,11.0,22.0,20.0,22.0,train
298,2026-01-13 18:00:00,2026-01-14 17:00:00,2026-01-14 18:00:00,2026-01-14 19:00:00,C车型,C车型,10,10,0.0,0.0,0.0,0.0,0.0,0.0,0.0,0.0,0.0,0.0,0.0,0.0,0.0,0.0,0.0,10.0,12.0,12.0,10.0,12.0,12.0,20.0,24.0,24.0,train
299,2026-01-13 19:00:00,2026-01-14 18:00:00,2026-01-14 19:00:00,2026-01-14 20:00:00,C车型,C车型,10,10,0.0,0.0,0.0,0.0,0.0,0.0,0.0,0.0,0.0,0.0,0.0,0.0,0.0,0.0,0.0,12.0,10.0,12.0,12.0,10.0,12.0,24.0,20.0,24.0,train
300,2026-01-13 20:00:00,2026-01-14 19:00:00,2026-01-14 20:00:00,2026-01-14 21:00:00,C车型,C车型,10,10,0.0,0.0,0.0,0.0,0.0,0.0,0.0,0.0,0.0,0.0,0.0,0.0,0.0,0.0,0.0,10.0,10.0,10.0,10.0,9.0,10.0,20.0,18.0,20.0,train
301,2026-01-13 21:00:00,2026-01-14 20:00:00,2026-01-14 21:00:00,2026-01-14 22:00:00,C车型,C车型,10,10,0.0,0.0,0.0,0.0,0.0,0.0,0.0,0.0,0.0,0.0,0.0,0.0,0.0,0.0,0.0,10.0,11.0,11.0,9.0,10.0,10.0,18.0,20.0,20.0,train
302,2026-01-13 22:00:00,2026-01-14 21:00:00,2026-01-14 22:00:00,2026-01-14 23:00:00,C车型,C车型,10,10,0.0,0.0,0.0,0.0,0.0,0.0,0.0,0.0,0.0,0.0,0.0,0.0,0.0,0.0,0.0,11.0,12.0,12.0,10.0,11.0,11.0,20.0,22.0,22.0,train
303,2026-01-13 23:00:00,2026-01-14 22:00:00,2026-01-14 23:00:00,2026-01-15 00:00:00,C车型,B车型,10,15,0.0,16.0,16.0,0.0,0.0,0.0,0.0,0.0,0.0,0.0,32.0,32.0,0.0,16.0,16.0,12.0,0.0,12.0,11.0,0.0,11.0,22.0,0.0,22.0,train
304,2026-01-14 00:00:00,2026-01-14 23:00:00,2026-01-15 00:00:00,2026-01-15 01:00:00,B车型,A车型,15,20,16.0,20.0,20.0,0.0,20.0,20.0,0.0,39.0,39.0,32.0,0.0,32.0,16.0,0.0,16.0,0.0,0.0,0.0,0.0,0.0,0.0,0.0,0.0,0.0,train
305,2026-01-14 01:00:00,2026-01-15 00:00:00,2026-01-15 01:00:00,2026-01-15 02:00:00,A车型,B车型,20,15,20.0,16.0,20.0,20.0,0.0,20.0,39.0,0.0,39.0,0.0,30.0,30.0,0.0,14.0,14.0,0.0,0.0,0.0,0.0,0.0,0.0,0.0,0.0,0.0,train
306,2026-01-14 02:00:00,2026-01-15 01:00:00,2026-01-15 02:00:00,2026-01-15 03:00:00,B车型,B车型,15,15,16.0,15.0,16.0,0.0,0.0,0.0,0.0,0.0,0.0,30.0,28.0,30.0,14.0,13.0,14.0,0.0,0.0,0.0,0.0,0.0,0.0,0.0,0.0,0.0,train
307,2026-01-14 03:00:00,2026-01-15 02:00:00,2026-01-15 03:00:00,2026-01-15 04:00:00,B车型,B车型,15,15,15.0,14.0,15.0,0.0,0.0,0.0,0.0,0.0,0.0,28.0,28.0,28.0,13.0,14.0,14.0,0.0,0.0,0.0,0.0,0.0,0.0,0.0,0.0,0.0,train
308,2026-01-14 04:00:00,2026-01-15 03:00:00,2026-01-15 04:00:00,2026-01-15 05:00:00,B车型,C车型,15,10,14.0,0.0,14.0,0.0,0.0,0.0,0.0,0.0,0.0,28.0,0.0,28.0,14.0,0.0,14.0,0.0,9.0,9.0,0.0,9.0,9.0,0.0,18.0,18.0,train
309,2026-01-14 05:00:00,2026-01-15 04:00:00,2026-01-15 05:00:00,2026-01-15 06:00:00,C车型,C车型,10,10,0.0,0.0,0.0,0.0,0.0,0.0,0.0,0.0,0.0,0.0,0.0,0.0,0.0,0.0,0.0,9.0,10.0,10.0,9.0,10.0,10.0,18.0,20.0,20.0,train
310,2026-01-14 06:00:00,2026-01-15 05:00:00,2026-01-15 06:00:00,2026-01-15 07:00:00,C车型,A车型,10,20,0.0,21.0,21.0,0.0,20.0,20.0,0.0,40.0,40.0,0.0,0.0,0.0,0.0,0.0,0.0,10.0,0.0,10.0,10.0,0.0,10.0,20.0,0.0,20.0,train
311,2026-01-14 07:00:00,2026-01-15 06:00:00,2026-01-15 07:00:00,2026-01-15 08:00:00,A车型,A车型,20,20,21.0,21.0,21.0,20.0,21.0,21.0,40.0,40.0,40.0,0.0,0.0,0.0,0.0,0.0,0.0,0.0,0.0,0.0,0.0,0.0,0.0,0.0,0.0,0.0,train
312,2026-01-14 08:00:00,2026-01-15 07:00:00,2026-01-15 08:00:00,2026-01-15 09:00:00,A车型,A车型,20,20,21.0,20.0,21.0,21.0,20.0,21.0,40.0,40.0,40.0,0.0,0.0,0.0,0.0,0.0,0.0,0.0,0.0,0.0,0.0,0.0,0.0,0.0,0.0,0.0,train
313,2026-01-14 09:00:00,2026-01-15 08:00:00,2026-01-15 09:00:00,2026-01-15 10:00:00,A车型,A车型,20,20,20.0,22.0,22.0,20.0,21.0,21.0,40.0,42.0,42.0,0.0,0.0,0.0,0.0,0.0,0.0,0.0,0.0,0.0,0.0,0.0,0.0,0.0,0.0,0.0,train
314,2026-01-14 10:00:00,2026-01-15 09:00:00,2026-01-15 10:00:00,2026-01-15 11:00:00,A车型,A车型,20,20,22.0,20.0,22.0,21.0,20.0,21.0,42.0,40.0,42.0,0.0,0.0,0.0,0.0,0.0,0.0,0.0,0.0,0.0,0.0,0.0,0.0,0.0,0.0,0.0,train
315,2026-01-14 11:00:00,2026-01-15 10:00:00,2026-01-15 11:00:00,2026-01-15 12:00:00,A车型,A车型,20,20,20.0,19.0,20.0,20.0,19.0,20.0,40.0,38.0,40.0,0.0,0.0,0.0,0.0,0.0,0.0,0.0,0.0,0.0,0.0,0.0,0.0,0.0,0.0,0.0,train
316,2026-01-14 12:00:00,2026-01-15 11:00:00,2026-01-15 12:00:00,2026-01-15 13:00:00,A车型,A车型,20,20,19.0,20.0,20.0,19.0,20.0,20.0,38.0,40.0,40.0,0.0,0.0,0.0,0.0,0.0,0.0,0.0,0.0,0.0,0.0,0.0,0.0,0.0,0.0,0.0,train
317,2026-01-14 13:00:00,2026-01-15 12:00:00,2026-01-15 13:00:00,2026-01-15 14:00:00,A车型,A车型,20,20,20.0,22.0,22.0,20.0,21.0,21.0,40.0,43.0,43.0,0.0,0.0,0.0,0.0,0.0,0.0,0.0,0.0,0.0,0.0,0.0,0.0,0.0,0.0,0.0,train
318,2026-01-14 14:00:00,2026-01-15 13:00:00,2026-01-15 14:00:00,2026-01-15 15:00:00,A车型,C车型,20,10,22.0,0.0,22.0,21.0,0.0,21.0,43.0,0.0,43.0,0.0,0.0,0.0,0.0,0.0,0.0,0.0,11.0,11.0,0.0,10.0,10.0,0.0,20.0,20.0,train
319,2026-01-14 15:00:00,2026-01-15 14:00:00,2026-01-15 15:00:00,2026-01-15 16:00:00,C车型,C车型,10,10,0.0,0.0,0.0,0.0,0.0,0.0,0.0,0.0,0.0,0.0,0.0,0.0,0.0,0.0,0.0,11.0,9.0,11.0,10.0,8.0,10.0,20.0,18.0,20.0,train
320,2026-01-14 16:00:00,2026-01-15 15:00:00,2026-01-15 16:00:00,2026-01-15 17:00:00,C车型,A车型,10,20,0.0,21.0,21.0,0.0,20.0,20.0,0.0,40.0,40.0,0.0,0.0,0.0,0.0,0.0,0.0,9.0,0.0,9.0,8.0,0.0,8.0,18.0,0.0,18.0,train
321,2026-01-14 17:00:00,2026-01-15 16:00:00,2026-01-15 17:00:00,2026-01-15 18:00:00,A车型,A车型,20,20,21.0,20.0,21.0,20.0,19.0,20.0,40.0,39.0,40.0,0.0,0.0,0.0,0.0,0.0,0.0,0.0,0.0,0.0,0.0,0.0,0.0,0.0,0.0,0.0,train
322,2026-01-14 18:00:00,2026-01-15 17:00:00,2026-01-15 18:00:00,2026-01-15 19:00:00,A车型,A车型,20,20,20.0,19.0,20.0,19.0,18.0,19.0,39.0,36.0,39.0,0.0,0.0,0.0,0.0,0.0,0.0,0.0,0.0,0.0,0.0,0.0,0.0,0.0,0.0,0.0,train
323,2026-01-14 19:00:00,2026-01-15 18:00:00,2026-01-15 19:00:00,2026-01-15 20:00:00,A车型,B车型,20,15,19.0,13.0,19.0,18.0,0.0,18.0,36.0,0.0,36.0,0.0,26.0,26.0,0.0,13.0,13.0,0.0,0.0,0.0,0.0,0.0,0.0,0.0,0.0,0.0,train
324,2026-01-14 20:00:00,2026-01-15 19:00:00,2026-01-15 20:00:00,2026-01-15 21:00:00,B车型,B车型,15,15,13.0,13.0,13.0,0.0,0.0,0.0,0.0,0.0,0.0,26.0,26.0,26.0,13.0,13.0,13.0,0.0,0.0,0.0,0.0,0.0,0.0,0.0,0.0,0.0,train
325,2026-01-14 21:00:00,2026-01-15 20:00:00,2026-01-15 21:00:00,2026-01-15 22:00:00,B车型,B车型,15,15,13.0,14.0,14.0,0.0,0.0,0.0,0.0,0.0,0.0,26.0,28.0,28.0,13.0,14.0,14.0,0.0,0.0,0.0,0.0,0.0,0.0,0.0,0.0,0.0,train
326,2026-01-14 22:00:00,2026-01-15 21:00:00,2026-01-15 22:00:00,2026-01-15 23:00:00,B车型,C车型,15,10,14.0,0.0,14.0,0.0,0.0,0.0,0.0,0.0,0.0,28.0,0.0,28.0,14.0,0.0,14.0,0.0,10.0,10.0,0.0,9.0,9.0,0.0,20.0,20.0,train
327,2026-01-14 23:00:00,2026-01-15 22:00:00,2026-01-15 23:00:00,2026-01-16 00:00:00,C车型,C车型,10,10,0.0,0.0,0.0,0.0,0.0,0.0,0.0,0.0,0.0,0.0,0.0,0.0,0.0,0.0,0.0,10.0,11.0,11.0,9.0,10.0,10.0,20.0,22.0,22.0,train
328,2026-01-15 00:00:00,2026-01-15 23:00:00,2026-01-16 00:00:00,2026-01-16 01:00:00,C车型,C车型,10,10,0.0,0.0,0.0,0.0,0.0,0.0,0.0,0.0,0.0,0.0,0.0,0.0,0.0,0.0,0.0,11.0,10.0,11.0,10.0,9.0,10.0,22.0,20.0,22.0,train
329,2026-01-15 01:00:00,2026-01-16 00:00:00,2026-01-16 01:00:00,2026-01-16 02:00:00,C车型,C车型,10,10,0.0,0.0,0.0,0.0,0.0,0.0,0.0,0.0,0.0,0.0,0.0,0.0,0.0,0.0,0.0,10.0,9.0,10.0,9.0,10.0,10.0,20.0,20.0,20.0,train
330,2026-01-15 02:00:00,2026-01-16 01:00:00,2026-01-16 02:00:00,2026-01-16 03:00:00,C车型,C车型,10,10,0.0,0.0,0.0,0.0,0.0,0.0,0.0,0.0,0.0,0.0,0.0,0.0,0.0,0.0,0.0,9.0,8.0,9.0,10.0,9.0,10.0,20.0,18.0,20.0,train
331,2026-01-15 03:00:00,2026-01-16 02:00:00,2026-01-16 03:00:00,2026-01-16 04:00:00,C车型,C车型,10,10,0.0,0.0,0.0,0.0,0.0,0.0,0.0,0.0,0.0,0.0,0.0,0.0,0.0,0.0,0.0,8.0,8.0,8.0,9.0,9.0,9.0,18.0,17.0,18.0,train
332,2026-01-15 04:00:00,2026-01-16 03:00:00,2026-01-16 04:00:00,2026-01-16 05:00:00,C车型,B车型,10,15,0.0,14.0,14.0,0.0,0.0,0.0,0.0,0.0,0.0,0.0,28.0,28.0,0.0,14.0,14.0,8.0,0.0,8.0,9.0,0.0,9.0,17.0,0.0,17.0,train
333,2026-01-15 05:00:00,2026-01-16 04:00:00,2026-01-16 05:00:00,2026-01-16 06:00:00,B车型,B车型,15,15,14.0,14.0,14.0,0.0,0.0,0.0,0.0,0.0,0.0,28.0,28.0,28.0,14.0,14.0,14.0,0.0,0.0,0.0,0.0,0.0,0.0,0.0,0.0,0.0,train
334,2026-01-15 06:00:00,2026-01-16 05:00:00,2026-01-16 06:00:00,2026-01-16 07:00:00,B车型,A车型,15,20,14.0,19.0,19.0,0.0,19.0,19.0,0.0,38.0,38.0,28.0,0.0,28.0,14.0,0.0,14.0,0.0,0.0,0.0,0.0,0.0,0.0,0.0,0.0,0.0,train
335,2026-01-15 07:00:00,2026-01-16 06:00:00,2026-01-16 07:00:00,2026-01-16 08:00:00,A车型,B车型,20,15,19.0,15.0,19.0,19.0,0.0,19.0,38.0,0.0,38.0,0.0,30.0,30.0,0.0,15.0,15.0,0.0,0.0,0.0,0.0,0.0,0.0,0.0,0.0,0.0,train
336,2026-01-15 08:00:00,2026-01-16 07:00:00,2026-01-16 08:00:00,2026-01-16 09:00:00,B车型,B车型,15,15,15.0,17.0,17.0,0.0,0.0,0.0,0.0,0.0,0.0,30.0,34.0,34.0,15.0,17.0,17.0,0.0,0.0,0.0,0.0,0.0,0.0,0.0,0.0,0.0,train
337,2026-01-15 09:00:00,2026-01-16 08:00:00,2026-01-16 09:00:00,2026-01-16 10:00:00,B车型,B车型,15,15,17.0,16.0,17.0,0.0,0.0,0.0,0.0,0.0,0.0,34.0,32.0,34.0,17.0,15.0,17.0,0.0,0.0,0.0,0.0,0.0,0.0,0.0,0.0,0.0,train
338,2026-01-15 10:00:00,2026-01-16 09:00:00,2026-01-16 10:00:00,2026-01-16 11:00:00,B车型,B车型,15,15,16.0,16.0,16.0,0.0,0.0,0.0,0.0,0.0,0.0,32.0,32.0,32.0,15.0,16.0,16.0,0.0,0.0,0.0,0.0,0.0,0.0,0.0,0.0,0.0,train
339,2026-01-15 11:00:00,2026-01-16 10:00:00,2026-01-16 11:00:00,2026-01-16 12:00:00,B车型,B车型,15,15,16.0,18.0,18.0,0.0,0.0,0.0,0.0,0.0,0.0,32.0,34.0,34.0,16.0,17.0,17.0,0.0,0.0,0.0,0.0,0.0,0.0,0.0,0.0,0.0,train
340,2026-01-15 12:00:00,2026-01-16 11:00:00,2026-01-16 12:00:00,2026-01-16 13:00:00,B车型,C车型,15,10,18.0,0.0,18.0,0.0,0.0,0.0,0.0,0.0,0.0,34.0,0.0,34.0,17.0,0.0,17.0,0.0,11.0,11.0,0.0,11.0,11.0,0.0,21.0,21.0,train
341,2026-01-15 13:00:00,2026-01-16 12:00:00,2026-01-16 13:00:00,2026-01-16 14:00:00,C车型,C车型,10,10,0.0,0.0,0.0,0.0,0.0,0.0,0.0,0.0,0.0,0.0,0.0,0.0,0.0,0.0,0.0,11.0,11.0,11.0,11.0,11.0,11.0,21.0,22.0,22.0,train
342,2026-01-15 14:00:00,2026-01-16 13:00:00,2026-01-16 14:00:00,2026-01-16 15:00:00,C车型,C车型,10,10,0.0,0.0,0.0,0.0,0.0,0.0,0.0,0.0,0.0,0.0,0.0,0.0,0.0,0.0,0.0,11.0,11.0,11.0,11.0,11.0,11.0,22.0,22.0,22.0,train
343,2026-01-15 15:00:00,2026-01-16 14:00:00,2026-01-16 15:00:00,2026-01-16 16:00:00,C车型,C车型,10,10,0.0,0.0,0.0,0.0,0.0,0.0,0.0,0.0,0.0,0.0,0.0,0.0,0.0,0.0,0.0,11.0,11.0,11.0,11.0,11.0,11.0,22.0,21.0,22.0,train
344,2026-01-15 16:00:00,2026-01-16 15:00:00,2026-01-16 16:00:00,2026-01-16 17:00:00,C车型,C车型,10,10,0.0,0.0,0.0,0.0,0.0,0.0,0.0,0.0,0.0,0.0,0.0,0.0,0.0,0.0,0.0,11.0,10.0,11.0,11.0,10.0,11.0,21.0,20.0,21.0,train
345,2026-01-15 17:00:00,2026-01-16 16:00:00,2026-01-16 17:00:00,2026-01-16 18:00:00,C车型,A车型,10,20,0.0,21.0,21.0,0.0,20.0,20.0,0.0,40.0,40.0,0.0,0.0,0.0,0.0,0.0,0.0,10.0,0.0,10.0,10.0,0.0,10.0,20.0,0.0,20.0,train
346,2026-01-15 18:00:00,2026-01-16 17:00:00,2026-01-16 18:00:00,2026-01-16 19:00:00,A车型,A车型,20,20,21.0,20.0,21.0,20.0,20.0,20.0,40.0,40.0,40.0,0.0,0.0,0.0,0.0,0.0,0.0,0.0,0.0,0.0,0.0,0.0,0.0,0.0,0.0,0.0,train
347,2026-01-15 19:00:00,2026-01-16 18:00:00,2026-01-16 19:00:00,2026-01-16 20:00:00,A车型,A车型,20,20,20.0,21.0,21.0,20.0,21.0,21.0,40.0,42.0,42.0,0.0,0.0,0.0,0.0,0.0,0.0,0.0,0.0,0.0,0.0,0.0,0.0,0.0,0.0,0.0,train
348,2026-01-15 20:00:00,2026-01-16 19:00:00,2026-01-16 20:00:00,2026-01-16 21:00:00,A车型,B车型,20,15,21.0,17.0,21.0,21.0,0.0,21.0,42.0,0.0,42.0,0.0,34.0,34.0,0.0,16.0,16.0,0.0,0.0,0.0,0.0,0.0,0.0,0.0,0.0,0.0,train
349,2026-01-15 21:00:00,2026-01-16 20:00:00,2026-01-16 21:00:00,2026-01-16 22:00:00,B车型,C车型,15,10,17.0,0.0,17.0,0.0,0.0,0.0,0.0,0.0,0.0,34.0,0.0,34.0,16.0,0.0,16.0,0.0,13.0,13.0,0.0,13.0,13.0,0.0,26.0,26.0,train
350,2026-01-15 22:00:00,2026-01-16 21:00:00,2026-01-16 22:00:00,2026-01-16 23:00:00,C车型,C车型,10,10,0.0,0.0,0.0,0.0,0.0,0.0,0.0,0.0,0.0,0.0,0.0,0.0,0.0,0.0,0.0,13.0,12.0,13.0,13.0,12.0,13.0,26.0,24.0,26.0,train
351,2026-01-15 23:00:00,2026-01-16 22:00:00,2026-01-16 23:00:00,2026-01-17 00:00:00,C车型,C车型,10,10,0.0,0.0,0.0,0.0,0.0,0.0,0.0,0.0,0.0,0.0,0.0,0.0,0.0,0.0,0.0,12.0,12.0,12.0,12.0,12.0,12.0,24.0,23.0,24.0,train
352,2026-01-16 00:00:00,2026-01-16 23:00:00,2026-01-17 00:00:00,2026-01-17 01:00:00,C车型,C车型,10,10,0.0,0.0,0.0,0.0,0.0,0.0,0.0,0.0,0.0,0.0,0.0,0.0,0.0,0.0,0.0,12.0,11.0,12.0,12.0,11.0,12.0,23.0,22.0,23.0,train
353,2026-01-16 01:00:00,2026-01-17 00:00:00,2026-01-17 01:00:00,2026-01-17 02:00:00,C车型,C车型,10,10,0.0,0.0,0.0,0.0,0.0,0.0,0.0,0.0,0.0,0.0,0.0,0.0,0.0,0.0,0.0,11.0,12.0,12.0,11.0,12.0,12.0,22.0,24.0,24.0,train
354,2026-01-16 02:00:00,2026-01-17 01:00:00,2026-01-17 02:00:00,2026-01-17 03:00:00,C车型,C车型,10,10,0.0,0.0,0.0,0.0,0.0,0.0,0.0,0.0,0.0,0.0,0.0,0.0,0.0,0.0,0.0,12.0,11.0,12.0,12.0,11.0,12.0,24.0,22.0,24.0,train
355,2026-01-16 03:00:00,2026-01-17 02:00:00,2026-01-17 03:00:00,2026-01-17 04:00:00,C车型,C车型,10,10,0.0,0.0,0.0,0.0,0.0,0.0,0.0,0.0,0.0,0.0,0.0,0.0,0.0,0.0,0.0,11.0,10.0,11.0,11.0,10.0,11.0,22.0,20.0,22.0,train
356,2026-01-16 04:00:00,2026-01-17 03:00:00,2026-01-17 04:00:00,2026-01-17 05:00:00,C车型,C车型,10,10,0.0,0.0,0.0,0.0,0.0,0.0,0.0,0.0,0.0,0.0,0.0,0.0,0.0,0.0,0.0,10.0,9.0,10.0,10.0,9.0,10.0,20.0,18.0,20.0,train
357,2026-01-16 05:00:00,2026-01-17 04:00:00,2026-01-17 05:00:00,2026-01-17 06:00:00,C车型,A车型,10,20,0.0,18.0,18.0,0.0,18.0,18.0,0.0,36.0,36.0,0.0,0.0,0.0,0.0,0.0,0.0,9.0,0.0,9.0,9.0,0.0,9.0,18.0,0.0,18.0,train
358,2026-01-16 06:00:00,2026-01-17 05:00:00,2026-01-17 06:00:00,2026-01-17 07:00:00,A车型,A车型,20,20,18.0,18.0,18.0,18.0,18.0,18.0,36.0,36.0,36.0,0.0,0.0,0.0,0.0,0.0,0.0,0.0,0.0,0.0,0.0,0.0,0.0,0.0,0.0,0.0,train
359,2026-01-16 07:00:00,2026-01-17 06:00:00,2026-01-17 07:00:00,2026-01-17 08:00:00,A车型,A车型,20,20,18.0,18.0,18.0,18.0,18.0,18.0,36.0,36.0,36.0,0.0,0.0,0.0,0.0,0.0,0.0,0.0,0.0,0.0,0.0,0.0,0.0,0.0,0.0,0.0,train
360,2026-01-16 08:00:00,2026-01-17 07:00:00,2026-01-17 08:00:00,2026-01-17 09:00:00,A车型,A车型,20,20,18.0,19.0,19.0,18.0,19.0,19.0,36.0,38.0,38.0,0.0,0.0,0.0,0.0,0.0,0.0,0.0,0.0,0.0,0.0,0.0,0.0,0.0,0.0,0.0,train
361,2026-01-16 09:00:00,2026-01-17 08:00:00,2026-01-17 09:00:00,2026-01-17 10:00:00,A车型,A车型,20,20,19.0,20.0,20.0,19.0,20.0,20.0,38.0,41.0,41.0,0.0,0.0,0.0,0.0,0.0,0.0,0.0,0.0,0.0,0.0,0.0,0.0,0.0,0.0,0.0,train
362,2026-01-16 10:00:00,2026-01-17 09:00:00,2026-01-17 10:00:00,2026-01-17 11:00:00,A车型,A车型,20,20,20.0,22.0,22.0,20.0,22.0,22.0,41.0,44.0,44.0,0.0,0.0,0.0,0.0,0.0,0.0,0.0,0.0,0.0,0.0,0.0,0.0,0.0,0.0,0.0,train
363,2026-01-16 11:00:00,2026-01-17 10:00:00,2026-01-17 11:00:00,2026-01-17 12:00:00,A车型,A车型,20,20,22.0,22.0,22.0,22.0,22.0,22.0,44.0,44.0,44.0,0.0,0.0,0.0,0.0,0.0,0.0,0.0,0.0,0.0,0.0,0.0,0.0,0.0,0.0,0.0,train
364,2026-01-16 12:00:00,2026-01-17 11:00:00,2026-01-17 12:00:00,2026-01-17 13:00:00,A车型,A车型,20,20,22.0,21.0,22.0,22.0,21.0,22.0,44.0,42.0,44.0,0.0,0.0,0.0,0.0,0.0,0.0,0.0,0.0,0.0,0.0,0.0,0.0,0.0,0.0,0.0,train
365,2026-01-16 13:00:00,2026-01-17 12:00:00,2026-01-17 13:00:00,2026-01-17 14:00:00,A车型,A车型,20,20,21.0,21.0,21.0,21.0,21.0,21.0,42.0,42.0,42.0,0.0,0.0,0.0,0.0,0.0,0.0,0.0,0.0,0.0,0.0,0.0,0.0,0.0,0.0,0.0,train
366,2026-01-16 14:00:00,2026-01-17 13:00:00,2026-01-17 14:00:00,2026-01-17 15:00:00,A车型,B车型,20,15,21.0,16.0,21.0,21.0,0.0,21.0,42.0,0.0,42.0,0.0,32.0,32.0,0.0,16.0,16.0,0.0,0.0,0.0,0.0,0.0,0.0,0.0,0.0,0.0,train
367,2026-01-16 15:00:00,2026-01-17 14:00:00,2026-01-17 15:00:00,2026-01-17 16:00:00,B车型,B车型,15,15,16.0,14.0,16.0,0.0,0.0,0.0,0.0,0.0,0.0,32.0,28.0,32.0,16.0,14.0,16.0,0.0,0.0,0.0,0.0,0.0,0.0,0.0,0.0,0.0,train
368,2026-01-16 16:00:00,2026-01-17 15:00:00,2026-01-17 16:00:00,2026-01-17 17:00:00,B车型,B车型,15,15,14.0,16.0,16.0,0.0,0.0,0.0,0.0,0.0,0.0,28.0,32.0,32.0,14.0,16.0,16.0,0.0,0.0,0.0,0.0,0.0,0.0,0.0,0.0,0.0,train
369,2026-01-16 17:00:00,2026-01-17 16:00:00,2026-01-17 17:00:00,2026-01-17 18:00:00,B车型,B车型,15,15,16.0,17.0,17.0,0.0,0.0,0.0,0.0,0.0,0.0,32.0,34.0,34.0,16.0,17.0,17.0,0.0,0.0,0.0,0.0,0.0,0.0,0.0,0.0,0.0,train
370,2026-01-16 18:00:00,2026-01-17 17:00:00,2026-01-17 18:00:00,2026-01-17 19:00:00,B车型,C车型,15,10,17.0,0.0,17.0,0.0,0.0,0.0,0.0,0.0,0.0,34.0,0.0,34.0,17.0,0.0,17.0,0.0,11.0,11.0,0.0,11.0,11.0,0.0,22.0,22.0,train
371,2026-01-16 19:00:00,2026-01-17 18:00:00,2026-01-17 19:00:00,2026-01-17 20:00:00,C车型,C车型,10,10,0.0,0.0,0.0,0.0,0.0,0.0,0.0,0.0,0.0,0.0,0.0,0.0,0.0,0.0,0.0,11.0,9.0,11.0,11.0,9.0,11.0,22.0,18.0,22.0,train
372,2026-01-16 20:00:00,2026-01-17 19:00:00,2026-01-17 20:00:00,2026-01-17 21:00:00,C车型,C车型,10,10,0.0,0.0,0.0,0.0,0.0,0.0,0.0,0.0,0.0,0.0,0.0,0.0,0.0,0.0,0.0,9.0,10.0,10.0,9.0,10.0,10.0,18.0,20.0,20.0,train
373,2026-01-16 21:00:00,2026-01-17 20:00:00,2026-01-17 21:00:00,2026-01-17 22:00:00,C车型,C车型,10,10,0.0,0.0,0.0,0.0,0.0,0.0,0.0,0.0,0.0,0.0,0.0,0.0,0.0,0.0,0.0,10.0,10.0,10.0,10.0,10.0,10.0,20.0,20.0,20.0,train
374,2026-01-16 22:00:00,2026-01-17 21:00:00,2026-01-17 22:00:00,2026-01-17 23:00:00,C车型,B车型,10,15,0.0,16.0,16.0,0.0,0.0,0.0,0.0,0.0,0.0,0.0,32.0,32.0,0.0,16.0,16.0,10.0,0.0,10.0,10.0,0.0,10.0,20.0,0.0,20.0,train
375,2026-01-16 23:00:00,2026-01-17 22:00:00,2026-01-17 23:00:00,2026-01-18 00:00:00,B车型,B车型,15,15,16.0,13.0,16.0,0.0,0.0,0.0,0.0,0.0,0.0,32.0,28.0,32.0,16.0,13.0,16.0,0.0,0.0,0.0,0.0,0.0,0.0,0.0,0.0,0.0,train
376,2026-01-17 00:00:00,2026-01-17 23:00:00,2026-01-18 00:00:00,2026-01-18 01:00:00,B车型,B车型,15,15,13.0,13.0,13.0,0.0,0.0,0.0,0.0,0.0,0.0,28.0,26.0,28.0,13.0,12.0,13.0,0.0,0.0,0.0,0.0,0.0,0.0,0.0,0.0,0.0,train
377,2026-01-17 01:00:00,2026-01-18 00:00:00,2026-01-18 01:00:00,2026-01-18 02:00:00,B车型,C车型,15,10,13.0,0.0,13.0,0.0,0.0,0.0,0.0,0.0,0.0,26.0,0.0,26.0,12.0,0.0,12.0,0.0,8.0,8.0,0.0,9.0,9.0,0.0,18.0,18.0,train
378,2026-01-17 02:00:00,2026-01-18 01:00:00,2026-01-18 02:00:00,2026-01-18 03:00:00,C车型,A车型,10,20,0.0,19.0,19.0,0.0,18.0,18.0,0.0,38.0,38.0,0.0,0.0,0.0,0.0,0.0,0.0,8.0,0.0,8.0,9.0,0.0,9.0,18.0,0.0,18.0,train
379,2026-01-17 03:00:00,2026-01-18 02:00:00,2026-01-18 03:00:00,2026-01-18 04:00:00,A车型,A车型,20,20,19.0,18.0,19.0,18.0,17.0,18.0,38.0,36.0,38.0,0.0,0.0,0.0,0.0,0.0,0.0,0.0,0.0,0.0,0.0,0.0,0.0,0.0,0.0,0.0,train
380,2026-01-17 04:00:00,2026-01-18 03:00:00,2026-01-18 04:00:00,2026-01-18 05:00:00,A车型,A车型,20,20,18.0,18.0,18.0,17.0,19.0,19.0,36.0,38.0,38.0,0.0,0.0,0.0,0.0,0.0,0.0,0.0,0.0,0.0,0.0,0.0,0.0,0.0,0.0,0.0,train
381,2026-01-17 05:00:00,2026-01-18 04:00:00,2026-01-18 05:00:00,2026-01-18 06:00:00,A车型,A车型,20,20,18.0,19.0,19.0,19.0,19.0,19.0,38.0,38.0,38.0,0.0,0.0,0.0,0.0,0.0,0.0,0.0,0.0,0.0,0.0,0.0,0.0,0.0,0.0,0.0,train
382,2026-01-17 06:00:00,2026-01-18 05:00:00,2026-01-18 06:00:00,2026-01-18 07:00:00,A车型,A车型,20,20,19.0,19.0,19.0,19.0,19.0,19.0,38.0,38.0,38.0,0.0,0.0,0.0,0.0,0.0,0.0,0.0,0.0,0.0,0.0,0.0,0.0,0.0,0.0,0.0,train
383,2026-01-17 07:00:00,2026-01-18 06:00:00,2026-01-18 07:00:00,2026-01-18 08:00:00,A车型,A车型,20,20,19.0,20.0,20.0,19.0,20.0,20.0,38.0,40.0,40.0,0.0,0.0,0.0,0.0,0.0,0.0,0.0,0.0,0.0,0.0,0.0,0.0,0.0,0.0,0.0,train
384,2026-01-17 08:00:00,2026-01-18 07:00:00,2026-01-18 08:00:00,2026-01-18 09:00:00,A车型,B车型,20,15,20.0,16.0,20.0,20.0,0.0,20.0,40.0,0.0,40.0,0.0,33.0,33.0,0.0,16.0,16.0,0.0,0.0,0.0,0.0,0.0,0.0,0.0,0.0,0.0,train
385,2026-01-17 09:00:00,2026-01-18 08:00:00,2026-01-18 09:00:00,2026-01-18 10:00:00,B车型,A车型,15,20,16.0,21.0,21.0,0.0,21.0,21.0,0.0,42.0,42.0,33.0,0.0,33.0,16.0,0.0,16.0,0.0,0.0,0.0,0.0,0.0,0.0,0.0,0.0,0.0,train
386,2026-01-17 10:00:00,2026-01-18 09:00:00,2026-01-18 10:00:00,2026-01-18 11:00:00,A车型,C车型,20,10,21.0,0.0,21.0,21.0,0.0,21.0,42.0,0.0,42.0,0.0,0.0,0.0,0.0,0.0,0.0,0.0,9.0,9.0,0.0,10.0,10.0,0.0,21.0,21.0,train
387,2026-01-17 11:00:00,2026-01-18 10:00:00,2026-01-18 11:00:00,2026-01-18 12:00:00,C车型,B车型,10,15,0.0,13.0,13.0,0.0,0.0,0.0,0.0,0.0,0.0,0.0,29.0,29.0,0.0,14.0,14.0,9.0,0.0,9.0,10.0,0.0,10.0,21.0,0.0,21.0,train
388,2026-01-17 12:00:00,2026-01-18 11:00:00,2026-01-18 12:00:00,2026-01-18 13:00:00,B车型,B车型,15,15,13.0,15.0,15.0,0.0,0.0,0.0,0.0,0.0,0.0,29.0,31.0,31.0,14.0,15.0,15.0,0.0,0.0,0.0,0.0,0.0,0.0,0.0,0.0,0.0,train
389,2026-01-17 13:00:00,2026-01-18 12:00:00,2026-01-18 13:00:00,2026-01-18 14:00:00,B车型,B车型,15,15,15.0,16.0,16.0,0.0,0.0,0.0,0.0,0.0,0.0,31.0,33.0,33.0,15.0,16.0,16.0,0.0,0.0,0.0,0.0,0.0,0.0,0.0,0.0,0.0,train
390,2026-01-17 14:00:00,2026-01-18 13:00:00,2026-01-18 14:00:00,2026-01-18 15:00:00,B车型,B车型,15,15,16.0,15.0,16.0,0.0,0.0,0.0,0.0,0.0,0.0,33.0,31.0,33.0,16.0,15.0,16.0,0.0,0.0,0.0,0.0,0.0,0.0,0.0,0.0,0.0,train
391,2026-01-17 15:00:00,2026-01-18 14:00:00,2026-01-18 15:00:00,2026-01-18 16:00:00,B车型,A车型,15,20,15.0,21.0,21.0,0.0,22.0,22.0,0.0,42.0,42.0,31.0,0.0,31.0,15.0,0.0,15.0,0.0,0.0,0.0,0.0,0.0,0.0,0.0,0.0,0.0,train
392,2026-01-17 16:00:00,2026-01-18 15:00:00,2026-01-18 16:00:00,2026-01-18 17:00:00,A车型,C车型,20,10,21.0,0.0,21.0,22.0,0.0,22.0,42.0,0.0,42.0,0.0,0.0,0.0,0.0,0.0,0.0,0.0,10.0,10.0,0.0,11.0,11.0,0.0,22.0,22.0,train
393,2026-01-17 17:00:00,2026-01-18 16:00:00,2026-01-18 17:00:00,2026-01-18 18:00:00,C车型,C车型,10,10,0.0,0.0,0.0,0.0,0.0,0.0,0.0,0.0,0.0,0.0,0.0,0.0,0.0,0.0,0.0,10.0,11.0,11.0,11.0,12.0,12.0,22.0,25.0,25.0,train
394,2026-01-17 18:00:00,2026-01-18 17:00:00,2026-01-18 18:00:00,2026-01-18 19:00:00,C车型,C车型,10,10,0.0,0.0,0.0,0.0,0.0,0.0,0.0,0.0,0.0,0.0,0.0,0.0,0.0,0.0,0.0,11.0,11.0,11.0,12.0,11.0,12.0,25.0,23.0,25.0,train
395,2026-01-17 19:00:00,2026-01-18 18:00:00,2026-01-18 19:00:00,2026-01-18 20:00:00,C车型,B车型,10,15,0.0,18.0,18.0,0.0,0.0,0.0,0.0,0.0,0.0,0.0,36.0,36.0,0.0,18.0,18.0,11.0,0.0,11.0,11.0,0.0,11.0,23.0,0.0,23.0,train
396,2026-01-17 20:00:00,2026-01-18 19:00:00,2026-01-18 20:00:00,2026-01-18 21:00:00,B车型,B车型,15,15,18.0,18.0,18.0,0.0,0.0,0.0,0.0,0.0,0.0,36.0,36.0,36.0,18.0,18.0,18.0,0.0,0.0,0.0,0.0,0.0,0.0,0.0,0.0,0.0,train
397,2026-01-17 21:00:00,2026-01-18 20:00:00,2026-01-18 21:00:00,2026-01-18 22:00:00,B车型,A车型,15,20,18.0,22.0,22.0,0.0,22.0,22.0,0.0,44.0,44.0,36.0,0.0,36.0,18.0,0.0,18.0,0.0,0.0,0.0,0.0,0.0,0.0,0.0,0.0,0.0,train
398,2026-01-17 22:00:00,2026-01-18 21:00:00,2026-01-18 22:00:00,2026-01-18 23:00:00,A车型,A车型,20,20,22.0,22.0,22.0,22.0,23.0,23.0,44.0,44.0,44.0,0.0,0.0,0.0,0.0,0.0,0.0,0.0,0.0,0.0,0.0,0.0,0.0,0.0,0.0,0.0,train
399,2026-01-17 23:00:00,2026-01-18 22:00:00,2026-01-18 23:00:00,2026-01-19 00:00:00,A车型,A车型,20,20,22.0,22.0,22.0,23.0,22.0,23.0,44.0,44.0,44.0,0.0,0.0,0.0,0.0,0.0,0.0,0.0,0.0,0.0,0.0,0.0,0.0,0.0,0.0,0.0,train
400,2026-01-18 00:00:00,2026-01-18 23:00:00,2026-01-19 00:00:00,2026-01-19 01:00:00,A车型,B车型,20,15,22.0,17.0,22.0,22.0,0.0,22.0,44.0,0.0,44.0,0.0,34.0,34.0,0.0,17.0,17.0,0.0,0.0,0.0,0.0,0.0,0.0,0.0,0.0,0.0,train
401,2026-01-18 01:00:00,2026-01-19 00:00:00,2026-01-19 01:00:00,2026-01-19 02:00:00,B车型,A车型,15,20,17.0,20.0,20.0,0.0,20.0,20.0,0.0,39.0,39.0,34.0,0.0,34.0,17.0,0.0,17.0,0.0,0.0,0.0,0.0,0.0,0.0,0.0,0.0,0.0,train
402,2026-01-18 02:00:00,2026-01-19 01:00:00,2026-01-19 02:00:00,2026-01-19 03:00:00,A车型,A车型,20,20,20.0,21.0,21.0,20.0,21.0,21.0,39.0,41.0,41.0,0.0,0.0,0.0,0.0,0.0,0.0,0.0,0.0,0.0,0.0,0.0,0.0,0.0,0.0,0.0,train
403,2026-01-18 03:00:00,2026-01-19 02:00:00,2026-01-19 03:00:00,2026-01-19 04:00:00,A车型,B车型,20,15,21.0,15.0,21.0,21.0,0.0,21.0,41.0,0.0,41.0,0.0,32.0,32.0,0.0,16.0,16.0,0.0,0.0,0.0,0.0,0.0,0.0,0.0,0.0,0.0,train
404,2026-01-18 04:00:00,2026-01-19 03:00:00,2026-01-19 04:00:00,2026-01-19 05:00:00,B车型,C车型,15,10,15.0,0.0,15.0,0.0,0.0,0.0,0.0,0.0,0.0,32.0,0.0,32.0,16.0,0.0,16.0,0.0,9.0,9.0,0.0,10.0,10.0,0.0,20.0,20.0,train
405,2026-01-18 05:00:00,2026-01-19 04:00:00,2026-01-19 05:00:00,2026-01-19 06:00:00,C车型,C车型,10,10,0.0,0.0,0.0,0.0,0.0,0.0,0.0,0.0,0.0,0.0,0.0,0.0,0.0,0.0,0.0,9.0,8.0,9.0,10.0,9.0,10.0,20.0,18.0,20.0,train
406,2026-01-18 06:00:00,2026-01-19 05:00:00,2026-01-19 06:00:00,2026-01-19 07:00:00,C车型,C车型,10,10,0.0,0.0,0.0,0.0,0.0,0.0,0.0,0.0,0.0,0.0,0.0,0.0,0.0,0.0,0.0,8.0,6.0,8.0,9.0,7.0,9.0,18.0,14.0,18.0,train
407,2026-01-18 07:00:00,2026-01-19 06:00:00,2026-01-19 07:00:00,2026-01-19 08:00:00,C车型,C车型,10,10,0.0,0.0,0.0,0.0,0.0,0.0,0.0,0.0,0.0,0.0,0.0,0.0,0.0,0.0,0.0,6.0,7.0,7.0,7.0,8.0,8.0,14.0,16.0,16.0,train
408,2026-01-18 08:00:00,2026-01-19 07:00:00,2026-01-19 08:00:00,2026-01-19 09:00:00,C车型,C车型,10,10,0.0,0.0,0.0,0.0,0.0,0.0,0.0,0.0,0.0,0.0,0.0,0.0,0.0,0.0,0.0,7.0,8.0,8.0,8.0,9.0,9.0,16.0,18.0,18.0,train
409,2026-01-18 09:00:00,2026-01-19 08:00:00,2026-01-19 09:00:00,2026-01-19 10:00:00,C车型,C车型,10,10,0.0,0.0,0.0,0.0,0.0,0.0,0.0,0.0,0.0,0.0,0.0,0.0,0.0,0.0,0.0,8.0,11.0,11.0,9.0,11.0,11.0,18.0,22.0,22.0,train
410,2026-01-18 10:00:00,2026-01-19 09:00:00,2026-01-19 10:00:00,2026-01-19 11:00:00,C车型,C车型,10,10,0.0,0.0,0.0,0.0,0.0,0.0,0.0,0.0,0.0,0.0,0.0,0.0,0.0,0.0,0.0,11.0,11.0,11.0,11.0,11.0,11.0,22.0,22.0,22.0,train
411,2026-01-18 11:00:00,2026-01-19 10:00:00,2026-01-19 11:00:00,2026-01-19 12:00:00,C车型,C车型,10,10,0.0,0.0,0.0,0.0,0.0,0.0,0.0,0.0,0.0,0.0,0.0,0.0,0.0,0.0,0.0,11.0,12.0,12.0,11.0,12.0,12.0,22.0,24.0,24.0,train
412,2026-01-18 12:00:00,2026-01-19 11:00:00,2026-01-19 12:00:00,2026-01-19 13:00:00,C车型,C车型,10,10,0.0,0.0,0.0,0.0,0.0,0.0,0.0,0.0,0.0,0.0,0.0,0.0,0.0,0.0,0.0,12.0,10.0,12.0,12.0,10.0,12.0,24.0,20.0,24.0,train
413,2026-01-18 13:00:00,2026-01-19 12:00:00,2026-01-19 13:00:00,2026-01-19 14:00:00,C车型,C车型,10,10,0.0,0.0,0.0,0.0,0.0,0.0,0.0,0.0,0.0,0.0,0.0,0.0,0.0,0.0,0.0,10.0,9.0,10.0,10.0,10.0,10.0,20.0,18.0,20.0,train
414,2026-01-18 14:00:00,2026-01-19 13:00:00,2026-01-19 14:00:00,2026-01-19 15:00:00,C车型,C车型,10,10,0.0,0.0,0.0,0.0,0.0,0.0,0.0,0.0,0.0,0.0,0.0,0.0,0.0,0.0,0.0,9.0,9.0,9.0,10.0,10.0,10.0,18.0,18.0,18.0,train
415,2026-01-18 15:00:00,2026-01-19 14:00:00,2026-01-19 15:00:00,2026-01-19 16:00:00,C车型,B车型,10,15,0.0,15.0,15.0,0.0,0.0,0.0,0.0,0.0,0.0,0.0,30.0,30.0,0.0,15.0,15.0,9.0,0.0,9.0,10.0,0.0,10.0,18.0,0.0,18.0,train
416,2026-01-18 16:00:00,2026-01-19 15:00:00,2026-01-19 16:00:00,2026-01-19 17:00:00,B车型,B车型,15,15,15.0,15.0,15.0,0.0,0.0,0.0,0.0,0.0,0.0,30.0,30.0,30.0,15.0,15.0,15.0,0.0,0.0,0.0,0.0,0.0,0.0,0.0,0.0,0.0,train
417,2026-01-18 17:00:00,2026-01-19 16:00:00,2026-01-19 17:00:00,2026-01-19 18:00:00,B车型,B车型,15,15,15.0,13.0,15.0,0.0,0.0,0.0,0.0,0.0,0.0,30.0,26.0,30.0,15.0,13.0,15.0,0.0,0.0,0.0,0.0,0.0,0.0,0.0,0.0,0.0,train
418,2026-01-18 18:00:00,2026-01-19 17:00:00,2026-01-19 18:00:00,2026-01-19 19:00:00,B车型,C车型,15,10,13.0,0.0,13.0,0.0,0.0,0.0,0.0,0.0,0.0,26.0,0.0,26.0,13.0,0.0,13.0,0.0,8.0,8.0,0.0,9.0,9.0,0.0,16.0,16.0,train
419,2026-01-18 19:00:00,2026-01-19 18:00:00,2026-01-19 19:00:00,2026-01-19 20:00:00,C车型,B车型,10,15,0.0,13.0,13.0,0.0,0.0,0.0,0.0,0.0,0.0,0.0,26.0,26.0,0.0,13.0,13.0,8.0,0.0,8.0,9.0,0.0,9.0,16.0,0.0,16.0,train
420,2026-01-18 20:00:00,2026-01-19 19:00:00,2026-01-19 20:00:00,2026-01-19 21:00:00,B车型,A车型,15,20,13.0,19.0,19.0,0.0,19.0,19.0,0.0,38.0,38.0,26.0,0.0,26.0,13.0,0.0,13.0,0.0,0.0,0.0,0.0,0.0,0.0,0.0,0.0,0.0,train
421,2026-01-18 21:00:00,2026-01-19 20:00:00,2026-01-19 21:00:00,2026-01-19 22:00:00,A车型,B车型,20,15,19.0,14.0,19.0,19.0,0.0,19.0,38.0,0.0,38.0,0.0,28.0,28.0,0.0,14.0,14.0,0.0,0.0,0.0,0.0,0.0,0.0,0.0,0.0,0.0,train
422,2026-01-18 22:00:00,2026-01-19 21:00:00,2026-01-19 22:00:00,2026-01-19 23:00:00,B车型,B车型,15,15,14.0,14.0,14.0,0.0,0.0,0.0,0.0,0.0,0.0,28.0,28.0,28.0,14.0,14.0,14.0,0.0,0.0,0.0,0.0,0.0,0.0,0.0,0.0,0.0,train
423,2026-01-18 23:00:00,2026-01-19 22:00:00,2026-01-19 23:00:00,2026-01-20 00:00:00,B车型,B车型,15,15,14.0,13.0,14.0,0.0,0.0,0.0,0.0,0.0,0.0,28.0,26.0,28.0,14.0,12.0,14.0,0.0,0.0,0.0,0.0,0.0,0.0,0.0,0.0,0.0,train
424,2026-01-19 00:00:00,2026-01-19 23:00:00,2026-01-20 00:00:00,2026-01-20 01:00:00,B车型,B车型,15,15,13.0,12.0,13.0,0.0,0.0,0.0,0.0,0.0,0.0,26.0,24.0,26.0,12.0,12.0,12.0,0.0,0.0,0.0,0.0,0.0,0.0,0.0,0.0,0.0,train
425,2026-01-19 01:00:00,2026-01-20 00:00:00,2026-01-20 01:00:00,2026-01-20 02:00:00,B车型,B车型,15,15,12.0,13.0,13.0,0.0,0.0,0.0,0.0,0.0,0.0,24.0,26.0,26.0,12.0,13.0,13.0,0.0,0.0,0.0,0.0,0.0,0.0,0.0,0.0,0.0,train
426,2026-01-19 02:00:00,2026-01-20 01:00:00,2026-01-20 02:00:00,2026-01-20 03:00:00,B车型,B车型,15,15,13.0,14.0,14.0,0.0,0.0,0.0,0.0,0.0,0.0,26.0,28.0,28.0,13.0,14.0,14.0,0.0,0.0,0.0,0.0,0.0,0.0,0.0,0.0,0.0,train
427,2026-01-19 03:00:00,2026-01-20 02:00:00,2026-01-20 03:00:00,2026-01-20 04:00:00,B车型,A车型,15,20,14.0,18.0,18.0,0.0,18.0,18.0,0.0,36.0,36.0,28.0,0.0,28.0,14.0,0.0,14.0,0.0,0.0,0.0,0.0,0.0,0.0,0.0,0.0,0.0,train
428,2026-01-19 04:00:00,2026-01-20 03:00:00,2026-01-20 04:00:00,2026-01-20 05:00:00,A车型,C车型,20,10,18.0,0.0,18.0,18.0,0.0,18.0,36.0,0.0,36.0,0.0,0.0,0.0,0.0,0.0,0.0,0.0,9.0,9.0,0.0,9.0,9.0,0.0,18.0,18.0,train
429,2026-01-19 05:00:00,2026-01-20 04:00:00,2026-01-20 05:00:00,2026-01-20 06:00:00,C车型,C车型,10,10,0.0,0.0,0.0,0.0,0.0,0.0,0.0,0.0,0.0,0.0,0.0,0.0,0.0,0.0,0.0,9.0,8.0,9.0,9.0,9.0,9.0,18.0,18.0,18.0,train
430,2026-01-19 06:00:00,2026-01-20 05:00:00,2026-01-20 06:00:00,2026-01-20 07:00:00,C车型,C车型,10,10,0.0,0.0,0.0,0.0,0.0,0.0,0.0,0.0,0.0,0.0,0.0,0.0,0.0,0.0,0.0,8.0,8.0,8.0,9.0,9.0,9.0,18.0,18.0,18.0,train
431,2026-01-19 07:00:00,2026-01-20 06:00:00,2026-01-20 07:00:00,2026-01-20 08:00:00,C车型,C车型,10,10,0.0,0.0,0.0,0.0,0.0,0.0,0.0,0.0,0.0,0.0,0.0,0.0,0.0,0.0,0.0,8.0,9.0,9.0,9.0,9.0,9.0,18.0,18.0,18.0,train
432,2026-01-19 08:00:00,2026-01-20 07:00:00,2026-01-20 08:00:00,2026-01-20 09:00:00,C车型,A车型,10,20,0.0,19.0,19.0,0.0,19.0,19.0,0.0,38.0,38.0,0.0,0.0,0.0,0.0,0.0,0.0,9.0,0.0,9.0,9.0,0.0,9.0,18.0,0.0,18.0,train
433,2026-01-19 09:00:00,2026-01-20 08:00:00,2026-01-20 09:00:00,2026-01-20 10:00:00,A车型,A车型,20,20,19.0,20.0,20.0,19.0,19.0,19.0,38.0,38.0,38.0,0.0,0.0,0.0,0.0,0.0,0.0,0.0,0.0,0.0,0.0,0.0,0.0,0.0,0.0,0.0,train
434,2026-01-19 10:00:00,2026-01-20 09:00:00,2026-01-20 10:00:00,2026-01-20 11:00:00,A车型,A车型,20,20,20.0,19.0,20.0,19.0,19.0,19.0,38.0,39.0,39.0,0.0,0.0,0.0,0.0,0.0,0.0,0.0,0.0,0.0,0.0,0.0,0.0,0.0,0.0,0.0,train
435,2026-01-19 11:00:00,2026-01-20 10:00:00,2026-01-20 11:00:00,2026-01-20 12:00:00,A车型,B车型,20,15,19.0,15.0,19.0,19.0,0.0,19.0,39.0,0.0,39.0,0.0,30.0,30.0,0.0,15.0,15.0,0.0,0.0,0.0,0.0,0.0,0.0,0.0,0.0,0.0,train
436,2026-01-19 12:00:00,2026-01-20 11:00:00,2026-01-20 12:00:00,2026-01-20 13:00:00,B车型,B车型,15,15,15.0,15.0,15.0,0.0,0.0,0.0,0.0,0.0,0.0,30.0,30.0,30.0,15.0,15.0,15.0,0.0,0.0,0.0,0.0,0.0,0.0,0.0,0.0,0.0,train
437,2026-01-19 13:00:00,2026-01-20 12:00:00,2026-01-20 13:00:00,2026-01-20 14:00:00,B车型,B车型,15,15,15.0,15.0,15.0,0.0,0.0,0.0,0.0,0.0,0.0,30.0,30.0,30.0,15.0,15.0,15.0,0.0,0.0,0.0,0.0,0.0,0.0,0.0,0.0,0.0,train
438,2026-01-19 14:00:00,2026-01-20 13:00:00,2026-01-20 14:00:00,2026-01-20 15:00:00,B车型,B车型,15,15,15.0,15.0,15.0,0.0,0.0,0.0,0.0,0.0,0.0,30.0,30.0,30.0,15.0,15.0,15.0,0.0,0.0,0.0,0.0,0.0,0.0,0.0,0.0,0.0,train
439,2026-01-19 15:00:00,2026-01-20 14:00:00,2026-01-20 15:00:00,2026-01-20 16:00:00,B车型,B车型,15,15,15.0,15.0,15.0,0.0,0.0,0.0,0.0,0.0,0.0,30.0,30.0,30.0,15.0,15.0,15.0,0.0,0.0,0.0,0.0,0.0,0.0,0.0,0.0,0.0,train
440,2026-01-19 16:00:00,2026-01-20 15:00:00,2026-01-20 16:00:00,2026-01-20 17:00:00,B车型,C车型,15,10,15.0,0.0,15.0,0.0,0.0,0.0,0.0,0.0,0.0,30.0,0.0,30.0,15.0,0.0,15.0,0.0,9.0,9.0,0.0,10.0,10.0,0.0,20.0,20.0,train
441,2026-01-19 17:00:00,2026-01-20 16:00:00,2026-01-20 17:00:00,2026-01-20 18:00:00,C车型,C车型,10,10,0.0,0.0,0.0,0.0,0.0,0.0,0.0,0.0,0.0,0.0,0.0,0.0,0.0,0.0,0.0,9.0,9.0,9.0,10.0,10.0,10.0,20.0,20.0,20.0,train
442,2026-01-19 18:00:00,2026-01-20 17:00:00,2026-01-20 18:00:00,2026-01-20 19:00:00,C车型,B车型,10,15,0.0,16.0,16.0,0.0,0.0,0.0,0.0,0.0,0.0,0.0,32.0,32.0,0.0,16.0,16.0,9.0,0.0,9.0,10.0,0.0,10.0,20.0,0.0,20.0,train
443,2026-01-19 19:00:00,2026-01-20 18:00:00,2026-01-20 19:00:00,2026-01-20 20:00:00,B车型,C车型,15,10,16.0,0.0,16.0,0.0,0.0,0.0,0.0,0.0,0.0,32.0,0.0,32.0,16.0,0.0,16.0,0.0,9.0,9.0,0.0,10.0,10.0,0.0,20.0,20.0,train
444,2026-01-19 20:00:00,2026-01-20 19:00:00,2026-01-20 20:00:00,2026-01-20 21:00:00,C车型,A车型,10,20,0.0,20.0,20.0,0.0,20.0,20.0,0.0,40.0,40.0,0.0,0.0,0.0,0.0,0.0,0.0,9.0,0.0,9.0,10.0,0.0,10.0,20.0,0.0,20.0,train
445,2026-01-19 21:00:00,2026-01-20 20:00:00,2026-01-20 21:00:00,2026-01-20 22:00:00,A车型,B车型,20,15,20.0,15.0,20.0,20.0,0.0,20.0,40.0,0.0,40.0,0.0,30.0,30.0,0.0,15.0,15.0,0.0,0.0,0.0,0.0,0.0,0.0,0.0,0.0,0.0,train
446,2026-01-19 22:00:00,2026-01-20 21:00:00,2026-01-20 22:00:00,2026-01-20 23:00:00,B车型,C车型,15,10,15.0,0.0,15.0,0.0,0.0,0.0,0.0,0.0,0.0,30.0,0.0,30.0,15.0,0.0,15.0,0.0,8.0,8.0,0.0,8.0,8.0,0.0,16.0,16.0,train
447,2026-01-19 23:00:00,2026-01-20 22:00:00,2026-01-20 23:00:00,2026-01-21 00:00:00,C车型,C车型,10,10,0.0,0.0,0.0,0.0,0.0,0.0,0.0,0.0,0.0,0.0,0.0,0.0,0.0,0.0,0.0,8.0,7.0,8.0,8.0,7.0,8.0,16.0,13.0,16.0,train
448,2026-01-20 00:00:00,2026-01-20 23:00:00,2026-01-21 00:00:00,2026-01-21 01:00:00,C车型,C车型,10,10,0.0,0.0,0.0,0.0,0.0,0.0,0.0,0.0,0.0,0.0,0.0,0.0,0.0,0.0,0.0,7.0,7.0,7.0,7.0,8.0,8.0,13.0,16.0,16.0,train
449,2026-01-20 01:00:00,2026-01-21 00:00:00,2026-01-21 01:00:00,2026-01-21 02:00:00,C车型,C车型,10,10,0.0,0.0,0.0,0.0,0.0,0.0,0.0,0.0,0.0,0.0,0.0,0.0,0.0,0.0,0.0,7.0,10.0,10.0,8.0,10.0,10.0,16.0,20.0,20.0,train
450,2026-01-20 02:00:00,2026-01-21 01:00:00,2026-01-21 02:00:00,2026-01-21 03:00:00,C车型,C车型,10,10,0.0,0.0,0.0,0.0,0.0,0.0,0.0,0.0,0.0,0.0,0.0,0.0,0.0,0.0,0.0,10.0,10.0,10.0,10.0,10.0,10.0,20.0,19.0,20.0,train
451,2026-01-20 03:00:00,2026-01-21 02:00:00,2026-01-21 03:00:00,2026-01-21 04:00:00,C车型,C车型,10,10,0.0,0.0,0.0,0.0,0.0,0.0,0.0,0.0,0.0,0.0,0.0,0.0,0.0,0.0,0.0,10.0,10.0,10.0,10.0,9.0,10.0,19.0,19.0,19.0,train
452,2026-01-20 04:00:00,2026-01-21 03:00:00,2026-01-21 04:00:00,2026-01-21 05:00:00,C车型,B车型,10,15,0.0,16.0,16.0,0.0,0.0,0.0,0.0,0.0,0.0,0.0,30.0,30.0,0.0,15.0,15.0,10.0,0.0,10.0,9.0,0.0,9.0,19.0,0.0,19.0,train
453,2026-01-20 05:00:00,2026-01-21 04:00:00,2026-01-21 05:00:00,2026-01-21 06:00:00,B车型,B车型,15,15,16.0,18.0,18.0,0.0,0.0,0.0,0.0,0.0,0.0,30.0,35.0,35.0,15.0,18.0,18.0,0.0,0.0,0.0,0.0,0.0,0.0,0.0,0.0,0.0,train
454,2026-01-20 06:00:00,2026-01-21 05:00:00,2026-01-21 06:00:00,2026-01-21 07:00:00,B车型,B车型,15,15,18.0,18.0,18.0,0.0,0.0,0.0,0.0,0.0,0.0,35.0,36.0,36.0,18.0,18.0,18.0,0.0,0.0,0.0,0.0,0.0,0.0,0.0,0.0,0.0,train
455,2026-01-20 07:00:00,2026-01-21 06:00:00,2026-01-21 07:00:00,2026-01-21 08:00:00,B车型,B车型,15,15,18.0,18.0,18.0,0.0,0.0,0.0,0.0,0.0,0.0,36.0,36.0,36.0,18.0,18.0,18.0,0.0,0.0,0.0,0.0,0.0,0.0,0.0,0.0,0.0,train
456,2026-01-20 08:00:00,2026-01-21 07:00:00,2026-01-21 08:00:00,2026-01-21 09:00:00,B车型,B车型,15,15,18.0,16.0,18.0,0.0,0.0,0.0,0.0,0.0,0.0,36.0,33.0,36.0,18.0,16.0,18.0,0.0,0.0,0.0,0.0,0.0,0.0,0.0,0.0,0.0,train
457,2026-01-20 09:00:00,2026-01-21 08:00:00,2026-01-21 09:00:00,2026-01-21 10:00:00,B车型,B车型,15,15,16.0,15.0,16.0,0.0,0.0,0.0,0.0,0.0,0.0,33.0,30.0,33.0,16.0,15.0,16.0,0.0,0.0,0.0,0.0,0.0,0.0,0.0,0.0,0.0,train
458,2026-01-20 10:00:00,2026-01-21 09:00:00,2026-01-21 10:00:00,2026-01-21 11:00:00,B车型,C车型,15,10,15.0,0.0,15.0,0.0,0.0,0.0,0.0,0.0,0.0,30.0,0.0,30.0,15.0,0.0,15.0,0.0,10.0,10.0,0.0,10.0,10.0,0.0,20.0,20.0,train
459,2026-01-20 11:00:00,2026-01-21 10:00:00,2026-01-21 11:00:00,2026-01-21 12:00:00,C车型,C车型,10,10,0.0,0.0,0.0,0.0,0.0,0.0,0.0,0.0,0.0,0.0,0.0,0.0,0.0,0.0,0.0,10.0,9.0,10.0,10.0,9.0,10.0,20.0,18.0,20.0,train
460,2026-01-20 12:00:00,2026-01-21 11:00:00,2026-01-21 12:00:00,2026-01-21 13:00:00,C车型,C车型,10,10,0.0,0.0,0.0,0.0,0.0,0.0,0.0,0.0,0.0,0.0,0.0,0.0,0.0,0.0,0.0,9.0,9.0,9.0,9.0,8.0,9.0,18.0,16.0,18.0,train
461,2026-01-20 13:00:00,2026-01-21 12:00:00,2026-01-21 13:00:00,2026-01-21 14:00:00,C车型,C车型,10,10,0.0,0.0,0.0,0.0,0.0,0.0,0.0,0.0,0.0,0.0,0.0,0.0,0.0,0.0,0.0,9.0,10.0,10.0,8.0,9.0,9.0,16.0,18.0,18.0,train
462,2026-01-20 14:00:00,2026-01-21 13:00:00,2026-01-21 14:00:00,2026-01-21 15:00:00,C车型,C车型,10,10,0.0,0.0,0.0,0.0,0.0,0.0,0.0,0.0,0.0,0.0,0.0,0.0,0.0,0.0,0.0,10.0,9.0,10.0,9.0,8.0,9.0,18.0,16.0,18.0,train
463,2026-01-20 15:00:00,2026-01-21 14:00:00,2026-01-21 15:00:00,2026-01-21 16:00:00,C车型,A车型,10,20,0.0,19.0,19.0,0.0,20.0,20.0,0.0,40.0,40.0,0.0,0.0,0.0,0.0,0.0,0.0,9.0,0.0,9.0,8.0,0.0,8.0,16.0,0.0,16.0,train
464,2026-01-20 16:00:00,2026-01-21 15:00:00,2026-01-21 16:00:00,2026-01-21 17:00:00,A车型,A车型,20,20,19.0,19.0,19.0,20.0,20.0,20.0,40.0,40.0,40.0,0.0,0.0,0.0,0.0,0.0,0.0,0.0,0.0,0.0,0.0,0.0,0.0,0.0,0.0,0.0,train
465,2026-01-20 17:00:00,2026-01-21 16:00:00,2026-01-21 17:00:00,2026-01-21 18:00:00,A车型,C车型,20,10,19.0,0.0,19.0,20.0,0.0,20.0,40.0,0.0,40.0,0.0,0.0,0.0,0.0,0.0,0.0,0.0,10.0,10.0,0.0,10.0,10.0,0.0,21.0,21.0,train
466,2026-01-20 18:00:00,2026-01-21 17:00:00,2026-01-21 18:00:00,2026-01-21 19:00:00,C车型,A车型,10,20,0.0,20.0,20.0,0.0,21.0,21.0,0.0,42.0,42.0,0.0,0.0,0.0,0.0,0.0,0.0,10.0,0.0,10.0,10.0,0.0,10.0,21.0,0.0,21.0,train
467,2026-01-20 19:00:00,2026-01-21 18:00:00,2026-01-21 19:00:00,2026-01-21 20:00:00,A车型,A车型,20,20,20.0,21.0,21.0,21.0,21.0,21.0,42.0,42.0,42.0,0.0,0.0,0.0,0.0,0.0,0.0,0.0,0.0,0.0,0.0,0.0,0.0,0.0,0.0,0.0,train
468,2026-01-20 20:00:00,2026-01-21 19:00:00,2026-01-21 20:00:00,2026-01-21 21:00:00,A车型,A车型,20,20,21.0,20.0,21.0,21.0,21.0,21.0,42.0,40.0,42.0,0.0,0.0,0.0,0.0,0.0,0.0,0.0,0.0,0.0,0.0,0.0,0.0,0.0,0.0,0.0,train
469,2026-01-20 21:00:00,2026-01-21 20:00:00,2026-01-21 21:00:00,2026-01-21 22:00:00,A车型,A车型,20,20,20.0,21.0,21.0,21.0,21.0,21.0,40.0,42.0,42.0,0.0,0.0,0.0,0.0,0.0,0.0,0.0,0.0,0.0,0.0,0.0,0.0,0.0,0.0,0.0,train
470,2026-01-20 22:00:00,2026-01-21 21:00:00,2026-01-21 22:00:00,2026-01-21 23:00:00,A车型,A车型,20,20,21.0,21.0,21.0,21.0,21.0,21.0,42.0,42.0,42.0,0.0,0.0,0.0,0.0,0.0,0.0,0.0,0.0,0.0,0.0,0.0,0.0,0.0,0.0,0.0,train
471,2026-01-20 23:00:00,2026-01-21 22:00:00,2026-01-21 23:00:00,2026-01-22 00:00:00,A车型,C车型,20,10,21.0,0.0,21.0,21.0,0.0,21.0,42.0,0.0,42.0,0.0,0.0,0.0,0.0,0.0,0.0,0.0,10.0,10.0,0.0,10.0,10.0,0.0,20.0,20.0,train
472,2026-01-21 00:00:00,2026-01-21 23:00:00,2026-01-22 00:00:00,2026-01-22 01:00:00,C车型,B车型,10,15,0.0,14.0,14.0,0.0,0.0,0.0,0.0,0.0,0.0,0.0,28.0,28.0,0.0,14.0,14.0,10.0,0.0,10.0,10.0,0.0,10.0,20.0,0.0,20.0,train
473,2026-01-21 01:00:00,2026-01-22 00:00:00,2026-01-22 01:00:00,2026-01-22 02:00:00,B车型,C车型,15,10,14.0,0.0,14.0,0.0,0.0,0.0,0.0,0.0,0.0,28.0,0.0,28.0,14.0,0.0,14.0,0.0,9.0,9.0,0.0,9.0,9.0,0.0,18.0,18.0,train
474,2026-01-21 02:00:00,2026-01-22 01:00:00,2026-01-22 02:00:00,2026-01-22 03:00:00,C车型,C车型,10,10,0.0,0.0,0.0,0.0,0.0,0.0,0.0,0.0,0.0,0.0,0.0,0.0,0.0,0.0,0.0,9.0,8.0,9.0,9.0,8.0,9.0,18.0,16.0,18.0,train
475,2026-01-21 03:00:00,2026-01-22 02:00:00,2026-01-22 03:00:00,2026-01-22 04:00:00,C车型,B车型,10,15,0.0,14.0,14.0,0.0,0.0,0.0,0.0,0.0,0.0,0.0,28.0,28.0,0.0,14.0,14.0,8.0,0.0,8.0,8.0,0.0,8.0,16.0,0.0,16.0,train
476,2026-01-21 04:00:00,2026-01-22 03:00:00,2026-01-22 04:00:00,2026-01-22 05:00:00,B车型,B车型,15,15,14.0,15.0,15.0,0.0,0.0,0.0,0.0,0.0,0.0,28.0,30.0,30.0,14.0,15.0,15.0,0.0,0.0,0.0,0.0,0.0,0.0,0.0,0.0,0.0,train
477,2026-01-21 05:00:00,2026-01-22 04:00:00,2026-01-22 05:00:00,2026-01-22 06:00:00,B车型,B车型,15,15,15.0,14.0,15.0,0.0,0.0,0.0,0.0,0.0,0.0,30.0,28.0,30.0,15.0,14.0,15.0,0.0,0.0,0.0,0.0,0.0,0.0,0.0,0.0,0.0,train
478,2026-01-21 06:00:00,2026-01-22 05:00:00,2026-01-22 06:00:00,2026-01-22 07:00:00,B车型,B车型,15,15,14.0,15.0,15.0,0.0,0.0,0.0,0.0,0.0,0.0,28.0,29.0,29.0,14.0,15.0,15.0,0.0,0.0,0.0,0.0,0.0,0.0,0.0,0.0,0.0,train
479,2026-01-21 07:00:00,2026-01-22 06:00:00,2026-01-22 07:00:00,2026-01-22 08:00:00,B车型,B车型,15,15,15.0,15.0,15.0,0.0,0.0,0.0,0.0,0.0,0.0,29.0,30.0,30.0,15.0,15.0,15.0,0.0,0.0,0.0,0.0,0.0,0.0,0.0,0.0,0.0,train
480,2026-01-21 08:00:00,2026-01-22 07:00:00,2026-01-22 08:00:00,2026-01-22 09:00:00,B车型,A车型,15,20,15.0,20.0,20.0,0.0,20.0,20.0,0.0,40.0,40.0,30.0,0.0,30.0,15.0,0.0,15.0,0.0,0.0,0.0,0.0,0.0,0.0,0.0,0.0,0.0,train
481,2026-01-21 09:00:00,2026-01-22 08:00:00,2026-01-22 09:00:00,2026-01-22 10:00:00,A车型,B车型,20,15,20.0,15.0,20.0,20.0,0.0,20.0,40.0,0.0,40.0,0.0,30.0,30.0,0.0,15.0,15.0,0.0,0.0,0.0,0.0,0.0,0.0,0.0,0.0,0.0,train
482,2026-01-21 10:00:00,2026-01-22 09:00:00,2026-01-22 10:00:00,2026-01-22 11:00:00,B车型,B车型,15,15,15.0,14.0,15.0,0.0,0.0,0.0,0.0,0.0,0.0,30.0,29.0,30.0,15.0,14.0,15.0,0.0,0.0,0.0,0.0,0.0,0.0,0.0,0.0,0.0,train
483,2026-01-21 11:00:00,2026-01-22 10:00:00,2026-01-22 11:00:00,2026-01-22 12:00:00,B车型,B车型,15,15,14.0,15.0,15.0,0.0,0.0,0.0,0.0,0.0,0.0,29.0,29.0,29.0,14.0,13.0,14.0,0.0,0.0,0.0,0.0,0.0,0.0,0.0,0.0,0.0,train
484,2026-01-21 12:00:00,2026-01-22 11:00:00,2026-01-22 12:00:00,2026-01-22 13:00:00,B车型,A车型,15,20,15.0,19.0,19.0,0.0,19.0,19.0,0.0,38.0,38.0,29.0,0.0,29.0,13.0,0.0,13.0,0.0,0.0,0.0,0.0,0.0,0.0,0.0,0.0,0.0,train
485,2026-01-21 13:00:00,2026-01-22 12:00:00,2026-01-22 13:00:00,2026-01-22 14:00:00,A车型,B车型,20,15,19.0,15.0,19.0,19.0,0.0,19.0,38.0,0.0,38.0,0.0,31.0,31.0,0.0,14.0,14.0,0.0,0.0,0.0,0.0,0.0,0.0,0.0,0.0,0.0,train
486,2026-01-21 14:00:00,2026-01-22 13:00:00,2026-01-22 14:00:00,2026-01-22 15:00:00,B车型,B车型,15,15,15.0,15.0,15.0,0.0,0.0,0.0,0.0,0.0,0.0,31.0,30.0,31.0,14.0,15.0,15.0,0.0,0.0,0.0,0.0,0.0,0.0,0.0,0.0,0.0,validation
487,2026-01-21 15:00:00,2026-01-22 14:00:00,2026-01-22 15:00:00,2026-01-22 16:00:00,B车型,B车型,15,15,15.0,15.0,15.0,0.0,0.0,0.0,0.0,0.0,0.0,30.0,30.0,30.0,15.0,14.0,15.0,0.0,0.0,0.0,0.0,0.0,0.0,0.0,0.0,0.0,validation
488,2026-01-21 16:00:00,2026-01-22 15:00:00,2026-01-22 16:00:00,2026-01-22 17:00:00,B车型,B车型,15,15,15.0,14.0,15.0,0.0,0.0,0.0,0.0,0.0,0.0,30.0,28.0,30.0,14.0,13.0,14.0,0.0,0.0,0.0,0.0,0.0,0.0,0.0,0.0,0.0,validation
489,2026-01-21 17:00:00,2026-01-22 16:00:00,2026-01-22 17:00:00,2026-01-22 18:00:00,B车型,A车型,15,20,14.0,19.0,19.0,0.0,19.0,19.0,0.0,38.0,38.0,28.0,0.0,28.0,13.0,0.0,13.0,0.0,0.0,0.0,0.0,0.0,0.0,0.0,0.0,0.0,validation
490,2026-01-21 18:00:00,2026-01-22 17:00:00,2026-01-22 18:00:00,2026-01-22 19:00:00,A车型,A车型,20,20,19.0,21.0,21.0,19.0,19.0,19.0,38.0,40.0,40.0,0.0,0.0,0.0,0.0,0.0,0.0,0.0,0.0,0.0,0.0,0.0,0.0,0.0,0.0,0.0,validation
491,2026-01-21 19:00:00,2026-01-22 18:00:00,2026-01-22 19:00:00,2026-01-22 20:00:00,A车型,A车型,20,20,21.0,20.0,21.0,19.0,20.0,20.0,40.0,40.0,40.0,0.0,0.0,0.0,0.0,0.0,0.0,0.0,0.0,0.0,0.0,0.0,0.0,0.0,0.0,0.0,validation
492,2026-01-21 20:00:00,2026-01-22 19:00:00,2026-01-22 20:00:00,2026-01-22 21:00:00,A车型,B车型,20,15,20.0,14.0,20.0,20.0,0.0,20.0,40.0,0.0,40.0,0.0,28.0,28.0,0.0,14.0,14.0,0.0,0.0,0.0,0.0,0.0,0.0,0.0,0.0,0.0,validation
493,2026-01-21 21:00:00,2026-01-22 20:00:00,2026-01-22 21:00:00,2026-01-22 22:00:00,B车型,B车型,15,15,14.0,15.0,15.0,0.0,0.0,0.0,0.0,0.0,0.0,28.0,30.0,30.0,14.0,15.0,15.0,0.0,0.0,0.0,0.0,0.0,0.0,0.0,0.0,0.0,validation
494,2026-01-21 22:00:00,2026-01-22 21:00:00,2026-01-22 22:00:00,2026-01-22 23:00:00,B车型,A车型,15,20,15.0,20.0,20.0,0.0,20.0,20.0,0.0,40.0,40.0,30.0,0.0,30.0,15.0,0.0,15.0,0.0,0.0,0.0,0.0,0.0,0.0,0.0,0.0,0.0,validation
495,2026-01-21 23:00:00,2026-01-22 22:00:00,2026-01-22 23:00:00,2026-01-23 00:00:00,A车型,A车型,20,20,20.0,17.0,20.0,20.0,18.0,20.0,40.0,36.0,40.0,0.0,0.0,0.0,0.0,0.0,0.0,0.0,0.0,0.0,0.0,0.0,0.0,0.0,0.0,0.0,validation
496,2026-01-22 00:00:00,2026-01-22 23:00:00,2026-01-23 00:00:00,2026-01-23 01:00:00,A车型,A车型,20,20,17.0,18.0,18.0,18.0,18.0,18.0,36.0,38.0,38.0,0.0,0.0,0.0,0.0,0.0,0.0,0.0,0.0,0.0,0.0,0.0,0.0,0.0,0.0,0.0,validation
497,2026-01-22 01:00:00,2026-01-23 00:00:00,2026-01-23 01:00:00,2026-01-23 02:00:00,A车型,A车型,20,20,18.0,17.0,18.0,18.0,18.0,18.0,38.0,36.0,38.0,0.0,0.0,0.0,0.0,0.0,0.0,0.0,0.0,0.0,0.0,0.0,0.0,0.0,0.0,0.0,validation
498,2026-01-22 02:00:00,2026-01-23 01:00:00,2026-01-23 02:00:00,2026-01-23 03:00:00,A车型,A车型,20,20,17.0,19.0,19.0,18.0,19.0,19.0,36.0,38.0,38.0,0.0,0.0,0.0,0.0,0.0,0.0,0.0,0.0,0.0,0.0,0.0,0.0,0.0,0.0,0.0,validation
499,2026-01-22 03:00:00,2026-01-23 02:00:00,2026-01-23 03:00:00,2026-01-23 04:00:00,A车型,A车型,20,20,19.0,18.0,19.0,19.0,18.0,19.0,38.0,36.0,38.0,0.0,0.0,0.0,0.0,0.0,0.0,0.0,0.0,0.0,0.0,0.0,0.0,0.0,0.0,0.0,validation
500,2026-01-22 04:00:00,2026-01-23 03:00:00,2026-01-23 04:00:00,2026-01-23 05:00:00,A车型,C车型,20,10,18.0,0.0,18.0,18.0,0.0,18.0,36.0,0.0,36.0,0.0,0.0,0.0,0.0,0.0,0.0,0.0,8.0,8.0,0.0,8.0,8.0,0.0,16.0,16.0,validation
501,2026-01-22 05:00:00,2026-01-23 04:00:00,2026-01-23 05:00:00,2026-01-23 06:00:00,C车型,C车型,10,10,0.0,0.0,0.0,0.0,0.0,0.0,0.0,0.0,0.0,0.0,0.0,0.0,0.0,0.0,0.0,8.0,7.0,8.0,8.0,7.0,8.0,16.0,14.0,16.0,validation
502,2026-01-22 06:00:00,2026-01-23 05:00:00,2026-01-23 06:00:00,2026-01-23 07:00:00,C车型,A车型,10,20,0.0,17.0,17.0,0.0,17.0,17.0,0.0,34.0,34.0,0.0,0.0,0.0,0.0,0.0,0.0,7.0,0.0,7.0,7.0,0.0,7.0,14.0,0.0,14.0,validation
503,2026-01-22 07:00:00,2026-01-23 06:00:00,2026-01-23 07:00:00,2026-01-23 08:00:00,A车型,A车型,20,20,17.0,19.0,19.0,17.0,20.0,20.0,34.0,38.0,38.0,0.0,0.0,0.0,0.0,0.0,0.0,0.0,0.0,0.0,0.0,0.0,0.0,0.0,0.0,0.0,validation
504,2026-01-22 08:00:00,2026-01-23 07:00:00,2026-01-23 08:00:00,2026-01-23 09:00:00,A车型,A车型,20,20,19.0,19.0,19.0,20.0,20.0,20.0,38.0,39.0,39.0,0.0,0.0,0.0,0.0,0.0,0.0,0.0,0.0,0.0,0.0,0.0,0.0,0.0,0.0,0.0,validation
505,2026-01-22 09:00:00,2026-01-23 08:00:00,2026-01-23 09:00:00,2026-01-23 10:00:00,A车型,A车型,20,20,19.0,20.0,20.0,20.0,21.0,21.0,39.0,41.0,41.0,0.0,0.0,0.0,0.0,0.0,0.0,0.0,0.0,0.0,0.0,0.0,0.0,0.0,0.0,0.0,validation
506,2026-01-22 10:00:00,2026-01-23 09:00:00,2026-01-23 10:00:00,2026-01-23 11:00:00,A车型,A车型,20,20,20.0,19.0,20.0,21.0,20.0,21.0,41.0,39.0,41.0,0.0,0.0,0.0,0.0,0.0,0.0,0.0,0.0,0.0,0.0,0.0,0.0,0.0,0.0,0.0,validation
507,2026-01-22 11:00:00,2026-01-23 10:00:00,2026-01-23 11:00:00,2026-01-23 12:00:00,A车型,A车型,20,20,19.0,19.0,19.0,20.0,19.0,20.0,39.0,38.0,39.0,0.0,0.0,0.0,0.0,0.0,0.0,0.0,0.0,0.0,0.0,0.0,0.0,0.0,0.0,0.0,validation
508,2026-01-22 12:00:00,2026-01-23 11:00:00,2026-01-23 12:00:00,2026-01-23 13:00:00,A车型,A车型,20,20,19.0,18.0,19.0,19.0,18.0,19.0,38.0,36.0,38.0,0.0,0.0,0.0,0.0,0.0,0.0,0.0,0.0,0.0,0.0,0.0,0.0,0.0,0.0,0.0,validation
509,2026-01-22 13:00:00,2026-01-23 12:00:00,2026-01-23 13:00:00,2026-01-23 14:00:00,A车型,A车型,20,20,18.0,19.0,19.0,18.0,20.0,20.0,36.0,39.0,39.0,0.0,0.0,0.0,0.0,0.0,0.0,0.0,0.0,0.0,0.0,0.0,0.0,0.0,0.0,0.0,validation
510,2026-01-22 14:00:00,2026-01-23 13:00:00,2026-01-23 14:00:00,2026-01-23 15:00:00,A车型,A车型,20,20,19.0,19.0,19.0,20.0,19.0,20.0,39.0,38.0,39.0,0.0,0.0,0.0,0.0,0.0,0.0,0.0,0.0,0.0,0.0,0.0,0.0,0.0,0.0,0.0,validation
511,2026-01-22 15:00:00,2026-01-23 14:00:00,2026-01-23 15:00:00,2026-01-23 16:00:00,A车型,A车型,20,20,19.0,19.0,19.0,19.0,19.0,19.0,38.0,38.0,38.0,0.0,0.0,0.0,0.0,0.0,0.0,0.0,0.0,0.0,0.0,0.0,0.0,0.0,0.0,0.0,validation
512,2026-01-22 16:00:00,2026-01-23 15:00:00,2026-01-23 16:00:00,2026-01-23 17:00:00,A车型,A车型,20,20,19.0,18.0,19.0,19.0,18.0,19.0,38.0,36.0,38.0,0.0,0.0,0.0,0.0,0.0,0.0,0.0,0.0,0.0,0.0,0.0,0.0,0.0,0.0,0.0,validation
513,2026-01-22 17:00:00,2026-01-23 16:00:00,2026-01-23 17:00:00,2026-01-23 18:00:00,A车型,B车型,20,15,18.0,15.0,18.0,18.0,0.0,18.0,36.0,0.0,36.0,0.0,30.0,30.0,0.0,15.0,15.0,0.0,0.0,0.0,0.0,0.0,0.0,0.0,0.0,0.0,validation
514,2026-01-22 18:00:00,2026-01-23 17:00:00,2026-01-23 18:00:00,2026-01-23 19:00:00,B车型,B车型,15,15,15.0,14.0,15.0,0.0,0.0,0.0,0.0,0.0,0.0,30.0,28.0,30.0,15.0,14.0,15.0,0.0,0.0,0.0,0.0,0.0,0.0,0.0,0.0,0.0,validation
515,2026-01-22 19:00:00,2026-01-23 18:00:00,2026-01-23 19:00:00,2026-01-23 20:00:00,B车型,B车型,15,15,14.0,15.0,15.0,0.0,0.0,0.0,0.0,0.0,0.0,28.0,30.0,30.0,14.0,15.0,15.0,0.0,0.0,0.0,0.0,0.0,0.0,0.0,0.0,0.0,validation
516,2026-01-22 20:00:00,2026-01-23 19:00:00,2026-01-23 20:00:00,2026-01-23 21:00:00,B车型,B车型,15,15,15.0,14.0,15.0,0.0,0.0,0.0,0.0,0.0,0.0,30.0,28.0,30.0,15.0,14.0,15.0,0.0,0.0,0.0,0.0,0.0,0.0,0.0,0.0,0.0,validation
517,2026-01-22 21:00:00,2026-01-23 20:00:00,2026-01-23 21:00:00,2026-01-23 22:00:00,B车型,B车型,15,15,14.0,15.0,15.0,0.0,0.0,0.0,0.0,0.0,0.0,28.0,29.0,29.0,14.0,15.0,15.0,0.0,0.0,0.0,0.0,0.0,0.0,0.0,0.0,0.0,validation
518,2026-01-22 22:00:00,2026-01-23 21:00:00,2026-01-23 22:00:00,2026-01-23 23:00:00,B车型,B车型,15,15,15.0,16.0,16.0,0.0,0.0,0.0,0.0,0.0,0.0,29.0,32.0,32.0,15.0,16.0,16.0,0.0,0.0,0.0,0.0,0.0,0.0,0.0,0.0,0.0,validation
519,2026-01-22 23:00:00,2026-01-23 22:00:00,2026-01-23 23:00:00,2026-01-24 00:00:00,B车型,B车型,15,15,16.0,13.0,16.0,0.0,0.0,0.0,0.0,0.0,0.0,32.0,25.0,32.0,16.0,14.0,16.0,0.0,0.0,0.0,0.0,0.0,0.0,0.0,0.0,0.0,validation
520,2026-01-23 00:00:00,2026-01-23 23:00:00,2026-01-24 00:00:00,2026-01-24 01:00:00,B车型,B车型,15,15,13.0,13.0,13.0,0.0,0.0,0.0,0.0,0.0,0.0,25.0,25.0,25.0,14.0,13.0,14.0,0.0,0.0,0.0,0.0,0.0,0.0,0.0,0.0,0.0,validation
521,2026-01-23 01:00:00,2026-01-24 00:00:00,2026-01-24 01:00:00,2026-01-24 02:00:00,B车型,B车型,15,15,13.0,13.0,13.0,0.0,0.0,0.0,0.0,0.0,0.0,25.0,28.0,28.0,13.0,14.0,14.0,0.0,0.0,0.0,0.0,0.0,0.0,0.0,0.0,0.0,validation
522,2026-01-23 02:00:00,2026-01-24 01:00:00,2026-01-24 02:00:00,2026-01-24 03:00:00,B车型,B车型,15,15,13.0,13.0,13.0,0.0,0.0,0.0,0.0,0.0,0.0,28.0,27.0,28.0,14.0,14.0,14.0,0.0,0.0,0.0,0.0,0.0,0.0,0.0,0.0,0.0,validation
523,2026-01-23 03:00:00,2026-01-24 02:00:00,2026-01-24 03:00:00,2026-01-24 04:00:00,B车型,C车型,15,10,13.0,0.0,13.0,0.0,0.0,0.0,0.0,0.0,0.0,27.0,0.0,27.0,14.0,0.0,14.0,0.0,9.0,9.0,0.0,9.0,9.0,0.0,18.0,18.0,validation
524,2026-01-23 04:00:00,2026-01-24 03:00:00,2026-01-24 04:00:00,2026-01-24 05:00:00,C车型,C车型,10,10,0.0,0.0,0.0,0.0,0.0,0.0,0.0,0.0,0.0,0.0,0.0,0.0,0.0,0.0,0.0,9.0,8.0,9.0,9.0,9.0,9.0,18.0,18.0,18.0,validation
525,2026-01-23 05:00:00,2026-01-24 04:00:00,2026-01-24 05:00:00,2026-01-24 06:00:00,C车型,B车型,10,15,0.0,13.0,13.0,0.0,0.0,0.0,0.0,0.0,0.0,0.0,27.0,27.0,0.0,14.0,14.0,8.0,0.0,8.0,9.0,0.0,9.0,18.0,0.0,18.0,validation
526,2026-01-23 06:00:00,2026-01-24 05:00:00,2026-01-24 06:00:00,2026-01-24 07:00:00,B车型,B车型,15,15,13.0,14.0,14.0,0.0,0.0,0.0,0.0,0.0,0.0,27.0,28.0,28.0,14.0,14.0,14.0,0.0,0.0,0.0,0.0,0.0,0.0,0.0,0.0,0.0,validation
527,2026-01-23 07:00:00,2026-01-24 06:00:00,2026-01-24 07:00:00,2026-01-24 08:00:00,B车型,C车型,15,10,14.0,0.0,14.0,0.0,0.0,0.0,0.0,0.0,0.0,28.0,0.0,28.0,14.0,0.0,14.0,0.0,11.0,11.0,0.0,11.0,11.0,0.0,22.0,22.0,validation
528,2026-01-23 08:00:00,2026-01-24 07:00:00,2026-01-24 08:00:00,2026-01-24 09:00:00,C车型,C车型,10,10,0.0,0.0,0.0,0.0,0.0,0.0,0.0,0.0,0.0,0.0,0.0,0.0,0.0,0.0,0.0,11.0,11.0,11.0,11.0,11.0,11.0,22.0,22.0,22.0,validation
529,2026-01-23 09:00:00,2026-01-24 08:00:00,2026-01-24 09:00:00,2026-01-24 10:00:00,C车型,C车型,10,10,0.0,0.0,0.0,0.0,0.0,0.0,0.0,0.0,0.0,0.0,0.0,0.0,0.0,0.0,0.0,11.0,11.0,11.0,11.0,11.0,11.0,22.0,22.0,22.0,validation
530,2026-01-23 10:00:00,2026-01-24 09:00:00,2026-01-24 10:00:00,2026-01-24 11:00:00,C车型,C车型,10,10,0.0,0.0,0.0,0.0,0.0,0.0,0.0,0.0,0.0,0.0,0.0,0.0,0.0,0.0,0.0,11.0,11.0,11.0,11.0,11.0,11.0,22.0,22.0,22.0,validation
531,2026-01-23 11:00:00,2026-01-24 10:00:00,2026-01-24 11:00:00,2026-01-24 12:00:00,C车型,C车型,10,10,0.0,0.0,0.0,0.0,0.0,0.0,0.0,0.0,0.0,0.0,0.0,0.0,0.0,0.0,0.0,11.0,10.0,11.0,11.0,10.0,11.0,22.0,19.0,22.0,validation
532,2026-01-23 12:00:00,2026-01-24 11:00:00,2026-01-24 12:00:00,2026-01-24 13:00:00,C车型,C车型,10,10,0.0,0.0,0.0,0.0,0.0,0.0,0.0,0.0,0.0,0.0,0.0,0.0,0.0,0.0,0.0,10.0,10.0,10.0,10.0,10.0,10.0,19.0,19.0,19.0,validation
533,2026-01-23 13:00:00,2026-01-24 12:00:00,2026-01-24 13:00:00,2026-01-24 14:00:00,C车型,C车型,10,10,0.0,0.0,0.0,0.0,0.0,0.0,0.0,0.0,0.0,0.0,0.0,0.0,0.0,0.0,0.0,10.0,10.0,10.0,10.0,9.0,10.0,19.0,20.0,20.0,validation
534,2026-01-23 14:00:00,2026-01-24 13:00:00,2026-01-24 14:00:00,2026-01-24 15:00:00,C车型,C车型,10,10,0.0,0.0,0.0,0.0,0.0,0.0,0.0,0.0,0.0,0.0,0.0,0.0,0.0,0.0,0.0,10.0,10.0,10.0,9.0,10.0,10.0,20.0,20.0,20.0,validation
535,2026-01-23 15:00:00,2026-01-24 14:00:00,2026-01-24 15:00:00,2026-01-24 16:00:00,C车型,C车型,10,10,0.0,0.0,0.0,0.0,0.0,0.0,0.0,0.0,0.0,0.0,0.0,0.0,0.0,0.0,0.0,10.0,10.0,10.0,10.0,10.0,10.0,20.0,20.0,20.0,validation
536,2026-01-23 16:00:00,2026-01-24 15:00:00,2026-01-24 16:00:00,2026-01-24 17:00:00,C车型,A车型,10,20,0.0,22.0,22.0,0.0,22.0,22.0,0.0,44.0,44.0,0.0,0.0,0.0,0.0,0.0,0.0,10.0,0.0,10.0,10.0,0.0,10.0,20.0,0.0,20.0,validation
537,2026-01-23 17:00:00,2026-01-24 16:00:00,2026-01-24 17:00:00,2026-01-24 18:00:00,A车型,C车型,20,10,22.0,0.0,22.0,22.0,0.0,22.0,44.0,0.0,44.0,0.0,0.0,0.0,0.0,0.0,0.0,0.0,11.0,11.0,0.0,12.0,12.0,0.0,24.0,24.0,validation
538,2026-01-23 18:00:00,2026-01-24 17:00:00,2026-01-24 18:00:00,2026-01-24 19:00:00,C车型,C车型,10,10,0.0,0.0,0.0,0.0,0.0,0.0,0.0,0.0,0.0,0.0,0.0,0.0,0.0,0.0,0.0,11.0,10.0,11.0,12.0,11.0,12.0,24.0,22.0,24.0,validation
539,2026-01-23 19:00:00,2026-01-24 18:00:00,2026-01-24 19:00:00,2026-01-24 20:00:00,C车型,B车型,10,15,0.0,17.0,17.0,0.0,0.0,0.0,0.0,0.0,0.0,0.0,34.0,34.0,0.0,18.0,18.0,10.0,0.0,10.0,11.0,0.0,11.0,22.0,0.0,22.0,validation
540,2026-01-23 20:00:00,2026-01-24 19:00:00,2026-01-24 20:00:00,2026-01-24 21:00:00,B车型,B车型,15,15,17.0,16.0,17.0,0.0,0.0,0.0,0.0,0.0,0.0,34.0,32.0,34.0,18.0,17.0,18.0,0.0,0.0,0.0,0.0,0.0,0.0,0.0,0.0,0.0,validation
541,2026-01-23 21:00:00,2026-01-24 20:00:00,2026-01-24 21:00:00,2026-01-24 22:00:00,B车型,B车型,15,15,16.0,14.0,16.0,0.0,0.0,0.0,0.0,0.0,0.0,32.0,28.0,32.0,17.0,15.0,17.0,0.0,0.0,0.0,0.0,0.0,0.0,0.0,0.0,0.0,validation
542,2026-01-23 22:00:00,2026-01-24 21:00:00,2026-01-24 22:00:00,2026-01-24 23:00:00,B车型,B车型,15,15,14.0,14.0,14.0,0.0,0.0,0.0,0.0,0.0,0.0,28.0,28.0,28.0,15.0,14.0,15.0,0.0,0.0,0.0,0.0,0.0,0.0,0.0,0.0,0.0,validation
543,2026-01-23 23:00:00,2026-01-24 22:00:00,2026-01-24 23:00:00,2026-01-25 00:00:00,B车型,B车型,15,15,14.0,12.0,14.0,0.0,0.0,0.0,0.0,0.0,0.0,28.0,24.0,28.0,14.0,12.0,14.0,0.0,0.0,0.0,0.0,0.0,0.0,0.0,0.0,0.0,validation
544,2026-01-24 00:00:00,2026-01-24 23:00:00,2026-01-25 00:00:00,2026-01-25 01:00:00,B车型,B车型,15,15,12.0,12.0,12.0,0.0,0.0,0.0,0.0,0.0,0.0,24.0,24.0,24.0,12.0,12.0,12.0,0.0,0.0,0.0,0.0,0.0,0.0,0.0,0.0,0.0,validation
545,2026-01-24 01:00:00,2026-01-25 00:00:00,2026-01-25 01:00:00,2026-01-25 02:00:00,B车型,B车型,15,15,12.0,13.0,13.0,0.0,0.0,0.0,0.0,0.0,0.0,24.0,26.0,26.0,12.0,13.0,13.0,0.0,0.0,0.0,0.0,0.0,0.0,0.0,0.0,0.0,validation
546,2026-01-24 02:00:00,2026-01-25 01:00:00,2026-01-25 02:00:00,2026-01-25 03:00:00,B车型,B车型,15,15,13.0,14.0,14.0,0.0,0.0,0.0,0.0,0.0,0.0,26.0,28.0,28.0,13.0,14.0,14.0,0.0,0.0,0.0,0.0,0.0,0.0,0.0,0.0,0.0,validation
547,2026-01-24 03:00:00,2026-01-25 02:00:00,2026-01-25 03:00:00,2026-01-25 04:00:00,B车型,B车型,15,15,14.0,15.0,15.0,0.0,0.0,0.0,0.0,0.0,0.0,28.0,30.0,30.0,14.0,15.0,15.0,0.0,0.0,0.0,0.0,0.0,0.0,0.0,0.0,0.0,validation
548,2026-01-24 04:00:00,2026-01-25 03:00:00,2026-01-25 04:00:00,2026-01-25 05:00:00,B车型,B车型,15,15,15.0,13.0,15.0,0.0,0.0,0.0,0.0,0.0,0.0,30.0,28.0,30.0,15.0,14.0,15.0,0.0,0.0,0.0,0.0,0.0,0.0,0.0,0.0,0.0,validation
549,2026-01-24 05:00:00,2026-01-25 04:00:00,2026-01-25 05:00:00,2026-01-25 06:00:00,B车型,B车型,15,15,13.0,14.0,14.0,0.0,0.0,0.0,0.0,0.0,0.0,28.0,30.0,30.0,14.0,15.0,15.0,0.0,0.0,0.0,0.0,0.0,0.0,0.0,0.0,0.0,validation
550,2026-01-24 06:00:00,2026-01-25 05:00:00,2026-01-25 06:00:00,2026-01-25 07:00:00,B车型,B车型,15,15,14.0,13.0,14.0,0.0,0.0,0.0,0.0,0.0,0.0,30.0,26.0,30.0,15.0,13.0,15.0,0.0,0.0,0.0,0.0,0.0,0.0,0.0,0.0,0.0,validation
551,2026-01-24 07:00:00,2026-01-25 06:00:00,2026-01-25 07:00:00,2026-01-25 08:00:00,B车型,B车型,15,15,13.0,15.0,15.0,0.0,0.0,0.0,0.0,0.0,0.0,26.0,30.0,30.0,13.0,15.0,15.0,0.0,0.0,0.0,0.0,0.0,0.0,0.0,0.0,0.0,validation
552,2026-01-24 08:00:00,2026-01-25 07:00:00,2026-01-25 08:00:00,2026-01-25 09:00:00,B车型,B车型,15,15,15.0,16.0,16.0,0.0,0.0,0.0,0.0,0.0,0.0,30.0,32.0,32.0,15.0,16.0,16.0,0.0,0.0,0.0,0.0,0.0,0.0,0.0,0.0,0.0,validation
553,2026-01-24 09:00:00,2026-01-25 08:00:00,2026-01-25 09:00:00,2026-01-25 10:00:00,B车型,B车型,15,15,16.0,14.0,16.0,0.0,0.0,0.0,0.0,0.0,0.0,32.0,29.0,32.0,16.0,14.0,16.0,0.0,0.0,0.0,0.0,0.0,0.0,0.0,0.0,0.0,validation
554,2026-01-24 10:00:00,2026-01-25 09:00:00,2026-01-25 10:00:00,2026-01-25 11:00:00,B车型,B车型,15,15,14.0,16.0,16.0,0.0,0.0,0.0,0.0,0.0,0.0,29.0,33.0,33.0,14.0,16.0,16.0,0.0,0.0,0.0,0.0,0.0,0.0,0.0,0.0,0.0,validation
555,2026-01-24 11:00:00,2026-01-25 10:00:00,2026-01-25 11:00:00,2026-01-25 12:00:00,B车型,B车型,15,15,16.0,16.0,16.0,0.0,0.0,0.0,0.0,0.0,0.0,33.0,33.0,33.0,16.0,16.0,16.0,0.0,0.0,0.0,0.0,0.0,0.0,0.0,0.0,0.0,validation
556,2026-01-24 12:00:00,2026-01-25 11:00:00,2026-01-25 12:00:00,2026-01-25 13:00:00,B车型,B车型,15,15,16.0,15.0,16.0,0.0,0.0,0.0,0.0,0.0,0.0,33.0,31.0,33.0,16.0,15.0,16.0,0.0,0.0,0.0,0.0,0.0,0.0,0.0,0.0,0.0,validation
557,2026-01-24 13:00:00,2026-01-25 12:00:00,2026-01-25 13:00:00,2026-01-25 14:00:00,B车型,B车型,15,15,15.0,16.0,16.0,0.0,0.0,0.0,0.0,0.0,0.0,31.0,33.0,33.0,15.0,16.0,16.0,0.0,0.0,0.0,0.0,0.0,0.0,0.0,0.0,0.0,validation
558,2026-01-24 14:00:00,2026-01-25 13:00:00,2026-01-25 14:00:00,2026-01-25 15:00:00,B车型,B车型,15,15,16.0,18.0,18.0,0.0,0.0,0.0,0.0,0.0,0.0,33.0,37.0,37.0,16.0,19.0,19.0,0.0,0.0,0.0,0.0,0.0,0.0,0.0,0.0,0.0,validation
559,2026-01-24 15:00:00,2026-01-25 14:00:00,2026-01-25 15:00:00,2026-01-25 16:00:00,B车型,B车型,15,15,18.0,17.0,18.0,0.0,0.0,0.0,0.0,0.0,0.0,37.0,34.0,37.0,19.0,18.0,19.0,0.0,0.0,0.0,0.0,0.0,0.0,0.0,0.0,0.0,validation
560,2026-01-24 16:00:00,2026-01-25 15:00:00,2026-01-25 16:00:00,2026-01-25 17:00:00,B车型,B车型,15,15,17.0,17.0,17.0,0.0,0.0,0.0,0.0,0.0,0.0,34.0,34.0,34.0,18.0,18.0,18.0,0.0,0.0,0.0,0.0,0.0,0.0,0.0,0.0,0.0,validation
561,2026-01-24 17:00:00,2026-01-25 16:00:00,2026-01-25 17:00:00,2026-01-25 18:00:00,B车型,A车型,15,20,17.0,21.0,21.0,0.0,21.0,21.0,0.0,42.0,42.0,34.0,0.0,34.0,18.0,0.0,18.0,0.0,0.0,0.0,0.0,0.0,0.0,0.0,0.0,0.0,validation
562,2026-01-24 18:00:00,2026-01-25 17:00:00,2026-01-25 18:00:00,2026-01-25 19:00:00,A车型,A车型,20,20,21.0,20.0,21.0,21.0,21.0,21.0,42.0,40.0,42.0,0.0,0.0,0.0,0.0,0.0,0.0,0.0,0.0,0.0,0.0,0.0,0.0,0.0,0.0,0.0,validation
563,2026-01-24 19:00:00,2026-01-25 18:00:00,2026-01-25 19:00:00,2026-01-25 20:00:00,A车型,C车型,20,10,20.0,0.0,20.0,21.0,0.0,21.0,40.0,0.0,40.0,0.0,0.0,0.0,0.0,0.0,0.0,0.0,10.0,10.0,0.0,11.0,11.0,0.0,22.0,22.0,validation
564,2026-01-24 20:00:00,2026-01-25 19:00:00,2026-01-25 20:00:00,2026-01-25 21:00:00,C车型,C车型,10,10,0.0,0.0,0.0,0.0,0.0,0.0,0.0,0.0,0.0,0.0,0.0,0.0,0.0,0.0,0.0,10.0,10.0,10.0,11.0,10.0,11.0,22.0,20.0,22.0,validation
565,2026-01-24 21:00:00,2026-01-25 20:00:00,2026-01-25 21:00:00,2026-01-25 22:00:00,C车型,C车型,10,10,0.0,0.0,0.0,0.0,0.0,0.0,0.0,0.0,0.0,0.0,0.0,0.0,0.0,0.0,0.0,10.0,10.0,10.0,10.0,10.0,10.0,20.0,20.0,20.0,validation
566,2026-01-24 22:00:00,2026-01-25 21:00:00,2026-01-25 22:00:00,2026-01-25 23:00:00,C车型,C车型,10,10,0.0,0.0,0.0,0.0,0.0,0.0,0.0,0.0,0.0,0.0,0.0,0.0,0.0,0.0,0.0,10.0,10.0,10.0,10.0,10.0,10.0,20.0,20.0,20.0,validation
567,2026-01-24 23:00:00,2026-01-25 22:00:00,2026-01-25 23:00:00,2026-01-26 00:00:00,C车型,C车型,10,10,0.0,0.0,0.0,0.0,0.0,0.0,0.0,0.0,0.0,0.0,0.0,0.0,0.0,0.0,0.0,10.0,10.0,10.0,10.0,10.0,10.0,20.0,20.0,20.0,validation
568,2026-01-25 00:00:00,2026-01-25 23:00:00,2026-01-26 00:00:00,2026-01-26 01:00:00,C车型,C车型,10,10,0.0,0.0,0.0,0.0,0.0,0.0,0.0,0.0,0.0,0.0,0.0,0.0,0.0,0.0,0.0,10.0,10.0,10.0,10.0,10.0,10.0,20.0,20.0,20.0,validation
569,2026-01-25 01:00:00,2026-01-26 00:00:00,2026-01-26 01:00:00,2026-01-26 02:00:00,C车型,A车型,10,20,0.0,20.0,20.0,0.0,20.0,20.0,0.0,39.0,39.0,0.0,0.0,0.0,0.0,0.0,0.0,10.0,0.0,10.0,10.0,0.0,10.0,20.0,0.0,20.0,validation
570,2026-01-25 02:00:00,2026-01-26 01:00:00,2026-01-26 02:00:00,2026-01-26 03:00:00,A车型,B车型,20,15,20.0,15.0,20.0,20.0,0.0,20.0,39.0,0.0,39.0,0.0,30.0,30.0,0.0,16.0,16.0,0.0,0.0,0.0,0.0,0.0,0.0,0.0,0.0,0.0,validation
571,2026-01-25 03:00:00,2026-01-26 02:00:00,2026-01-26 03:00:00,2026-01-26 04:00:00,B车型,B车型,15,15,15.0,13.0,15.0,0.0,0.0,0.0,0.0,0.0,0.0,30.0,28.0,30.0,16.0,15.0,16.0,0.0,0.0,0.0,0.0,0.0,0.0,0.0,0.0,0.0,validation
572,2026-01-25 04:00:00,2026-01-26 03:00:00,2026-01-26 04:00:00,2026-01-26 05:00:00,B车型,C车型,15,10,13.0,0.0,13.0,0.0,0.0,0.0,0.0,0.0,0.0,28.0,0.0,28.0,15.0,0.0,15.0,0.0,9.0,9.0,0.0,9.0,9.0,0.0,18.0,18.0,validation
573,2026-01-25 05:00:00,2026-01-26 04:00:00,2026-01-26 05:00:00,2026-01-26 06:00:00,C车型,C车型,10,10,0.0,0.0,0.0,0.0,0.0,0.0,0.0,0.0,0.0,0.0,0.0,0.0,0.0,0.0,0.0,9.0,9.0,9.0,9.0,9.0,9.0,18.0,18.0,18.0,validation
574,2026-01-25 06:00:00,2026-01-26 05:00:00,2026-01-26 06:00:00,2026-01-26 07:00:00,C车型,C车型,10,10,0.0,0.0,0.0,0.0,0.0,0.0,0.0,0.0,0.0,0.0,0.0,0.0,0.0,0.0,0.0,9.0,8.0,9.0,9.0,9.0,9.0,18.0,18.0,18.0,validation
575,2026-01-25 07:00:00,2026-01-26 06:00:00,2026-01-26 07:00:00,2026-01-26 08:00:00,C车型,C车型,10,10,0.0,0.0,0.0,0.0,0.0,0.0,0.0,0.0,0.0,0.0,0.0,0.0,0.0,0.0,0.0,8.0,11.0,11.0,9.0,12.0,12.0,18.0,22.0,22.0,validation
576,2026-01-25 08:00:00,2026-01-26 07:00:00,2026-01-26 08:00:00,2026-01-26 09:00:00,C车型,C车型,10,10,0.0,0.0,0.0,0.0,0.0,0.0,0.0,0.0,0.0,0.0,0.0,0.0,0.0,0.0,0.0,11.0,10.0,11.0,12.0,11.0,12.0,22.0,20.0,22.0,validation
577,2026-01-25 09:00:00,2026-01-26 08:00:00,2026-01-26 09:00:00,2026-01-26 10:00:00,C车型,C车型,10,10,0.0,0.0,0.0,0.0,0.0,0.0,0.0,0.0,0.0,0.0,0.0,0.0,0.0,0.0,0.0,10.0,11.0,11.0,11.0,12.0,12.0,20.0,23.0,23.0,validation
578,2026-01-25 10:00:00,2026-01-26 09:00:00,2026-01-26 10:00:00,2026-01-26 11:00:00,C车型,A车型,10,20,0.0,22.0,22.0,0.0,23.0,23.0,0.0,44.0,44.0,0.0,0.0,0.0,0.0,0.0,0.0,11.0,0.0,11.0,12.0,0.0,12.0,23.0,0.0,23.0,validation
579,2026-01-25 11:00:00,2026-01-26 10:00:00,2026-01-26 11:00:00,2026-01-26 12:00:00,A车型,B车型,20,15,22.0,17.0,22.0,23.0,0.0,23.0,44.0,0.0,44.0,0.0,34.0,34.0,0.0,17.0,17.0,0.0,0.0,0.0,0.0,0.0,0.0,0.0,0.0,0.0,validation
580,2026-01-25 12:00:00,2026-01-26 11:00:00,2026-01-26 12:00:00,2026-01-26 13:00:00,B车型,B车型,15,15,17.0,18.0,18.0,0.0,0.0,0.0,0.0,0.0,0.0,34.0,36.0,36.0,17.0,19.0,19.0,0.0,0.0,0.0,0.0,0.0,0.0,0.0,0.0,0.0,validation
581,2026-01-25 13:00:00,2026-01-26 12:00:00,2026-01-26 13:00:00,2026-01-26 14:00:00,B车型,B车型,15,15,18.0,17.0,18.0,0.0,0.0,0.0,0.0,0.0,0.0,36.0,34.0,36.0,19.0,17.0,19.0,0.0,0.0,0.0,0.0,0.0,0.0,0.0,0.0,0.0,validation
582,2026-01-25 14:00:00,2026-01-26 13:00:00,2026-01-26 14:00:00,2026-01-26 15:00:00,B车型,A车型,15,20,17.0,21.0,21.0,0.0,21.0,21.0,0.0,42.0,42.0,34.0,0.0,34.0,17.0,0.0,17.0,0.0,0.0,0.0,0.0,0.0,0.0,0.0,0.0,0.0,validation
583,2026-01-25 15:00:00,2026-01-26 14:00:00,2026-01-26 15:00:00,2026-01-26 16:00:00,A车型,B车型,20,15,21.0,14.0,21.0,21.0,0.0,21.0,42.0,0.0,42.0,0.0,28.0,28.0,0.0,14.0,14.0,0.0,0.0,0.0,0.0,0.0,0.0,0.0,0.0,0.0,validation
584,2026-01-25 16:00:00,2026-01-26 15:00:00,2026-01-26 16:00:00,2026-01-26 17:00:00,B车型,B车型,15,15,14.0,15.0,15.0,0.0,0.0,0.0,0.0,0.0,0.0,28.0,30.0,30.0,14.0,15.0,15.0,0.0,0.0,0.0,0.0,0.0,0.0,0.0,0.0,0.0,validation
585,2026-01-25 17:00:00,2026-01-26 16:00:00,2026-01-26 17:00:00,2026-01-26 18:00:00,B车型,B车型,15,15,15.0,16.0,16.0,0.0,0.0,0.0,0.0,0.0,0.0,30.0,32.0,32.0,15.0,17.0,17.0,0.0,0.0,0.0,0.0,0.0,0.0,0.0,0.0,0.0,validation
586,2026-01-25 18:00:00,2026-01-26 17:00:00,2026-01-26 18:00:00,2026-01-26 19:00:00,B车型,B车型,15,15,16.0,15.0,16.0,0.0,0.0,0.0,0.0,0.0,0.0,32.0,30.0,32.0,17.0,16.0,17.0,0.0,0.0,0.0,0.0,0.0,0.0,0.0,0.0,0.0,validation
587,2026-01-25 19:00:00,2026-01-26 18:00:00,2026-01-26 19:00:00,2026-01-26 20:00:00,B车型,A车型,15,20,15.0,20.0,20.0,0.0,21.0,21.0,0.0,42.0,42.0,30.0,0.0,30.0,16.0,0.0,16.0,0.0,0.0,0.0,0.0,0.0,0.0,0.0,0.0,0.0,validation
588,2026-01-25 20:00:00,2026-01-26 19:00:00,2026-01-26 20:00:00,2026-01-26 21:00:00,A车型,A车型,20,20,20.0,19.0,20.0,21.0,19.0,21.0,42.0,38.0,42.0,0.0,0.0,0.0,0.0,0.0,0.0,0.0,0.0,0.0,0.0,0.0,0.0,0.0,0.0,0.0,validation
589,2026-01-25 21:00:00,2026-01-26 20:00:00,2026-01-26 21:00:00,2026-01-26 22:00:00,A车型,A车型,20,20,19.0,22.0,22.0,19.0,22.0,22.0,38.0,44.0,44.0,0.0,0.0,0.0,0.0,0.0,0.0,0.0,0.0,0.0,0.0,0.0,0.0,0.0,0.0,0.0,validation
590,2026-01-25 22:00:00,2026-01-26 21:00:00,2026-01-26 22:00:00,2026-01-26 23:00:00,A车型,B车型,20,15,22.0,16.0,22.0,22.0,0.0,22.0,44.0,0.0,44.0,0.0,32.0,32.0,0.0,17.0,17.0,0.0,0.0,0.0,0.0,0.0,0.0,0.0,0.0,0.0,test
591,2026-01-25 23:00:00,2026-01-26 22:00:00,2026-01-26 23:00:00,2026-01-27 00:00:00,B车型,C车型,15,10,16.0,0.0,16.0,0.0,0.0,0.0,0.0,0.0,0.0,32.0,0.0,32.0,17.0,0.0,17.0,0.0,11.0,11.0,0.0,11.0,11.0,0.0,22.0,22.0,test
592,2026-01-26 00:00:00,2026-01-26 23:00:00,2026-01-27 00:00:00,2026-01-27 01:00:00,C车型,B车型,10,15,0.0,15.0,15.0,0.0,0.0,0.0,0.0,0.0,0.0,0.0,31.0,31.0,0.0,16.0,16.0,11.0,0.0,11.0,11.0,0.0,11.0,22.0,0.0,22.0,test
593,2026-01-26 01:00:00,2026-01-27 00:00:00,2026-01-27 01:00:00,2026-01-27 02:00:00,B车型,C车型,15,10,15.0,0.0,15.0,0.0,0.0,0.0,0.0,0.0,0.0,31.0,0.0,31.0,16.0,0.0,16.0,0.0,12.0,12.0,0.0,11.0,11.0,0.0,22.0,22.0,test
594,2026-01-26 02:00:00,2026-01-27 01:00:00,2026-01-27 02:00:00,2026-01-27 03:00:00,C车型,C车型,10,10,0.0,0.0,0.0,0.0,0.0,0.0,0.0,0.0,0.0,0.0,0.0,0.0,0.0,0.0,0.0,12.0,12.0,12.0,11.0,11.0,11.0,22.0,23.0,23.0,test
595,2026-01-26 03:00:00,2026-01-27 02:00:00,2026-01-27 03:00:00,2026-01-27 04:00:00,C车型,C车型,10,10,0.0,0.0,0.0,0.0,0.0,0.0,0.0,0.0,0.0,0.0,0.0,0.0,0.0,0.0,0.0,12.0,11.0,12.0,11.0,10.0,11.0,23.0,20.0,23.0,test
596,2026-01-26 04:00:00,2026-01-27 03:00:00,2026-01-27 04:00:00,2026-01-27 05:00:00,C车型,C车型,10,10,0.0,0.0,0.0,0.0,0.0,0.0,0.0,0.0,0.0,0.0,0.0,0.0,0.0,0.0,0.0,11.0,11.0,11.0,10.0,10.0,10.0,20.0,20.0,20.0,test
597,2026-01-26 05:00:00,2026-01-27 04:00:00,2026-01-27 05:00:00,2026-01-27 06:00:00,C车型,C车型,10,10,0.0,0.0,0.0,0.0,0.0,0.0,0.0,0.0,0.0,0.0,0.0,0.0,0.0,0.0,0.0,11.0,12.0,12.0,10.0,12.0,12.0,20.0,24.0,24.0,test
598,2026-01-26 06:00:00,2026-01-27 05:00:00,2026-01-27 06:00:00,2026-01-27 07:00:00,C车型,C车型,10,10,0.0,0.0,0.0,0.0,0.0,0.0,0.0,0.0,0.0,0.0,0.0,0.0,0.0,0.0,0.0,12.0,12.0,12.0,12.0,12.0,12.0,24.0,24.0,24.0,test
599,2026-01-26 07:00:00,2026-01-27 06:00:00,2026-01-27 07:00:00,2026-01-27 08:00:00,C车型,C车型,10,10,0.0,0.0,0.0,0.0,0.0,0.0,0.0,0.0,0.0,0.0,0.0,0.0,0.0,0.0,0.0,12.0,13.0,13.0,12.0,13.0,13.0,24.0,26.0,26.0,test
600,2026-01-26 08:00:00,2026-01-27 07:00:00,2026-01-27 08:00:00,2026-01-27 09:00:00,C车型,C车型,10,10,0.0,0.0,0.0,0.0,0.0,0.0,0.0,0.0,0.0,0.0,0.0,0.0,0.0,0.0,0.0,13.0,12.0,13.0,13.0,12.0,13.0,26.0,24.0,26.0,test
601,2026-01-26 09:00:00,2026-01-27 08:00:00,2026-01-27 09:00:00,2026-01-27 10:00:00,C车型,C车型,10,10,0.0,0.0,0.0,0.0,0.0,0.0,0.0,0.0,0.0,0.0,0.0,0.0,0.0,0.0,0.0,12.0,11.0,12.0,12.0,11.0,12.0,24.0,22.0,24.0,test
602,2026-01-26 10:00:00,2026-01-27 09:00:00,2026-01-27 10:00:00,2026-01-27 11:00:00,C车型,C车型,10,10,0.0,0.0,0.0,0.0,0.0,0.0,0.0,0.0,0.0,0.0,0.0,0.0,0.0,0.0,0.0,11.0,11.0,11.0,11.0,11.0,11.0,22.0,22.0,22.0,test
603,2026-01-26 11:00:00,2026-01-27 10:00:00,2026-01-27 11:00:00,2026-01-27 12:00:00,C车型,C车型,10,10,0.0,0.0,0.0,0.0,0.0,0.0,0.0,0.0,0.0,0.0,0.0,0.0,0.0,0.0,0.0,11.0,11.0,11.0,11.0,11.0,11.0,22.0,22.0,22.0,test
604,2026-01-26 12:00:00,2026-01-27 11:00:00,2026-01-27 12:00:00,2026-01-27 13:00:00,C车型,C车型,10,10,0.0,0.0,0.0,0.0,0.0,0.0,0.0,0.0,0.0,0.0,0.0,0.0,0.0,0.0,0.0,11.0,10.0,11.0,11.0,11.0,11.0,22.0,22.0,22.0,test
605,2026-01-26 13:00:00,2026-01-27 12:00:00,2026-01-27 13:00:00,2026-01-27 14:00:00,C车型,B车型,10,15,0.0,15.0,15.0,0.0,0.0,0.0,0.0,0.0,0.0,0.0,30.0,30.0,0.0,15.0,15.0,10.0,0.0,10.0,11.0,0.0,11.0,22.0,0.0,22.0,test
606,2026-01-26 14:00:00,2026-01-27 13:00:00,2026-01-27 14:00:00,2026-01-27 15:00:00,B车型,B车型,15,15,15.0,16.0,16.0,0.0,0.0,0.0,0.0,0.0,0.0,30.0,32.0,32.0,15.0,16.0,16.0,0.0,0.0,0.0,0.0,0.0,0.0,0.0,0.0,0.0,test
607,2026-01-26 15:00:00,2026-01-27 14:00:00,2026-01-27 15:00:00,2026-01-27 16:00:00,B车型,B车型,15,15,16.0,16.0,16.0,0.0,0.0,0.0,0.0,0.0,0.0,32.0,32.0,32.0,16.0,16.0,16.0,0.0,0.0,0.0,0.0,0.0,0.0,0.0,0.0,0.0,test
608,2026-01-26 16:00:00,2026-01-27 15:00:00,2026-01-27 16:00:00,2026-01-27 17:00:00,B车型,B车型,15,15,16.0,15.0,16.0,0.0,0.0,0.0,0.0,0.0,0.0,32.0,30.0,32.0,16.0,15.0,16.0,0.0,0.0,0.0,0.0,0.0,0.0,0.0,0.0,0.0,test
609,2026-01-26 17:00:00,2026-01-27 16:00:00,2026-01-27 17:00:00,2026-01-27 18:00:00,B车型,B车型,15,15,15.0,14.0,15.0,0.0,0.0,0.0,0.0,0.0,0.0,30.0,28.0,30.0,15.0,14.0,15.0,0.0,0.0,0.0,0.0,0.0,0.0,0.0,0.0,0.0,test
610,2026-01-26 18:00:00,2026-01-27 17:00:00,2026-01-27 18:00:00,2026-01-27 19:00:00,B车型,A车型,15,20,14.0,18.0,18.0,0.0,18.0,18.0,0.0,36.0,36.0,28.0,0.0,28.0,14.0,0.0,14.0,0.0,0.0,0.0,0.0,0.0,0.0,0.0,0.0,0.0,test
611,2026-01-26 19:00:00,2026-01-27 18:00:00,2026-01-27 19:00:00,2026-01-27 20:00:00,A车型,A车型,20,20,18.0,19.0,19.0,18.0,19.0,19.0,36.0,38.0,38.0,0.0,0.0,0.0,0.0,0.0,0.0,0.0,0.0,0.0,0.0,0.0,0.0,0.0,0.0,0.0,test
612,2026-01-26 20:00:00,2026-01-27 19:00:00,2026-01-27 20:00:00,2026-01-27 21:00:00,A车型,A车型,20,20,19.0,19.0,19.0,19.0,19.0,19.0,38.0,38.0,38.0,0.0,0.0,0.0,0.0,0.0,0.0,0.0,0.0,0.0,0.0,0.0,0.0,0.0,0.0,0.0,test
613,2026-01-26 21:00:00,2026-01-27 20:00:00,2026-01-27 21:00:00,2026-01-27 22:00:00,A车型,B车型,20,15,19.0,14.0,19.0,19.0,0.0,19.0,38.0,0.0,38.0,0.0,29.0,29.0,0.0,14.0,14.0,0.0,0.0,0.0,0.0,0.0,0.0,0.0,0.0,0.0,test
614,2026-01-26 22:00:00,2026-01-27 21:00:00,2026-01-27 22:00:00,2026-01-27 23:00:00,B车型,B车型,15,15,14.0,14.0,14.0,0.0,0.0,0.0,0.0,0.0,0.0,29.0,26.0,29.0,14.0,13.0,14.0,0.0,0.0,0.0,0.0,0.0,0.0,0.0,0.0,0.0,test
615,2026-01-26 23:00:00,2026-01-27 22:00:00,2026-01-27 23:00:00,2026-01-28 00:00:00,B车型,B车型,15,15,14.0,14.0,14.0,0.0,0.0,0.0,0.0,0.0,0.0,26.0,26.0,26.0,13.0,13.0,13.0,0.0,0.0,0.0,0.0,0.0,0.0,0.0,0.0,0.0,test
616,2026-01-27 00:00:00,2026-01-27 23:00:00,2026-01-28 00:00:00,2026-01-28 01:00:00,B车型,B车型,15,15,14.0,14.0,14.0,0.0,0.0,0.0,0.0,0.0,0.0,26.0,27.0,27.0,13.0,14.0,14.0,0.0,0.0,0.0,0.0,0.0,0.0,0.0,0.0,0.0,test
617,2026-01-27 01:00:00,2026-01-28 00:00:00,2026-01-28 01:00:00,2026-01-28 02:00:00,B车型,C车型,15,10,14.0,0.0,14.0,0.0,0.0,0.0,0.0,0.0,0.0,27.0,0.0,27.0,14.0,0.0,14.0,0.0,8.0,8.0,0.0,9.0,9.0,0.0,18.0,18.0,test
618,2026-01-27 02:00:00,2026-01-28 01:00:00,2026-01-28 02:00:00,2026-01-28 03:00:00,C车型,C车型,10,10,0.0,0.0,0.0,0.0,0.0,0.0,0.0,0.0,0.0,0.0,0.0,0.0,0.0,0.0,0.0,8.0,8.0,8.0,9.0,7.0,9.0,18.0,16.0,18.0,test
619,2026-01-27 03:00:00,2026-01-28 02:00:00,2026-01-28 03:00:00,2026-01-28 04:00:00,C车型,C车型,10,10,0.0,0.0,0.0,0.0,0.0,0.0,0.0,0.0,0.0,0.0,0.0,0.0,0.0,0.0,0.0,8.0,8.0,8.0,7.0,8.0,8.0,16.0,16.0,16.0,test
620,2026-01-27 04:00:00,2026-01-28 03:00:00,2026-01-28 04:00:00,2026-01-28 05:00:00,C车型,C车型,10,10,0.0,0.0,0.0,0.0,0.0,0.0,0.0,0.0,0.0,0.0,0.0,0.0,0.0,0.0,0.0,8.0,8.0,8.0,8.0,8.0,8.0,16.0,16.0,16.0,test
621,2026-01-27 05:00:00,2026-01-28 04:00:00,2026-01-28 05:00:00,2026-01-28 06:00:00,C车型,A车型,10,20,0.0,16.0,16.0,0.0,16.0,16.0,0.0,32.0,32.0,0.0,0.0,0.0,0.0,0.0,0.0,8.0,0.0,8.0,8.0,0.0,8.0,16.0,0.0,16.0,test
622,2026-01-27 06:00:00,2026-01-28 05:00:00,2026-01-28 06:00:00,2026-01-28 07:00:00,A车型,A车型,20,20,16.0,17.0,17.0,16.0,17.0,17.0,32.0,33.0,33.0,0.0,0.0,0.0,0.0,0.0,0.0,0.0,0.0,0.0,0.0,0.0,0.0,0.0,0.0,0.0,test
623,2026-01-27 07:00:00,2026-01-28 06:00:00,2026-01-28 07:00:00,2026-01-28 08:00:00,A车型,A车型,20,20,17.0,18.0,18.0,17.0,18.0,18.0,33.0,36.0,36.0,0.0,0.0,0.0,0.0,0.0,0.0,0.0,0.0,0.0,0.0,0.0,0.0,0.0,0.0,0.0,test
624,2026-01-27 08:00:00,2026-01-28 07:00:00,2026-01-28 08:00:00,2026-01-28 09:00:00,A车型,A车型,20,20,18.0,20.0,20.0,18.0,20.0,20.0,36.0,40.0,40.0,0.0,0.0,0.0,0.0,0.0,0.0,0.0,0.0,0.0,0.0,0.0,0.0,0.0,0.0,0.0,test
625,2026-01-27 09:00:00,2026-01-28 08:00:00,2026-01-28 09:00:00,2026-01-28 10:00:00,A车型,A车型,20,20,20.0,22.0,22.0,20.0,22.0,22.0,40.0,44.0,44.0,0.0,0.0,0.0,0.0,0.0,0.0,0.0,0.0,0.0,0.0,0.0,0.0,0.0,0.0,0.0,test
626,2026-01-27 10:00:00,2026-01-28 09:00:00,2026-01-28 10:00:00,2026-01-28 11:00:00,A车型,A车型,20,20,22.0,22.0,22.0,22.0,22.0,22.0,44.0,44.0,44.0,0.0,0.0,0.0,0.0,0.0,0.0,0.0,0.0,0.0,0.0,0.0,0.0,0.0,0.0,0.0,test
627,2026-01-27 11:00:00,2026-01-28 10:00:00,2026-01-28 11:00:00,2026-01-28 12:00:00,A车型,C车型,20,10,22.0,0.0,22.0,22.0,0.0,22.0,44.0,0.0,44.0,0.0,0.0,0.0,0.0,0.0,0.0,0.0,11.0,11.0,0.0,10.0,10.0,0.0,22.0,22.0,test
628,2026-01-27 12:00:00,2026-01-28 11:00:00,2026-01-28 12:00:00,2026-01-28 13:00:00,C车型,C车型,10,10,0.0,0.0,0.0,0.0,0.0,0.0,0.0,0.0,0.0,0.0,0.0,0.0,0.0,0.0,0.0,11.0,10.0,11.0,10.0,10.0,10.0,22.0,20.0,22.0,test
629,2026-01-27 13:00:00,2026-01-28 12:00:00,2026-01-28 13:00:00,2026-01-28 14:00:00,C车型,A车型,10,20,0.0,23.0,23.0,0.0,23.0,23.0,0.0,46.0,46.0,0.0,0.0,0.0,0.0,0.0,0.0,10.0,0.0,10.0,10.0,0.0,10.0,20.0,0.0,20.0,test
630,2026-01-27 14:00:00,2026-01-28 13:00:00,2026-01-28 14:00:00,2026-01-28 15:00:00,A车型,A车型,20,20,23.0,22.0,23.0,23.0,22.0,23.0,46.0,44.0,46.0,0.0,0.0,0.0,0.0,0.0,0.0,0.0,0.0,0.0,0.0,0.0,0.0,0.0,0.0,0.0,test
631,2026-01-27 15:00:00,2026-01-28 14:00:00,2026-01-28 15:00:00,2026-01-28 16:00:00,A车型,A车型,20,20,22.0,22.0,22.0,22.0,22.0,22.0,44.0,44.0,44.0,0.0,0.0,0.0,0.0,0.0,0.0,0.0,0.0,0.0,0.0,0.0,0.0,0.0,0.0,0.0,test
632,2026-01-27 16:00:00,2026-01-28 15:00:00,2026-01-28 16:00:00,2026-01-28 17:00:00,A车型,A车型,20,20,22.0,21.0,22.0,22.0,21.0,22.0,44.0,42.0,44.0,0.0,0.0,0.0,0.0,0.0,0.0,0.0,0.0,0.0,0.0,0.0,0.0,0.0,0.0,0.0,test
633,2026-01-27 17:00:00,2026-01-28 16:00:00,2026-01-28 17:00:00,2026-01-28 18:00:00,A车型,A车型,20,20,21.0,21.0,21.0,21.0,21.0,21.0,42.0,42.0,42.0,0.0,0.0,0.0,0.0,0.0,0.0,0.0,0.0,0.0,0.0,0.0,0.0,0.0,0.0,0.0,test
634,2026-01-27 18:00:00,2026-01-28 17:00:00,2026-01-28 18:00:00,2026-01-28 19:00:00,A车型,A车型,20,20,21.0,20.0,21.0,21.0,20.0,21.0,42.0,40.0,42.0,0.0,0.0,0.0,0.0,0.0,0.0,0.0,0.0,0.0,0.0,0.0,0.0,0.0,0.0,0.0,test
635,2026-01-27 19:00:00,2026-01-28 18:00:00,2026-01-28 19:00:00,2026-01-28 20:00:00,A车型,A车型,20,20,20.0,20.0,20.0,20.0,21.0,21.0,40.0,41.0,41.0,0.0,0.0,0.0,0.0,0.0,0.0,0.0,0.0,0.0,0.0,0.0,0.0,0.0,0.0,0.0,test
636,2026-01-27 20:00:00,2026-01-28 19:00:00,2026-01-28 20:00:00,2026-01-28 21:00:00,A车型,B车型,20,15,20.0,14.0,20.0,21.0,0.0,21.0,41.0,0.0,41.0,0.0,28.0,28.0,0.0,14.0,14.0,0.0,0.0,0.0,0.0,0.0,0.0,0.0,0.0,0.0,test
637,2026-01-27 21:00:00,2026-01-28 20:00:00,2026-01-28 21:00:00,2026-01-28 22:00:00,B车型,A车型,15,20,14.0,20.0,20.0,0.0,20.0,20.0,0.0,40.0,40.0,28.0,0.0,28.0,14.0,0.0,14.0,0.0,0.0,0.0,0.0,0.0,0.0,0.0,0.0,0.0,test
638,2026-01-27 22:00:00,2026-01-28 21:00:00,2026-01-28 22:00:00,2026-01-28 23:00:00,A车型,A车型,20,20,20.0,20.0,20.0,20.0,19.0,20.0,40.0,39.0,40.0,0.0,0.0,0.0,0.0,0.0,0.0,0.0,0.0,0.0,0.0,0.0,0.0,0.0,0.0,0.0,test
639,2026-01-27 23:00:00,2026-01-28 22:00:00,2026-01-28 23:00:00,2026-01-29 00:00:00,A车型,A车型,20,20,20.0,18.0,20.0,19.0,18.0,19.0,39.0,36.0,39.0,0.0,0.0,0.0,0.0,0.0,0.0,0.0,0.0,0.0,0.0,0.0,0.0,0.0,0.0,0.0,test
640,2026-01-28 00:00:00,2026-01-28 23:00:00,2026-01-29 00:00:00,2026-01-29 01:00:00,A车型,A车型,20,20,18.0,18.0,18.0,18.0,18.0,18.0,36.0,36.0,36.0,0.0,0.0,0.0,0.0,0.0,0.0,0.0,0.0,0.0,0.0,0.0,0.0,0.0,0.0,0.0,test
641,2026-01-28 01:00:00,2026-01-29 00:00:00,2026-01-29 01:00:00,2026-01-29 02:00:00,A车型,B车型,20,15,18.0,13.0,18.0,18.0,0.0,18.0,36.0,0.0,36.0,0.0,26.0,26.0,0.0,13.0,13.0,0.0,0.0,0.0,0.0,0.0,0.0,0.0,0.0,0.0,test
642,2026-01-28 02:00:00,2026-01-29 01:00:00,2026-01-29 02:00:00,2026-01-29 03:00:00,B车型,B车型,15,15,13.0,15.0,15.0,0.0,0.0,0.0,0.0,0.0,0.0,26.0,29.0,29.0,13.0,16.0,16.0,0.0,0.0,0.0,0.0,0.0,0.0,0.0,0.0,0.0,test
643,2026-01-28 03:00:00,2026-01-29 02:00:00,2026-01-29 03:00:00,2026-01-29 04:00:00,B车型,B车型,15,15,15.0,13.0,15.0,0.0,0.0,0.0,0.0,0.0,0.0,29.0,25.0,29.0,16.0,14.0,16.0,0.0,0.0,0.0,0.0,0.0,0.0,0.0,0.0,0.0,test
644,2026-01-28 04:00:00,2026-01-29 03:00:00,2026-01-29 04:00:00,2026-01-29 05:00:00,B车型,B车型,15,15,13.0,14.0,14.0,0.0,0.0,0.0,0.0,0.0,0.0,25.0,27.0,27.0,14.0,14.0,14.0,0.0,0.0,0.0,0.0,0.0,0.0,0.0,0.0,0.0,test
645,2026-01-28 05:00:00,2026-01-29 04:00:00,2026-01-29 05:00:00,2026-01-29 06:00:00,B车型,B车型,15,15,14.0,16.0,16.0,0.0,0.0,0.0,0.0,0.0,0.0,27.0,30.0,30.0,14.0,15.0,15.0,0.0,0.0,0.0,0.0,0.0,0.0,0.0,0.0,0.0,test
646,2026-01-28 06:00:00,2026-01-29 05:00:00,2026-01-29 06:00:00,2026-01-29 07:00:00,B车型,A车型,15,20,16.0,18.0,18.0,0.0,18.0,18.0,0.0,36.0,36.0,30.0,0.0,30.0,15.0,0.0,15.0,0.0,0.0,0.0,0.0,0.0,0.0,0.0,0.0,0.0,test
647,2026-01-28 07:00:00,2026-01-29 06:00:00,2026-01-29 07:00:00,2026-01-29 08:00:00,A车型,A车型,20,20,18.0,19.0,19.0,18.0,20.0,20.0,36.0,39.0,39.0,0.0,0.0,0.0,0.0,0.0,0.0,0.0,0.0,0.0,0.0,0.0,0.0,0.0,0.0,0.0,test
648,2026-01-28 08:00:00,2026-01-29 07:00:00,2026-01-29 08:00:00,2026-01-29 09:00:00,A车型,B车型,20,15,19.0,14.0,19.0,20.0,0.0,20.0,39.0,0.0,39.0,0.0,28.0,28.0,0.0,15.0,15.0,0.0,0.0,0.0,0.0,0.0,0.0,0.0,0.0,0.0,test
649,2026-01-28 09:00:00,2026-01-29 08:00:00,2026-01-29 09:00:00,2026-01-29 10:00:00,B车型,B车型,15,15,14.0,14.0,14.0,0.0,0.0,0.0,0.0,0.0,0.0,28.0,29.0,29.0,15.0,14.0,15.0,0.0,0.0,0.0,0.0,0.0,0.0,0.0,0.0,0.0,test
650,2026-01-28 10:00:00,2026-01-29 09:00:00,2026-01-29 10:00:00,2026-01-29 11:00:00,B车型,C车型,15,10,14.0,0.0,14.0,0.0,0.0,0.0,0.0,0.0,0.0,29.0,0.0,29.0,14.0,0.0,14.0,0.0,8.0,8.0,0.0,8.0,8.0,0.0,16.0,16.0,test
651,2026-01-28 11:00:00,2026-01-29 10:00:00,2026-01-29 11:00:00,2026-01-29 12:00:00,C车型,B车型,10,15,0.0,13.0,13.0,0.0,0.0,0.0,0.0,0.0,0.0,0.0,26.0,26.0,0.0,13.0,13.0,8.0,0.0,8.0,8.0,0.0,8.0,16.0,0.0,16.0,test
652,2026-01-28 12:00:00,2026-01-29 11:00:00,2026-01-29 12:00:00,2026-01-29 13:00:00,B车型,A车型,15,20,13.0,21.0,21.0,0.0,20.0,20.0,0.0,41.0,41.0,26.0,0.0,26.0,13.0,0.0,13.0,0.0,0.0,0.0,0.0,0.0,0.0,0.0,0.0,0.0,test
653,2026-01-28 13:00:00,2026-01-29 12:00:00,2026-01-29 13:00:00,2026-01-29 14:00:00,A车型,A车型,20,20,21.0,22.0,22.0,20.0,21.0,21.0,41.0,43.0,43.0,0.0,0.0,0.0,0.0,0.0,0.0,0.0,0.0,0.0,0.0,0.0,0.0,0.0,0.0,0.0,test
654,2026-01-28 14:00:00,2026-01-29 13:00:00,2026-01-29 14:00:00,2026-01-29 15:00:00,A车型,B车型,20,15,22.0,17.0,22.0,21.0,0.0,21.0,43.0,0.0,43.0,0.0,34.0,34.0,0.0,17.0,17.0,0.0,0.0,0.0,0.0,0.0,0.0,0.0,0.0,0.0,test
655,2026-01-28 15:00:00,2026-01-29 14:00:00,2026-01-29 15:00:00,2026-01-29 16:00:00,B车型,A车型,15,20,17.0,22.0,22.0,0.0,22.0,22.0,0.0,45.0,45.0,34.0,0.0,34.0,17.0,0.0,17.0,0.0,0.0,0.0,0.0,0.0,0.0,0.0,0.0,0.0,test
656,2026-01-28 16:00:00,2026-01-29 15:00:00,2026-01-29 16:00:00,2026-01-29 17:00:00,A车型,A车型,20,20,22.0,20.0,22.0,22.0,20.0,22.0,45.0,41.0,45.0,0.0,0.0,0.0,0.0,0.0,0.0,0.0,0.0,0.0,0.0,0.0,0.0,0.0,0.0,0.0,test
657,2026-01-28 17:00:00,2026-01-29 16:00:00,2026-01-29 17:00:00,2026-01-29 18:00:00,A车型,A车型,20,20,20.0,20.0,20.0,20.0,20.0,20.0,41.0,40.0,41.0,0.0,0.0,0.0,0.0,0.0,0.0,0.0,0.0,0.0,0.0,0.0,0.0,0.0,0.0,0.0,test
658,2026-01-28 18:00:00,2026-01-29 17:00:00,2026-01-29 18:00:00,2026-01-29 19:00:00,A车型,A车型,20,20,20.0,20.0,20.0,20.0,20.0,20.0,40.0,40.0,40.0,0.0,0.0,0.0,0.0,0.0,0.0,0.0,0.0,0.0,0.0,0.0,0.0,0.0,0.0,0.0,test
659,2026-01-28 19:00:00,2026-01-29 18:00:00,2026-01-29 19:00:00,2026-01-29 20:00:00,A车型,A车型,20,20,20.0,19.0,20.0,20.0,19.0,20.0,40.0,38.0,40.0,0.0,0.0,0.0,0.0,0.0,0.0,0.0,0.0,0.0,0.0,0.0,0.0,0.0,0.0,0.0,test
660,2026-01-28 20:00:00,2026-01-29 19:00:00,2026-01-29 20:00:00,2026-01-29 21:00:00,A车型,C车型,20,10,19.0,0.0,19.0,19.0,0.0,19.0,38.0,0.0,38.0,0.0,0.0,0.0,0.0,0.0,0.0,0.0,10.0,10.0,0.0,10.0,10.0,0.0,20.0,20.0,test
661,2026-01-28 21:00:00,2026-01-29 20:00:00,2026-01-29 21:00:00,2026-01-29 22:00:00,C车型,C车型,10,10,0.0,0.0,0.0,0.0,0.0,0.0,0.0,0.0,0.0,0.0,0.0,0.0,0.0,0.0,0.0,10.0,10.0,10.0,10.0,10.0,10.0,20.0,20.0,20.0,test
662,2026-01-28 22:00:00,2026-01-29 21:00:00,2026-01-29 22:00:00,2026-01-29 23:00:00,C车型,C车型,10,10,0.0,0.0,0.0,0.0,0.0,0.0,0.0,0.0,0.0,0.0,0.0,0.0,0.0,0.0,0.0,10.0,10.0,10.0,10.0,10.0,10.0,20.0,20.0,20.0,test
663,2026-01-28 23:00:00,2026-01-29 22:00:00,2026-01-29 23:00:00,2026-01-30 00:00:00,C车型,C车型,10,10,0.0,0.0,0.0,0.0,0.0,0.0,0.0,0.0,0.0,0.0,0.0,0.0,0.0,0.0,0.0,10.0,10.0,10.0,10.0,10.0,10.0,20.0,20.0,20.0,test
664,2026-01-29 00:00:00,2026-01-29 23:00:00,2026-01-30 00:00:00,2026-01-30 01:00:00,C车型,C车型,10,10,0.0,0.0,0.0,0.0,0.0,0.0,0.0,0.0,0.0,0.0,0.0,0.0,0.0,0.0,0.0,10.0,9.0,10.0,10.0,10.0,10.0,20.0,20.0,20.0,test
665,2026-01-29 01:00:00,2026-01-30 00:00:00,2026-01-30 01:00:00,2026-01-30 02:00:00,C车型,C车型,10,10,0.0,0.0,0.0,0.0,0.0,0.0,0.0,0.0,0.0,0.0,0.0,0.0,0.0,0.0,0.0,9.0,10.0,10.0,10.0,10.0,10.0,20.0,20.0,20.0,test
666,2026-01-29 02:00:00,2026-01-30 01:00:00,2026-01-30 02:00:00,2026-01-30 03:00:00,C车型,B车型,10,15,0.0,15.0,15.0,0.0,0.0,0.0,0.0,0.0,0.0,0.0,30.0,30.0,0.0,15.0,15.0,10.0,0.0,10.0,10.0,0.0,10.0,20.0,0.0,20.0,test
667,2026-01-29 03:00:00,2026-01-30 02:00:00,2026-01-30 03:00:00,2026-01-30 04:00:00,B车型,B车型,15,15,15.0,14.0,15.0,0.0,0.0,0.0,0.0,0.0,0.0,30.0,27.0,30.0,15.0,14.0,15.0,0.0,0.0,0.0,0.0,0.0,0.0,0.0,0.0,0.0,test
668,2026-01-29 04:00:00,2026-01-30 03:00:00,2026-01-30 04:00:00,2026-01-30 05:00:00,B车型,C车型,15,10,14.0,0.0,14.0,0.0,0.0,0.0,0.0,0.0,0.0,27.0,0.0,27.0,14.0,0.0,14.0,0.0,10.0,10.0,0.0,10.0,10.0,0.0,20.0,20.0,test
669,2026-01-29 05:00:00,2026-01-30 04:00:00,2026-01-30 05:00:00,2026-01-30 06:00:00,C车型,B车型,10,15,0.0,15.0,15.0,0.0,0.0,0.0,0.0,0.0,0.0,0.0,29.0,29.0,0.0,15.0,15.0,10.0,0.0,10.0,10.0,0.0,10.0,20.0,0.0,20.0,test
670,2026-01-29 06:00:00,2026-01-30 05:00:00,2026-01-30 06:00:00,2026-01-30 07:00:00,B车型,B车型,15,15,15.0,14.0,15.0,0.0,0.0,0.0,0.0,0.0,0.0,29.0,29.0,29.0,15.0,15.0,15.0,0.0,0.0,0.0,0.0,0.0,0.0,0.0,0.0,0.0,test
671,2026-01-29 07:00:00,2026-01-30 06:00:00,2026-01-30 07:00:00,2026-01-30 08:00:00,B车型,B车型,15,15,14.0,16.0,16.0,0.0,0.0,0.0,0.0,0.0,0.0,29.0,32.0,32.0,15.0,16.0,16.0,0.0,0.0,0.0,0.0,0.0,0.0,0.0,0.0,0.0,test
672,2026-01-29 08:00:00,2026-01-30 07:00:00,2026-01-30 08:00:00,2026-01-30 09:00:00,B车型,C车型,15,10,16.0,0.0,16.0,0.0,0.0,0.0,0.0,0.0,0.0,32.0,0.0,32.0,16.0,0.0,16.0,0.0,10.0,10.0,0.0,10.0,10.0,0.0,20.0,20.0,test
673,2026-01-29 09:00:00,2026-01-30 08:00:00,2026-01-30 09:00:00,2026-01-30 10:00:00,C车型,A车型,10,20,0.0,22.0,22.0,0.0,21.0,21.0,0.0,42.0,42.0,0.0,0.0,0.0,0.0,0.0,0.0,10.0,0.0,10.0,10.0,0.0,10.0,20.0,0.0,20.0,test
674,2026-01-29 10:00:00,2026-01-30 09:00:00,2026-01-30 10:00:00,2026-01-30 11:00:00,A车型,A车型,20,20,22.0,22.0,22.0,21.0,21.0,21.0,42.0,42.0,42.0,0.0,0.0,0.0,0.0,0.0,0.0,0.0,0.0,0.0,0.0,0.0,0.0,0.0,0.0,0.0,test
675,2026-01-29 11:00:00,2026-01-30 10:00:00,2026-01-30 11:00:00,2026-01-30 12:00:00,A车型,A车型,20,20,22.0,20.0,22.0,21.0,20.0,21.0,42.0,40.0,42.0,0.0,0.0,0.0,0.0,0.0,0.0,0.0,0.0,0.0,0.0,0.0,0.0,0.0,0.0,0.0,test
676,2026-01-29 12:00:00,2026-01-30 11:00:00,2026-01-30 12:00:00,2026-01-30 13:00:00,A车型,A车型,20,20,20.0,21.0,21.0,20.0,21.0,21.0,40.0,42.0,42.0,0.0,0.0,0.0,0.0,0.0,0.0,0.0,0.0,0.0,0.0,0.0,0.0,0.0,0.0,0.0,test
677,2026-01-29 13:00:00,2026-01-30 12:00:00,2026-01-30 13:00:00,2026-01-30 14:00:00,A车型,C车型,20,10,21.0,0.0,21.0,21.0,0.0,21.0,42.0,0.0,42.0,0.0,0.0,0.0,0.0,0.0,0.0,0.0,10.0,10.0,0.0,10.0,10.0,0.0,21.0,21.0,test
678,2026-01-29 14:00:00,2026-01-30 13:00:00,2026-01-30 14:00:00,2026-01-30 15:00:00,C车型,C车型,10,10,0.0,0.0,0.0,0.0,0.0,0.0,0.0,0.0,0.0,0.0,0.0,0.0,0.0,0.0,0.0,10.0,9.0,10.0,10.0,9.0,10.0,21.0,18.0,21.0,test
679,2026-01-29 15:00:00,2026-01-30 14:00:00,2026-01-30 15:00:00,2026-01-30 16:00:00,C车型,C车型,10,10,0.0,0.0,0.0,0.0,0.0,0.0,0.0,0.0,0.0,0.0,0.0,0.0,0.0,0.0,0.0,9.0,8.0,9.0,9.0,8.0,9.0,18.0,16.0,18.0,test
680,2026-01-29 16:00:00,2026-01-30 15:00:00,2026-01-30 16:00:00,2026-01-30 17:00:00,C车型,B车型,10,15,0.0,14.0,14.0,0.0,0.0,0.0,0.0,0.0,0.0,0.0,28.0,28.0,0.0,14.0,14.0,8.0,0.0,8.0,8.0,0.0,8.0,16.0,0.0,16.0,test
681,2026-01-29 17:00:00,2026-01-30 16:00:00,2026-01-30 17:00:00,2026-01-30 18:00:00,B车型,B车型,15,15,14.0,13.0,14.0,0.0,0.0,0.0,0.0,0.0,0.0,28.0,26.0,28.0,14.0,13.0,14.0,0.0,0.0,0.0,0.0,0.0,0.0,0.0,0.0,0.0,test
682,2026-01-29 18:00:00,2026-01-30 17:00:00,2026-01-30 18:00:00,2026-01-30 19:00:00,B车型,B车型,15,15,13.0,15.0,15.0,0.0,0.0,0.0,0.0,0.0,0.0,26.0,30.0,30.0,13.0,15.0,15.0,0.0,0.0,0.0,0.0,0.0,0.0,0.0,0.0,0.0,test
683,2026-01-29 19:00:00,2026-01-30 18:00:00,2026-01-30 19:00:00,2026-01-30 20:00:00,B车型,B车型,15,15,15.0,13.0,15.0,0.0,0.0,0.0,0.0,0.0,0.0,30.0,26.0,30.0,15.0,13.0,15.0,0.0,0.0,0.0,0.0,0.0,0.0,0.0,0.0,0.0,test
684,2026-01-29 20:00:00,2026-01-30 19:00:00,2026-01-30 20:00:00,2026-01-30 21:00:00,B车型,B车型,15,15,13.0,15.0,15.0,0.0,0.0,0.0,0.0,0.0,0.0,26.0,30.0,30.0,13.0,15.0,15.0,0.0,0.0,0.0,0.0,0.0,0.0,0.0,0.0,0.0,test
685,2026-01-29 21:00:00,2026-01-30 20:00:00,2026-01-30 21:00:00,2026-01-30 22:00:00,B车型,B车型,15,15,15.0,15.0,15.0,0.0,0.0,0.0,0.0,0.0,0.0,30.0,30.0,30.0,15.0,15.0,15.0,0.0,0.0,0.0,0.0,0.0,0.0,0.0,0.0,0.0,test
686,2026-01-29 22:00:00,2026-01-30 21:00:00,2026-01-30 22:00:00,2026-01-30 23:00:00,B车型,B车型,15,15,15.0,15.0,15.0,0.0,0.0,0.0,0.0,0.0,0.0,30.0,30.0,30.0,15.0,15.0,15.0,0.0,0.0,0.0,0.0,0.0,0.0,0.0,0.0,0.0,test
687,2026-01-29 23:00:00,2026-01-30 22:00:00,2026-01-30 23:00:00,2026-01-31 00:00:00,B车型,B车型,15,15,15.0,14.0,15.0,0.0,0.0,0.0,0.0,0.0,0.0,30.0,28.0,30.0,15.0,14.0,15.0,0.0,0.0,0.0,0.0,0.0,0.0,0.0,0.0,0.0,test
688,2026-01-30 00:00:00,2026-01-30 23:00:00,2026-01-31 00:00:00,2026-01-31 01:00:00,B车型,A车型,15,20,14.0,19.0,19.0,0.0,19.0,19.0,0.0,38.0,38.0,28.0,0.0,28.0,14.0,0.0,14.0,0.0,0.0,0.0,0.0,0.0,0.0,0.0,0.0,0.0,test
689,2026-01-30 01:00:00,2026-01-31 00:00:00,2026-01-31 01:00:00,2026-01-31 02:00:00,A车型,A车型,20,20,19.0,18.0,19.0,19.0,19.0,19.0,38.0,38.0,38.0,0.0,0.0,0.0,0.0,0.0,0.0,0.0,0.0,0.0,0.0,0.0,0.0,0.0,0.0,0.0,test
690,2026-01-30 02:00:00,2026-01-31 01:00:00,2026-01-31 02:00:00,2026-01-31 03:00:00,A车型,A车型,20,20,18.0,19.0,19.0,19.0,20.0,20.0,38.0,40.0,40.0,0.0,0.0,0.0,0.0,0.0,0.0,0.0,0.0,0.0,0.0,0.0,0.0,0.0,0.0,0.0,test
691,2026-01-30 03:00:00,2026-01-31 02:00:00,2026-01-31 03:00:00,2026-01-31 04:00:00,A车型,A车型,20,20,19.0,20.0,20.0,20.0,20.0,20.0,40.0,39.0,40.0,0.0,0.0,0.0,0.0,0.0,0.0,0.0,0.0,0.0,0.0,0.0,0.0,0.0,0.0,0.0,test
692,2026-01-30 04:00:00,2026-01-31 03:00:00,2026-01-31 04:00:00,2026-01-31 05:00:00,A车型,A车型,20,20,20.0,20.0,20.0,20.0,19.0,20.0,39.0,39.0,39.0,0.0,0.0,0.0,0.0,0.0,0.0,0.0,0.0,0.0,0.0,0.0,0.0,0.0,0.0,0.0,test
693,2026-01-30 05:00:00,2026-01-31 04:00:00,2026-01-31 05:00:00,2026-01-31 06:00:00,A车型,A车型,20,20,20.0,20.0,20.0,19.0,19.0,19.0,39.0,39.0,39.0,0.0,0.0,0.0,0.0,0.0,0.0,0.0,0.0,0.0,0.0,0.0,0.0,0.0,0.0,0.0,test
694,2026-01-30 06:00:00,2026-01-31 05:00:00,2026-01-31 06:00:00,2026-01-31 07:00:00,A车型,C车型,20,10,20.0,0.0,20.0,19.0,0.0,19.0,39.0,0.0,39.0,0.0,0.0,0.0,0.0,0.0,0.0,0.0,10.0,10.0,0.0,10.0,10.0,0.0,20.0,20.0,test
