sample_id,history_start,history_end,t_plus_1,t_plus_2,vehicle_t1,vehicle_t2,planned_output_t1,planned_output_t2,M001_real_t1,M001_real_t2,M001_real_peak,M002_real_t1,M002_real_t2,M002_real_peak,M003_real_t1,M003_real_t2,M003_real_peak,M004_real_t1,M004_real_t2,M004_real_peak,M005_real_t1,M005_real_t2,M005_real_peak,M006_real_t1,M006_real_t2,M006_real_peak,M007_real_t1,M007_real_t2,M007_real_peak,M008_real_t1,M008_real_t2,M008_real_peak
0,2026-01-01 08:00:00,2026-01-02 07:00:00,2026-01-02 08:00:00,2026-01-02 09:00:00,C车型,C车型,10,10,0.0,0.0,0.0,0.0,0.0,0.0,0.0,0.0,0.0,0.0,0.0,0.0,0.0,0.0,0.0,9.0,10.0,10.0,9.0,9.0,9.0,18.0,18.0,18.0
1,2026-01-01 09:00:00,2026-01-02 08:00:00,2026-01-02 09:00:00,2026-01-02 10:00:00,C车型,C车型,10,10,0.0,0.0,0.0,0.0,0.0,0.0,0.0,0.0,0.0,0.0,0.0,0.0,0.0,0.0,0.0,10.0,9.0,10.0,9.0,9.0,9.0,18.0,19.0,19.0
2,2026-01-01 10:00:00,2026-01-02 09:00:00,2026-01-02 10:00:00,2026-01-02 11:00:00,C车型,C车型,10,10,0.0,0.0,0.0,0.0,0.0,0.0,0.0,0.0,0.0,0.0,0.0,0.0,0.0,0.0,0.0,9.0,9.0,9.0,9.0,9.0,9.0,19.0,18.0,19.0
3,2026-01-01 11:00:00,2026-01-02 10:00:00,2026-01-02 11:00:00,2026-01-02 12:00:00,C车型,A车型,10,20,0.0,19.0,19.0,0.0,19.0,19.0,0.0,38.0,38.0,0.0,0.0,0.0,0.0,0.0,0.0,9.0,0.0,9.0,9.0,0.0,9.0,18.0,0.0,18.0
4,2026-01-01 12:00:00,2026-01-02 11:00:00,2026-01-02 12:00:00,2026-01-02 13:00:00,A车型,A车型,20,20,19.0,19.0,19.0,19.0,19.0,19.0,38.0,38.0,38.0,0.0,0.0,0.0,0.0,0.0,0.0,0.0,0.0,0.0,0.0,0.0,0.0,0.0,0.0,0.0
5,2026-01-01 13:00:00,2026-01-02 12:00:00,2026-01-02 13:00:00,2026-01-02 14:00:00,A车型,B车型,20,15,19.0,14.0,19.0,19.0,0.0,19.0,38.0,0.0,38.0,0.0,28.0,28.0,0.0,14.0,14.0,0.0,0.0,0.0,0.0,0.0,0.0,0.0,0.0,0.0
6,2026-01-01 14:00:00,2026-01-02 13:00:00,2026-01-02 14:00:00,2026-01-02 15:00:00,B车型,B车型,15,15,14.0,16.0,16.0,0.0,0.0,0.0,0.0,0.0,0.0,28.0,32.0,32.0,14.0,16.0,16.0,0.0,0.0,0.0,0.0,0.0,0.0,0.0,0.0,0.0
7,2026-01-01 15:00:00,2026-01-02 14:00:00,2026-01-02 15:00:00,2026-01-02 16:00:00,B车型,B车型,15,15,16.0,16.0,16.0,0.0,0.0,0.0,0.0,0.0,0.0,32.0,32.0,32.0,16.0,16.0,16.0,0.0,0.0,0.0,0.0,0.0,0.0,0.0,0.0,0.0
8,2026-01-01 16:00:00,2026-01-02 15:00:00,2026-01-02 16:00:00,2026-01-02 17:00:00,B车型,B车型,15,15,16.0,14.0,16.0,0.0,0.0,0.0,0.0,0.0,0.0,32.0,28.0,32.0,16.0,14.0,16.0,0.0,0.0,0.0,0.0,0.0,0.0,0.0,0.0,0.0
9,2026-01-01 17:00:00,2026-01-02 16:00:00,2026-01-02 17:00:00,2026-01-02 18:00:00,B车型,B车型,15,15,14.0,16.0,16.0,0.0,0.0,0.0,0.0,0.0,0.0,28.0,30.0,30.0,14.0,15.0,15.0,0.0,0.0,0.0,0.0,0.0,0.0,0.0,0.0,0.0
10,2026-01-01 18:00:00,2026-01-02 17:00:00,2026-01-02 18:00:00,2026-01-02 19:00:00,B车型,C车型,15,10,16.0,0.0,16.0,0.0,0.0,0.0,0.0,0.0,0.0,30.0,0.0,30.0,15.0,0.0,15.0,0.0,9.0,9.0,0.0,9.0,9.0,0.0,18.0,18.0
11,2026-01-01 19:00:00,2026-01-02 18:00:00,2026-01-02 19:00:00,2026-01-02 20:00:00,C车型,C车型,10,10,0.0,0.0,0.0,0.0,0.0,0.0,0.0,0.0,0.0,0.0,0.0,0.0,0.0,0.0,0.0,9.0,10.0,10.0,9.0,10.0,10.0,18.0,20.0,20.0
12,2026-01-01 20:00:00,2026-01-02 19:00:00,2026-01-02 20:00:00,2026-01-02 21:00:00,C车型,B车型,10,15,0.0,13.0,13.0,0.0,0.0,0.0,0.0,0.0,0.0,0.0,26.0,26.0,0.0,13.0,13.0,10.0,0.0,10.0,10.0,0.0,10.0,20.0,0.0,20.0
13,2026-01-01 21:00:00,2026-01-02 20:00:00,2026-01-02 21:00:00,2026-01-02 22:00:00,B车型,B车型,15,15,13.0,13.0,13.0,0.0,0.0,0.0,0.0,0.0,0.0,26.0,26.0,26.0,13.0,13.0,13.0,0.0,0.0,0.0,0.0,0.0,0.0,0.0,0.0,0.0
14,2026-01-01 22:00:00,2026-01-02 21:00:00,2026-01-02 22:00:00,2026-01-02 23:00:00,B车型,C车型,15,10,13.0,0.0,13.0,0.0,0.0,0.0,0.0,0.0,0.0,26.0,0.0,26.0,13.0,0.0,13.0,0.0,8.0,8.0,0.0,8.0,8.0,0.0,16.0,16.0
15,2026-01-01 23:00:00,2026-01-02 22:00:00,2026-01-02 23:00:00,2026-01-03 00:00:00,C车型,C车型,10,10,0.0,0.0,0.0,0.0,0.0,0.0,0.0,0.0,0.0,0.0,0.0,0.0,0.0,0.0,0.0,8.0,9.0,9.0,8.0,9.0,9.0,16.0,17.0,17.0
16,2026-01-02 00:00:00,2026-01-02 23:00:00,2026-01-03 00:00:00,2026-01-03 01:00:00,C车型,B车型,10,15,0.0,14.0,14.0,0.0,0.0,0.0,0.0,0.0,0.0,0.0,28.0,28.0,0.0,14.0,14.0,9.0,0.0,9.0,9.0,0.0,9.0,17.0,0.0,17.0
17,2026-01-02 01:00:00,2026-01-03 00:00:00,2026-01-03 01:00:00,2026-01-03 02:00:00,B车型,B车型,15,15,14.0,14.0,14.0,0.0,0.0,0.0,0.0,0.0,0.0,28.0,28.0,28.0,14.0,14.0,14.0,0.0,0.0,0.0,0.0,0.0,0.0,0.0,0.0,0.0
18,2026-01-02 02:00:00,2026-01-03 01:00:00,2026-01-03 02:00:00,2026-01-03 03:00:00,B车型,B车型,15,15,14.0,14.0,14.0,0.0,0.0,0.0,0.0,0.0,0.0,28.0,28.0,28.0,14.0,14.0,14.0,0.0,0.0,0.0,0.0,0.0,0.0,0.0,0.0,0.0
19,2026-01-02 03:00:00,2026-01-03 02:00:00,2026-01-03 03:00:00,2026-01-03 04:00:00,B车型,A车型,15,20,14.0,17.0,17.0,0.0,17.0,17.0,0.0,34.0,34.0,28.0,0.0,28.0,14.0,0.0,14.0,0.0,0.0,0.0,0.0,0.0,0.0,0.0,0.0,0.0
20,2026-01-02 04:00:00,2026-01-03 03:00:00,2026-01-03 04:00:00,2026-01-03 05:00:00,A车型,A车型,20,20,17.0,17.0,17.0,17.0,17.0,17.0,34.0,34.0,34.0,0.0,0.0,0.0,0.0,0.0,0.0,0.0,0.0,0.0,0.0,0.0,0.0,0.0,0.0,0.0
21,2026-01-02 05:00:00,2026-01-03 04:00:00,2026-01-03 05:00:00,2026-01-03 06:00:00,A车型,B车型,20,15,17.0,13.0,17.0,17.0,0.0,17.0,34.0,0.0,34.0,0.0,26.0,26.0,0.0,13.0,13.0,0.0,0.0,0.0,0.0,0.0,0.0,0.0,0.0,0.0
22,2026-01-02 06:00:00,2026-01-03 05:00:00,2026-01-03 06:00:00,2026-01-03 07:00:00,B车型,B车型,15,15,13.0,13.0,13.0,0.0,0.0,0.0,0.0,0.0,0.0,26.0,28.0,28.0,13.0,14.0,14.0,0.0,0.0,0.0,0.0,0.0,0.0,0.0,0.0,0.0
23,2026-01-02 07:00:00,2026-01-03 06:00:00,2026-01-03 07:00:00,2026-01-03 08:00:00,B车型,B车型,15,15,13.0,15.0,15.0,0.0,0.0,0.0,0.0,0.0,0.0,28.0,30.0,30.0,14.0,15.0,15.0,0.0,0.0,0.0,0.0,0.0,0.0,0.0,0.0,0.0
24,2026-01-02 08:00:00,2026-01-03 07:00:00,2026-01-03 08:00:00,2026-01-03 09:00:00,B车型,B车型,15,15,15.0,14.0,15.0,0.0,0.0,0.0,0.0,0.0,0.0,30.0,29.0,30.0,15.0,15.0,15.0,0.0,0.0,0.0,0.0,0.0,0.0,0.0,0.0,0.0
25,2026-01-02 09:00:00,2026-01-03 08:00:00,2026-01-03 09:00:00,2026-01-03 10:00:00,B车型,C车型,15,10,14.0,0.0,14.0,0.0,0.0,0.0,0.0,0.0,0.0,29.0,0.0,29.0,15.0,0.0,15.0,0.0,10.0,10.0,0.0,10.0,10.0,0.0,19.0,19.0
26,2026-01-02 10:00:00,2026-01-03 09:00:00,2026-01-03 10:00:00,2026-01-03 11:00:00,C车型,A车型,10,20,0.0,20.0,20.0,0.0,20.0,20.0,0.0,41.0,41.0,0.0,0.0,0.0,0.0,0.0,0.0,10.0,0.0,10.0,10.0,0.0,10.0,19.0,0.0,19.0
27,2026-01-02 11:00:00,2026-01-03 10:00:00,2026-01-03 11:00:00,2026-01-03 12:00:00,A车型,C车型,20,10,20.0,0.0,20.0,20.0,0.0,20.0,41.0,0.0,41.0,0.0,0.0,0.0,0.0,0.0,0.0,0.0,9.0,9.0,0.0,9.0,9.0,0.0,18.0,18.0
28,2026-01-02 12:00:00,2026-01-03 11:00:00,2026-01-03 12:00:00,2026-01-03 13:00:00,C车型,C车型,10,10,0.0,0.0,0.0,0.0,0.0,0.0,0.0,0.0,0.0,0.0,0.0,0.0,0.0,0.0,0.0,9.0,10.0,10.0,9.0,11.0,11.0,18.0,20.0,20.0
29,2026-01-02 13:00:00,2026-01-03 12:00:00,2026-01-03 13:00:00,2026-01-03 14:00:00,C车型,C车型,10,10,0.0,0.0,0.0,0.0,0.0,0.0,0.0,0.0,0.0,0.0,0.0,0.0,0.0,0.0,0.0,10.0,11.0,11.0,11.0,12.0,12.0,20.0,22.0,22.0
30,2026-01-02 14:00:00,2026-01-03 13:00:00,2026-01-03 14:00:00,2026-01-03 15:00:00,C车型,C车型,10,10,0.0,0.0,0.0,0.0,0.0,0.0,0.0,0.0,0.0,0.0,0.0,0.0,0.0,0.0,0.0,11.0,13.0,13.0,12.0,13.0,13.0,22.0,24.0,24.0
31,2026-01-02 15:00:00,2026-01-03 14:00:00,2026-01-03 15:00:00,2026-01-03 16:00:00,C车型,B车型,10,15,0.0,15.0,15.0,0.0,0.0,0.0,0.0,0.0,0.0,0.0,31.0,31.0,0.0,16.0,16.0,13.0,0.0,13.0,13.0,0.0,13.0,24.0,0.0,24.0
32,2026-01-02 16:00:00,2026-01-03 15:00:00,2026-01-03 16:00:00,2026-01-03 17:00:00,B车型,A车型,15,20,15.0,20.0,20.0,0.0,20.0,20.0,0.0,41.0,41.0,31.0,0.0,31.0,16.0,0.0,16.0,0.0,0.0,0.0,0.0,0.0,0.0,0.0,0.0,0.0
33,2026-01-02 17:00:00,2026-01-03 16:00:00,2026-01-03 17:00:00,2026-01-03 18:00:00,A车型,A车型,20,20,20.0,20.0,20.0,20.0,20.0,20.0,41.0,40.0,41.0,0.0,0.0,0.0,0.0,0.0,0.0,0.0,0.0,0.0,0.0,0.0,0.0,0.0,0.0,0.0
34,2026-01-02 18:00:00,2026-01-03 17:00:00,2026-01-03 18:00:00,2026-01-03 19:00:00,A车型,A车型,20,20,20.0,21.0,21.0,20.0,22.0,22.0,40.0,42.0,42.0,0.0,0.0,0.0,0.0,0.0,0.0,0.0,0.0,0.0,0.0,0.0,0.0,0.0,0.0,0.0
35,2026-01-02 19:00:00,2026-01-03 18:00:00,2026-01-03 19:00:00,2026-01-03 20:00:00,A车型,A车型,20,20,21.0,20.0,21.0,22.0,20.0,22.0,42.0,40.0,42.0,0.0,0.0,0.0,0.0,0.0,0.0,0.0,0.0,0.0,0.0,0.0,0.0,0.0,0.0,0.0
36,2026-01-02 20:00:00,2026-01-03 19:00:00,2026-01-03 20:00:00,2026-01-03 21:00:00,A车型,A车型,20,20,20.0,21.0,21.0,20.0,20.0,20.0,40.0,40.0,40.0,0.0,0.0,0.0,0.0,0.0,0.0,0.0,0.0,0.0,0.0,0.0,0.0,0.0,0.0,0.0
37,2026-01-02 21:00:00,2026-01-03 20:00:00,2026-01-03 21:00:00,2026-01-03 22:00:00,A车型,C车型,20,10,21.0,0.0,21.0,20.0,0.0,20.0,40.0,0.0,40.0,0.0,0.0,0.0,0.0,0.0,0.0,0.0,9.0,9.0,0.0,10.0,10.0,0.0,18.0,18.0
38,2026-01-02 22:00:00,2026-01-03 21:00:00,2026-01-03 22:00:00,2026-01-03 23:00:00,C车型,C车型,10,10,0.0,0.0,0.0,0.0,0.0,0.0,0.0,0.0,0.0,0.0,0.0,0.0,0.0,0.0,0.0,9.0,9.0,9.0,10.0,8.0,10.0,18.0,16.0,18.0
39,2026-01-02 23:00:00,2026-01-03 22:00:00,2026-01-03 23:00:00,2026-01-04 00:00:00,C车型,B车型,10,15,0.0,14.0,14.0,0.0,0.0,0.0,0.0,0.0,0.0,0.0,29.0,29.0,0.0,14.0,14.0,9.0,0.0,9.0,8.0,0.0,8.0,16.0,0.0,16.0
40,2026-01-03 00:00:00,2026-01-03 23:00:00,2026-01-04 00:00:00,2026-01-04 01:00:00,B车型,B车型,15,15,14.0,15.0,15.0,0.0,0.0,0.0,0.0,0.0,0.0,29.0,30.0,30.0,14.0,15.0,15.0,0.0,0.0,0.0,0.0,0.0,0.0,0.0,0.0,0.0
41,2026-01-03 01:00:00,2026-01-04 00:00:00,2026-01-04 01:00:00,2026-01-04 02:00:00,B车型,A车型,15,20,15.0,19.0,19.0,0.0,19.0,19.0,0.0,38.0,38.0,30.0,0.0,30.0,15.0,0.0,15.0,0.0,0.0,0.0,0.0,0.0,0.0,0.0,0.0,0.0
42,2026-01-03 02:00:00,2026-01-04 01:00:00,2026-01-04 02:00:00,2026-01-04 03:00:00,A车型,A车型,20,20,19.0,20.0,20.0,19.0,20.0,20.0,38.0,40.0,40.0,0.0,0.0,0.0,0.0,0.0,0.0,0.0,0.0,0.0,0.0,0.0,0.0,0.0,0.0,0.0
43,2026-01-03 03:00:00,2026-01-04 02:00:00,2026-01-04 03:00:00,2026-01-04 04:00:00,A车型,B车型,20,15,20.0,15.0,20.0,20.0,0.0,20.0,40.0,0.0,40.0,0.0,30.0,30.0,0.0,15.0,15.0,0.0,0.0,0.0,0.0,0.0,0.0,0.0,0.0,0.0
44,2026-01-03 04:00:00,2026-01-04 03:00:00,2026-01-04 04:00:00,2026-01-04 05:00:00,B车型,B车型,15,15,15.0,15.0,15.0,0.0,0.0,0.0,0.0,0.0,0.0,30.0,30.0,30.0,15.0,15.0,15.0,0.0,0.0,0.0,0.0,0.0,0.0,0.0,0.0,0.0
45,2026-01-03 05:00:00,2026-01-04 04:00:00,2026-01-04 05:00:00,2026-01-04 06:00:00,B车型,B车型,15,15,15.0,15.0,15.0,0.0,0.0,0.0,0.0,0.0,0.0,30.0,31.0,31.0,15.0,15.0,15.0,0.0,0.0,0.0,0.0,0.0,0.0,0.0,0.0,0.0
46,2026-01-03 06:00:00,2026-01-04 05:00:00,2026-01-04 06:00:00,2026-01-04 07:00:00,B车型,C车型,15,10,15.0,0.0,15.0,0.0,0.0,0.0,0.0,0.0,0.0,31.0,0.0,31.0,15.0,0.0,15.0,0.0,11.0,11.0,0.0,11.0,11.0,0.0,22.0,22.0
47,2026-01-03 07:00:00,2026-01-04 06:00:00,2026-01-04 07:00:00,2026-01-04 08:00:00,C车型,A车型,10,20,0.0,22.0,22.0,0.0,22.0,22.0,0.0,44.0,44.0,0.0,0.0,0.0,0.0,0.0,0.0,11.0,0.0,11.0,11.0,0.0,11.0,22.0,0.0,22.0
48,2026-01-03 08:00:00,2026-01-04 07:00:00,2026-01-04 08:00:00,2026-01-04 09:00:00,A车型,A车型,20,20,22.0,23.0,23.0,22.0,23.0,23.0,44.0,47.0,47.0,0.0,0.0,0.0,0.0,0.0,0.0,0.0,0.0,0.0,0.0,0.0,0.0,0.0,0.0,0.0
49,2026-01-03 09:00:00,2026-01-04 08:00:00,2026-01-04 09:00:00,2026-01-04 10:00:00,A车型,A车型,20,20,23.0,20.0,23.0,23.0,20.0,23.0,47.0,41.0,47.0,0.0,0.0,0.0,0.0,0.0,0.0,0.0,0.0,0.0,0.0,0.0,0.0,0.0,0.0,0.0
50,2026-01-03 10:00:00,2026-01-04 09:00:00,2026-01-04 10:00:00,2026-01-04 11:00:00,A车型,C车型,20,10,20.0,0.0,20.0,20.0,0.0,20.0,41.0,0.0,41.0,0.0,0.0,0.0,0.0,0.0,0.0,0.0,11.0,11.0,0.0,11.0,11.0,0.0,22.0,22.0
51,2026-01-03 11:00:00,2026-01-04 10:00:00,2026-01-04 11:00:00,2026-01-04 12:00:00,C车型,C车型,10,10,0.0,0.0,0.0,0.0,0.0,0.0,0.0,0.0,0.0,0.0,0.0,0.0,0.0,0.0,0.0,11.0,10.0,11.0,11.0,10.0,11.0,22.0,20.0,22.0
52,2026-01-03 12:00:00,2026-01-04 11:00:00,2026-01-04 12:00:00,2026-01-04 13:00:00,C车型,C车型,10,10,0.0,0.0,0.0,0.0,0.0,0.0,0.0,0.0,0.0,0.0,0.0,0.0,0.0,0.0,0.0,10.0,10.0,10.0,10.0,10.0,10.0,20.0,20.0,20.0
53,2026-01-03 13:00:00,2026-01-04 12:00:00,2026-01-04 13:00:00,2026-01-04 14:00:00,C车型,C车型,10,10,0.0,0.0,0.0,0.0,0.0,0.0,0.0,0.0,0.0,0.0,0.0,0.0,0.0,0.0,0.0,10.0,10.0,10.0,10.0,10.0,10.0,20.0,20.0,20.0
54,2026-01-03 14:00:00,2026-01-04 13:00:00,2026-01-04 14:00:00,2026-01-04 15:00:00,C车型,C车型,10,10,0.0,0.0,0.0,0.0,0.0,0.0,0.0,0.0,0.0,0.0,0.0,0.0,0.0,0.0,0.0,10.0,9.0,10.0,10.0,9.0,10.0,20.0,18.0,20.0
55,2026-01-03 15:00:00,2026-01-04 14:00:00,2026-01-04 15:00:00,2026-01-04 16:00:00,C车型,A车型,10,20,0.0,19.0,19.0,0.0,19.0,19.0,0.0,39.0,39.0,0.0,0.0,0.0,0.0,0.0,0.0,9.0,0.0,9.0,9.0,0.0,9.0,18.0,0.0,18.0
56,2026-01-03 16:00:00,2026-01-04 15:00:00,2026-01-04 16:00:00,2026-01-04 17:00:00,A车型,A车型,20,20,19.0,19.0,19.0,19.0,19.0,19.0,39.0,39.0,39.0,0.0,0.0,0.0,0.0,0.0,0.0,0.0,0.0,0.0,0.0,0.0,0.0,0.0,0.0,0.0
57,2026-01-03 17:00:00,2026-01-04 16:00:00,2026-01-04 17:00:00,2026-01-04 18:00:00,A车型,B车型,20,15,19.0,16.0,19.0,19.0,0.0,19.0,39.0,0.0,39.0,0.0,33.0,33.0,0.0,16.0,16.0,0.0,0.0,0.0,0.0,0.0,0.0,0.0,0.0,0.0
58,2026-01-03 18:00:00,2026-01-04 17:00:00,2026-01-04 18:00:00,2026-01-04 19:00:00,B车型,B车型,15,15,16.0,15.0,16.0,0.0,0.0,0.0,0.0,0.0,0.0,33.0,31.0,33.0,16.0,15.0,16.0,0.0,0.0,0.0,0.0,0.0,0.0,0.0,0.0,0.0
59,2026-01-03 19:00:00,2026-01-04 18:00:00,2026-01-04 19:00:00,2026-01-04 20:00:00,B车型,B车型,15,15,15.0,14.0,15.0,0.0,0.0,0.0,0.0,0.0,0.0,31.0,28.0,31.0,15.0,14.0,15.0,0.0,0.0,0.0,0.0,0.0,0.0,0.0,0.0,0.0
60,2026-01-03 20:00:00,2026-01-04 19:00:00,2026-01-04 20:00:00,2026-01-04 21:00:00,B车型,B车型,15,15,14.0,14.0,14.0,0.0,0.0,0.0,0.0,0.0,0.0,28.0,28.0,28.0,14.0,13.0,14.0,0.0,0.0,0.0,0.0,0.0,0.0,0.0,0.0,0.0
61,2026-01-03 21:00:00,2026-01-04 20:00:00,2026-01-04 21:00:00,2026-01-04 22:00:00,B车型,B车型,15,15,14.0,14.0,14.0,0.0,0.0,0.0,0.0,0.0,0.0,28.0,30.0,30.0,13.0,15.0,15.0,0.0,0.0,0.0,0.0,0.0,0.0,0.0,0.0,0.0
62,2026-01-03 22:00:00,2026-01-04 21:00:00,2026-01-04 22:00:00,2026-01-04 23:00:00,B车型,C车型,15,10,14.0,0.0,14.0,0.0,0.0,0.0,0.0,0.0,0.0,30.0,0.0,30.0,15.0,0.0,15.0,0.0,10.0,10.0,0.0,10.0,10.0,0.0,20.0,20.0
63,2026-01-03 23:00:00,2026-01-04 22:00:00,2026-01-04 23:00:00,2026-01-05 00:00:00,C车型,C车型,10,10,0.0,0.0,0.0,0.0,0.0,0.0,0.0,0.0,0.0,0.0,0.0,0.0,0.0,0.0,0.0,10.0,10.0,10.0,10.0,10.0,10.0,20.0,20.0,20.0
64,2026-01-04 00:00:00,2026-01-04 23:00:00,2026-01-05 00:00:00,2026-01-05 01:00:00,C车型,C车型,10,10,0.0,0.0,0.0,0.0,0.0,0.0,0.0,0.0,0.0,0.0,0.0,0.0,0.0,0.0,0.0,10.0,10.0,10.0,10.0,10.0,10.0,20.0,20.0,20.0
65,2026-01-04 01:00:00,2026-01-05 00:00:00,2026-01-05 01:00:00,2026-01-05 02:00:00,C车型,C车型,10,10,0.0,0.0,0.0,0.0,0.0,0.0,0.0,0.0,0.0,0.0,0.0,0.0,0.0,0.0,0.0,10.0,10.0,10.0,10.0,9.0,10.0,20.0,20.0,20.0
66,2026-01-04 02:00:00,2026-01-05 01:00:00,2026-01-05 02:00:00,2026-01-05 03:00:00,C车型,C车型,10,10,0.0,0.0,0.0,0.0,0.0,0.0,0.0,0.0,0.0,0.0,0.0,0.0,0.0,0.0,0.0,10.0,10.0,10.0,9.0,9.0,9.0,20.0,20.0,20.0
67,2026-01-04 03:00:00,2026-01-05 02:00:00,2026-01-05 03:00:00,2026-01-05 04:00:00,C车型,A车型,10,20,0.0,19.0,19.0,0.0,19.0,19.0,0.0,38.0,38.0,0.0,0.0,0.0,0.0,0.0,0.0,10.0,0.0,10.0,9.0,0.0,9.0,20.0,0.0,20.0
68,2026-01-04 04:00:00,2026-01-05 03:00:00,2026-01-05 04:00:00,2026-01-05 05:00:00,A车型,A车型,20,20,19.0,19.0,19.0,19.0,19.0,19.0,38.0,38.0,38.0,0.0,0.0,0.0,0.0,0.0,0.0,0.0,0.0,0.0,0.0,0.0,0.0,0.0,0.0,0.0
69,2026-01-04 05:00:00,2026-01-05 04:00:00,2026-01-05 05:00:00,2026-01-05 06:00:00,A车型,B车型,20,15,19.0,14.0,19.0,19.0,0.0,19.0,38.0,0.0,38.0,0.0,28.0,28.0,0.0,14.0,14.0,0.0,0.0,0.0,0.0,0.0,0.0,0.0,0.0,0.0
70,2026-01-04 06:00:00,2026-01-05 05:00:00,2026-01-05 06:00:00,2026-01-05 07:00:00,B车型,B车型,15,15,14.0,13.0,14.0,0.0,0.0,0.0,0.0,0.0,0.0,28.0,26.0,28.0,14.0,13.0,14.0,0.0,0.0,0.0,0.0,0.0,0.0,0.0,0.0,0.0
71,2026-01-04 07:00:00,2026-01-05 06:00:00,2026-01-05 07:00:00,2026-01-05 08:00:00,B车型,B车型,15,15,13.0,14.0,14.0,0.0,0.0,0.0,0.0,0.0,0.0,26.0,28.0,28.0,13.0,14.0,14.0,0.0,0.0,0.0,0.0,0.0,0.0,0.0,0.0,0.0
72,2026-01-04 08:00:00,2026-01-05 07:00:00,2026-01-05 08:00:00,2026-01-05 09:00:00,B车型,B车型,15,15,14.0,15.0,15.0,0.0,0.0,0.0,0.0,0.0,0.0,28.0,31.0,31.0,14.0,15.0,15.0,0.0,0.0,0.0,0.0,0.0,0.0,0.0,0.0,0.0
73,2026-01-04 09:00:00,2026-01-05 08:00:00,2026-01-05 09:00:00,2026-01-05 10:00:00,B车型,B车型,15,15,15.0,16.0,16.0,0.0,0.0,0.0,0.0,0.0,0.0,31.0,31.0,31.0,15.0,15.0,15.0,0.0,0.0,0.0,0.0,0.0,0.0,0.0,0.0,0.0
74,2026-01-04 10:00:00,2026-01-05 09:00:00,2026-01-05 10:00:00,2026-01-05 11:00:00,B车型,B车型,15,15,16.0,15.0,16.0,0.0,0.0,0.0,0.0,0.0,0.0,31.0,30.0,31.0,15.0,15.0,15.0,0.0,0.0,0.0,0.0,0.0,0.0,0.0,0.0,0.0
75,2026-01-04 11:00:00,2026-01-05 10:00:00,2026-01-05 11:00:00,2026-01-05 12:00:00,B车型,B车型,15,15,15.0,14.0,15.0,0.0,0.0,0.0,0.0,0.0,0.0,30.0,28.0,30.0,15.0,14.0,15.0,0.0,0.0,0.0,0.0,0.0,0.0,0.0,0.0,0.0
76,2026-01-04 12:00:00,2026-01-05 11:00:00,2026-01-05 12:00:00,2026-01-05 13:00:00,B车型,A车型,15,20,14.0,20.0,20.0,0.0,20.0,20.0,0.0,39.0,39.0,28.0,0.0,28.0,14.0,0.0,14.0,0.0,0.0,0.0,0.0,0.0,0.0,0.0,0.0,0.0
77,2026-01-04 13:00:00,2026-01-05 12:00:00,2026-01-05 13:00:00,2026-01-05 14:00:00,A车型,B车型,20,15,20.0,15.0,20.0,20.0,0.0,20.0,39.0,0.0,39.0,0.0,28.0,28.0,0.0,14.0,14.0,0.0,0.0,0.0,0.0,0.0,0.0,0.0,0.0,0.0
78,2026-01-04 14:00:00,2026-01-05 13:00:00,2026-01-05 14:00:00,2026-01-05 15:00:00,B车型,B车型,15,15,15.0,14.0,15.0,0.0,0.0,0.0,0.0,0.0,0.0,28.0,28.0,28.0,14.0,14.0,14.0,0.0,0.0,0.0,0.0,0.0,0.0,0.0,0.0,0.0
79,2026-01-04 15:00:00,2026-01-05 14:00:00,2026-01-05 15:00:00,2026-01-05 16:00:00,B车型,B车型,15,15,14.0,14.0,14.0,0.0,0.0,0.0,0.0,0.0,0.0,28.0,28.0,28.0,14.0,14.0,14.0,0.0,0.0,0.0,0.0,0.0,0.0,0.0,0.0,0.0
80,2026-01-04 16:00:00,2026-01-05 15:00:00,2026-01-05 16:00:00,2026-01-05 17:00:00,B车型,A车型,15,20,14.0,20.0,20.0,0.0,19.0,19.0,0.0,38.0,38.0,28.0,0.0,28.0,14.0,0.0,14.0,0.0,0.0,0.0,0.0,0.0,0.0,0.0,0.0,0.0
81,2026-01-04 17:00:00,2026-01-05 16:00:00,2026-01-05 17:00:00,2026-01-05 18:00:00,A车型,A车型,20,20,20.0,21.0,21.0,19.0,21.0,21.0,38.0,42.0,42.0,0.0,0.0,0.0,0.0,0.0,0.0,0.0,0.0,0.0,0.0,0.0,0.0,0.0,0.0,0.0
82,2026-01-04 18:00:00,2026-01-05 17:00:00,2026-01-05 18:00:00,2026-01-05 19:00:00,A车型,A车型,20,20,21.0,21.0,21.0,21.0,22.0,22.0,42.0,42.0,42.0,0.0,0.0,0.0,0.0,0.0,0.0,0.0,0.0,0.0,0.0,0.0,0.0,0.0,0.0,0.0
83,2026-01-04 19:00:00,2026-01-05 18:00:00,2026-01-05 19:00:00,2026-01-05 20:00:00,A车型,A车型,20,20,21.0,21.0,21.0,22.0,22.0,22.0,42.0,42.0,42.0,0.0,0.0,0.0,0.0,0.0,0.0,0.0,0.0,0.0,0.0,0.0,0.0,0.0,0.0,0.0
84,2026-01-04 20:00:00,2026-01-05 19:00:00,2026-01-05 20:00:00,2026-01-05 21:00:00,A车型,C车型,20,10,21.0,0.0,21.0,22.0,0.0,22.0,42.0,0.0,42.0,0.0,0.0,0.0,0.0,0.0,0.0,0.0,11.0,11.0,0.0,11.0,11.0,0.0,22.0,22.0
85,2026-01-04 21:00:00,2026-01-05 20:00:00,2026-01-05 21:00:00,2026-01-05 22:00:00,C车型,C车型,10,10,0.0,0.0,0.0,0.0,0.0,0.0,0.0,0.0,0.0,0.0,0.0,0.0,0.0,0.0,0.0,11.0,9.0,11.0,11.0,9.0,11.0,22.0,18.0,22.0
86,2026-01-04 22:00:00,2026-01-05 21:00:00,2026-01-05 22:00:00,2026-01-05 23:00:00,C车型,A车型,10,20,0.0,19.0,19.0,0.0,19.0,19.0,0.0,38.0,38.0,0.0,0.0,0.0,0.0,0.0,0.0,9.0,0.0,9.0,9.0,0.0,9.0,18.0,0.0,18.0
87,2026-01-04 23:00:00,2026-01-05 22:00:00,2026-01-05 23:00:00,2026-01-06 00:00:00,A车型,A车型,20,20,19.0,19.0,19.0,19.0,19.0,19.0,38.0,38.0,38.0,0.0,0.0,0.0,0.0,0.0,0.0,0.0,0.0,0.0,0.0,0.0,0.0,0.0,0.0,0.0
88,2026-01-05 00:00:00,2026-01-05 23:00:00,2026-01-06 00:00:00,2026-01-06 01:00:00,A车型,A车型,20,20,19.0,21.0,21.0,19.0,21.0,21.0,38.0,41.0,41.0,0.0,0.0,0.0,0.0,0.0,0.0,0.0,0.0,0.0,0.0,0.0,0.0,0.0,0.0,0.0
89,2026-01-05 01:00:00,2026-01-06 00:00:00,2026-01-06 01:00:00,2026-01-06 02:00:00,A车型,B车型,20,15,21.0,15.0,21.0,21.0,0.0,21.0,41.0,0.0,41.0,0.0,29.0,29.0,0.0,15.0,15.0,0.0,0.0,0.0,0.0,0.0,0.0,0.0,0.0,0.0
90,2026-01-05 02:00:00,2026-01-06 01:00:00,2026-01-06 02:00:00,2026-01-06 03:00:00,B车型,A车型,15,20,15.0,20.0,20.0,0.0,20.0,20.0,0.0,39.0,39.0,29.0,0.0,29.0,15.0,0.0,15.0,0.0,0.0,0.0,0.0,0.0,0.0,0.0,0.0,0.0
91,2026-01-05 03:00:00,2026-01-06 02:00:00,2026-01-06 03:00:00,2026-01-06 04:00:00,A车型,A车型,20,20,20.0,20.0,20.0,20.0,20.0,20.0,39.0,39.0,39.0,0.0,0.0,0.0,0.0,0.0,0.0,0.0,0.0,0.0,0.0,0.0,0.0,0.0,0.0,0.0
92,2026-01-05 04:00:00,2026-01-06 03:00:00,2026-01-06 04:00:00,2026-01-06 05:00:00,A车型,A车型,20,20,20.0,19.0,20.0,20.0,19.0,20.0,39.0,37.0,39.0,0.0,0.0,0.0,0.0,0.0,0.0,0.0,0.0,0.0,0.0,0.0,0.0,0.0,0.0,0.0
93,2026-01-05 05:00:00,2026-01-06 04:00:00,2026-01-06 05:00:00,2026-01-06 06:00:00,A车型,A车型,20,20,19.0,20.0,20.0,19.0,20.0,20.0,37.0,39.0,39.0,0.0,0.0,0.0,0.0,0.0,0.0,0.0,0.0,0.0,0.0,0.0,0.0,0.0,0.0,0.0
94,2026-01-05 06:00:00,2026-01-06 05:00:00,2026-01-06 06:00:00,2026-01-06 07:00:00,A车型,A车型,20,20,20.0,20.0,20.0,20.0,20.0,20.0,39.0,39.0,39.0,0.0,0.0,0.0,0.0,0.0,0.0,0.0,0.0,0.0,0.0,0.0,0.0,0.0,0.0,0.0
95,2026-01-05 07:00:00,2026-01-06 06:00:00,2026-01-06 07:00:00,2026-01-06 08:00:00,A车型,A车型,20,20,20.0,22.0,22.0,20.0,22.0,22.0,39.0,44.0,44.0,0.0,0.0,0.0,0.0,0.0,0.0,0.0,0.0,0.0,0.0,0.0,0.0,0.0,0.0,0.0
96,2026-01-05 08:00:00,2026-01-06 07:00:00,2026-01-06 08:00:00,2026-01-06 09:00:00,A车型,A车型,20,20,22.0,22.0,22.0,22.0,21.0,22.0,44.0,42.0,44.0,0.0,0.0,0.0,0.0,0.0,0.0,0.0,0.0,0.0,0.0,0.0,0.0,0.0,0.0,0.0
97,2026-01-05 09:00:00,2026-01-06 08:00:00,2026-01-06 09:00:00,2026-01-06 10:00:00,A车型,A车型,20,20,22.0,23.0,23.0,21.0,22.0,22.0,42.0,44.0,44.0,0.0,0.0,0.0,0.0,0.0,0.0,0.0,0.0,0.0,0.0,0.0,0.0,0.0,0.0,0.0
98,2026-01-05 10:00:00,2026-01-06 09:00:00,2026-01-06 10:00:00,2026-01-06 11:00:00,A车型,B车型,20,15,23.0,15.0,23.0,22.0,0.0,22.0,44.0,0.0,44.0,0.0,30.0,30.0,0.0,15.0,15.0,0.0,0.0,0.0,0.0,0.0,0.0,0.0,0.0,0.0
99,2026-01-05 11:00:00,2026-01-06 10:00:00,2026-01-06 11:00:00,2026-01-06 12:00:00,B车型,A车型,15,20,15.0,22.0,22.0,0.0,21.0,21.0,0.0,42.0,42.0,30.0,0.0,30.0,15.0,0.0,15.0,0.0,0.0,0.0,0.0,0.0,0.0,0.0,0.0,0.0
100,2026-01-05 12:00:00,2026-01-06 11:00:00,2026-01-06 12:00:00,2026-01-06 13:00:00,A车型,A车型,20,20,22.0,22.0,22.0,21.0,22.0,22.0,42.0,44.0,44.0,0.0,0.0,0.0,0.0,0.0,0.0,0.0,0.0,0.0,0.0,0.0,0.0,0.0,0.0,0.0
101,2026-01-05 13:00:00,2026-01-06 12:00:00,2026-01-06 13:00:00,2026-01-06 14:00:00,A车型,A车型,20,20,22.0,23.0,23.0,22.0,22.0,22.0,44.0,44.0,44.0,0.0,0.0,0.0,0.0,0.0,0.0,0.0,0.0,0.0,0.0,0.0,0.0,0.0,0.0,0.0
102,2026-01-05 14:00:00,2026-01-06 13:00:00,2026-01-06 14:00:00,2026-01-06 15:00:00,A车型,A车型,20,20,23.0,21.0,23.0,22.0,22.0,22.0,44.0,42.0,44.0,0.0,0.0,0.0,0.0,0.0,0.0,0.0,0.0,0.0,0.0,0.0,0.0,0.0,0.0,0.0
103,2026-01-05 15:00:00,2026-01-06 14:00:00,2026-01-06 15:00:00,2026-01-06 16:00:00,A车型,A车型,20,20,21.0,21.0,21.0,22.0,21.0,22.0,42.0,42.0,42.0,0.0,0.0,0.0,0.0,0.0,0.0,0.0,0.0,0.0,0.0,0.0,0.0,0.0,0.0,0.0
104,2026-01-05 16:00:00,2026-01-06 15:00:00,2026-01-06 16:00:00,2026-01-06 17:00:00,A车型,B车型,20,15,21.0,15.0,21.0,21.0,0.0,21.0,42.0,0.0,42.0,0.0,30.0,30.0,0.0,15.0,15.0,0.0,0.0,0.0,0.0,0.0,0.0,0.0,0.0,0.0
105,2026-01-05 17:00:00,2026-01-06 16:00:00,2026-01-06 17:00:00,2026-01-06 18:00:00,B车型,B车型,15,15,15.0,14.0,15.0,0.0,0.0,0.0,0.0,0.0,0.0,30.0,28.0,30.0,15.0,14.0,15.0,0.0,0.0,0.0,0.0,0.0,0.0,0.0,0.0,0.0
106,2026-01-05 18:00:00,2026-01-06 17:00:00,2026-01-06 18:00:00,2026-01-06 19:00:00,B车型,B车型,15,15,14.0,14.0,14.0,0.0,0.0,0.0,0.0,0.0,0.0,28.0,28.0,28.0,14.0,14.0,14.0,0.0,0.0,0.0,0.0,0.0,0.0,0.0,0.0,0.0
107,2026-01-05 19:00:00,2026-01-06 18:00:00,2026-01-06 19:00:00,2026-01-06 20:00:00,B车型,A车型,15,20,14.0,19.0,19.0,0.0,18.0,18.0,0.0,36.0,36.0,28.0,0.0,28.0,14.0,0.0,14.0,0.0,0.0,0.0,0.0,0.0,0.0,0.0,0.0,0.0
108,2026-01-05 20:00:00,2026-01-06 19:00:00,2026-01-06 20:00:00,2026-01-06 21:00:00,A车型,A车型,20,20,19.0,20.0,20.0,18.0,19.0,19.0,36.0,38.0,38.0,0.0,0.0,0.0,0.0,0.0,0.0,0.0,0.0,0.0,0.0,0.0,0.0,0.0,0.0,0.0
109,2026-01-05 21:00:00,2026-01-06 20:00:00,2026-01-06 21:00:00,2026-01-06 22:00:00,A车型,C车型,20,10,20.0,0.0,20.0,19.0,0.0,19.0,38.0,0.0,38.0,0.0,0.0,0.0,0.0,0.0,0.0,0.0,9.0,9.0,0.0,9.0,9.0,0.0,19.0,19.0
110,2026-01-05 22:00:00,2026-01-06 21:00:00,2026-01-06 22:00:00,2026-01-06 23:00:00,C车型,A车型,10,20,0.0,20.0,20.0,0.0,20.0,20.0,0.0,40.0,40.0,0.0,0.0,0.0,0.0,0.0,0.0,9.0,0.0,9.0,9.0,0.0,9.0,19.0,0.0,19.0
111,2026-01-05 23:00:00,2026-01-06 22:00:00,2026-01-06 23:00:00,2026-01-07 00:00:00,A车型,C车型,20,10,20.0,0.0,20.0,20.0,0.0,20.0,40.0,0.0,40.0,0.0,0.0,0.0,0.0,0.0,0.0,0.0,9.0,9.0,0.0,9.0,9.0,0.0,18.0,18.0
112,2026-01-06 00:00:00,2026-01-06 23:00:00,2026-01-07 00:00:00,2026-01-07 01:00:00,C车型,C车型,10,10,0.0,0.0,0.0,0.0,0.0,0.0,0.0,0.0,0.0,0.0,0.0,0.0,0.0,0.0,0.0,9.0,9.0,9.0,9.0,9.0,9.0,18.0,18.0,18.0
113,2026-01-06 01:00:00,2026-01-07 00:00:00,2026-01-07 01:00:00,2026-01-07 02:00:00,C车型,C车型,10,10,0.0,0.0,0.0,0.0,0.0,0.0,0.0,0.0,0.0,0.0,0.0,0.0,0.0,0.0,0.0,9.0,10.0,10.0,9.0,10.0,10.0,18.0,20.0,20.0
114,2026-01-06 02:00:00,2026-01-07 01:00:00,2026-01-07 02:00:00,2026-01-07 03:00:00,C车型,A车型,10,20,0.0,18.0,18.0,0.0,18.0,18.0,0.0,36.0,36.0,0.0,0.0,0.0,0.0,0.0,0.0,10.0,0.0,10.0,10.0,0.0,10.0,20.0,0.0,20.0
115,2026-01-06 03:00:00,2026-01-07 02:00:00,2026-01-07 03:00:00,2026-01-07 04:00:00,A车型,A车型,20,20,18.0,19.0,19.0,18.0,19.0,19.0,36.0,38.0,38.0,0.0,0.0,0.0,0.0,0.0,0.0,0.0,0.0,0.0,0.0,0.0,0.0,0.0,0.0,0.0
116,2026-01-06 04:00:00,2026-01-07 03:00:00,2026-01-07 04:00:00,2026-01-07 05:00:00,A车型,B车型,20,15,19.0,15.0,19.0,19.0,0.0,19.0,38.0,0.0,38.0,0.0,30.0,30.0,0.0,15.0,15.0,0.0,0.0,0.0,0.0,0.0,0.0,0.0,0.0,0.0
117,2026-01-06 05:00:00,2026-01-07 04:00:00,2026-01-07 05:00:00,2026-01-07 06:00:00,B车型,B车型,15,15,15.0,14.0,15.0,0.0,0.0,0.0,0.0,0.0,0.0,30.0,27.0,30.0,15.0,14.0,15.0,0.0,0.0,0.0,0.0,0.0,0.0,0.0,0.0,0.0
118,2026-01-06 06:00:00,2026-01-07 05:00:00,2026-01-07 06:00:00,2026-01-07 07:00:00,B车型,B车型,15,15,14.0,13.0,14.0,0.0,0.0,0.0,0.0,0.0,0.0,27.0,27.0,27.0,14.0,14.0,14.0,0.0,0.0,0.0,0.0,0.0,0.0,0.0,0.0,0.0
119,2026-01-06 07:00:00,2026-01-07 06:00:00,2026-01-07 07:00:00,2026-01-07 08:00:00,B车型,A车型,15,20,13.0,20.0,20.0,0.0,20.0,20.0,0.0,41.0,41.0,27.0,0.0,27.0,14.0,0.0,14.0,0.0,0.0,0.0,0.0,0.0,0.0,0.0,0.0,0.0
120,2026-01-06 08:00:00,2026-01-07 07:00:00,2026-01-07 08:00:00,2026-01-07 09:00:00,A车型,A车型,20,20,20.0,21.0,21.0,20.0,21.0,21.0,41.0,43.0,43.0,0.0,0.0,0.0,0.0,0.0,0.0,0.0,0.0,0.0,0.0,0.0,0.0,0.0,0.0,0.0
121,2026-01-06 09:00:00,2026-01-07 08:00:00,2026-01-07 09:00:00,2026-01-07 10:00:00,A车型,A车型,20,20,21.0,20.0,21.0,21.0,20.0,21.0,43.0,40.0,43.0,0.0,0.0,0.0,0.0,0.0,0.0,0.0,0.0,0.0,0.0,0.0,0.0,0.0,0.0,0.0
122,2026-01-06 10:00:00,2026-01-07 09:00:00,2026-01-07 10:00:00,2026-01-07 11:00:00,A车型,C车型,20,10,20.0,0.0,20.0,20.0,0.0,20.0,40.0,0.0,40.0,0.0,0.0,0.0,0.0,0.0,0.0,0.0,10.0,10.0,0.0,9.0,9.0,0.0,18.0,18.0
123,2026-01-06 11:00:00,2026-01-07 10:00:00,2026-01-07 11:00:00,2026-01-07 12:00:00,C车型,B车型,10,15,0.0,15.0,15.0,0.0,0.0,0.0,0.0,0.0,0.0,0.0,30.0,30.0,0.0,15.0,15.0,10.0,0.0,10.0,9.0,0.0,9.0,18.0,0.0,18.0
124,2026-01-06 12:00:00,2026-01-07 11:00:00,2026-01-07 12:00:00,2026-01-07 13:00:00,B车型,B车型,15,15,15.0,15.0,15.0,0.0,0.0,0.0,0.0,0.0,0.0,30.0,30.0,30.0,15.0,15.0,15.0,0.0,0.0,0.0,0.0,0.0,0.0,0.0,0.0,0.0
125,2026-01-06 13:00:00,2026-01-07 12:00:00,2026-01-07 13:00:00,2026-01-07 14:00:00,B车型,A车型,15,20,15.0,22.0,22.0,0.0,21.0,21.0,0.0,42.0,42.0,30.0,0.0,30.0,15.0,0.0,15.0,0.0,0.0,0.0,0.0,0.0,0.0,0.0,0.0,0.0
126,2026-01-06 14:00:00,2026-01-07 13:00:00,2026-01-07 14:00:00,2026-01-07 15:00:00,A车型,A车型,20,20,22.0,22.0,22.0,21.0,21.0,21.0,42.0,42.0,42.0,0.0,0.0,0.0,0.0,0.0,0.0,0.0,0.0,0.0,0.0,0.0,0.0,0.0,0.0,0.0
127,2026-01-06 15:00:00,2026-01-07 14:00:00,2026-01-07 15:00:00,2026-01-07 16:00:00,A车型,A车型,20,20,22.0,20.0,22.0,21.0,20.0,21.0,42.0,40.0,42.0,0.0,0.0,0.0,0.0,0.0,0.0,0.0,0.0,0.0,0.0,0.0,0.0,0.0,0.0,0.0
128,2026-01-06 16:00:00,2026-01-07 15:00:00,2026-01-07 16:00:00,2026-01-07 17:00:00,A车型,A车型,20,20,20.0,20.0,20.0,20.0,20.0,20.0,40.0,40.0,40.0,0.0,0.0,0.0,0.0,0.0,0.0,0.0,0.0,0.0,0.0,0.0,0.0,0.0,0.0,0.0
129,2026-01-06 17:00:00,2026-01-07 16:00:00,2026-01-07 17:00:00,2026-01-07 18:00:00,A车型,A车型,20,20,20.0,20.0,20.0,20.0,20.0,20.0,40.0,40.0,40.0,0.0,0.0,0.0,0.0,0.0,0.0,0.0,0.0,0.0,0.0,0.0,0.0,0.0,0.0,0.0
130,2026-01-06 18:00:00,2026-01-07 17:00:00,2026-01-07 18:00:00,2026-01-07 19:00:00,A车型,B车型,20,15,20.0,15.0,20.0,20.0,0.0,20.0,40.0,0.0,40.0,0.0,30.0,30.0,0.0,15.0,15.0,0.0,0.0,0.0,0.0,0.0,0.0,0.0,0.0,0.0
131,2026-01-06 19:00:00,2026-01-07 18:00:00,2026-01-07 19:00:00,2026-01-07 20:00:00,B车型,B车型,15,15,15.0,16.0,16.0,0.0,0.0,0.0,0.0,0.0,0.0,30.0,32.0,32.0,15.0,16.0,16.0,0.0,0.0,0.0,0.0,0.0,0.0,0.0,0.0,0.0
132,2026-01-06 20:00:00,2026-01-07 19:00:00,2026-01-07 20:00:00,2026-01-07 21:00:00,B车型,B车型,15,15,16.0,16.0,16.0,0.0,0.0,0.0,0.0,0.0,0.0,32.0,32.0,32.0,16.0,16.0,16.0,0.0,0.0,0.0,0.0,0.0,0.0,0.0,0.0,0.0
133,2026-01-06 21:00:00,2026-01-07 20:00:00,2026-01-07 21:00:00,2026-01-07 22:00:00,B车型,C车型,15,10,16.0,0.0,16.0,0.0,0.0,0.0,0.0,0.0,0.0,32.0,0.0,32.0,16.0,0.0,16.0,0.0,10.0,10.0,0.0,10.0,10.0,0.0,20.0,20.0
134,2026-01-06 22:00:00,2026-01-07 21:00:00,2026-01-07 22:00:00,2026-01-07 23:00:00,C车型,A车型,10,20,0.0,21.0,21.0,0.0,21.0,21.0,0.0,42.0,42.0,0.0,0.0,0.0,0.0,0.0,0.0,10.0,0.0,10.0,10.0,0.0,10.0,20.0,0.0,20.0
135,2026-01-06 23:00:00,2026-01-07 22:00:00,2026-01-07 23:00:00,2026-01-08 00:00:00,A车型,B车型,20,15,21.0,14.0,21.0,21.0,0.0,21.0,42.0,0.0,42.0,0.0,27.0,27.0,0.0,14.0,14.0,0.0,0.0,0.0,0.0,0.0,0.0,0.0,0.0,0.0
136,2026-01-07 00:00:00,2026-01-07 23:00:00,2026-01-08 00:00:00,2026-01-08 01:00:00,B车型,B车型,15,15,14.0,15.0,15.0,0.0,0.0,0.0,0.0,0.0,0.0,27.0,29.0,29.0,14.0,15.0,15.0,0.0,0.0,0.0,0.0,0.0,0.0,0.0,0.0,0.0
137,2026-01-07 01:00:00,2026-01-08 00:00:00,2026-01-08 01:00:00,2026-01-08 02:00:00,B车型,C车型,15,10,15.0,0.0,15.0,0.0,0.0,0.0,0.0,0.0,0.0,29.0,0.0,29.0,15.0,0.0,15.0,0.0,11.0,11.0,0.0,11.0,11.0,0.0,21.0,21.0
138,2026-01-07 02:00:00,2026-01-08 01:00:00,2026-01-08 02:00:00,2026-01-08 03:00:00,C车型,A车型,10,20,0.0,19.0,19.0,0.0,18.0,18.0,0.0,38.0,38.0,0.0,0.0,0.0,0.0,0.0,0.0,11.0,0.0,11.0,11.0,0.0,11.0,21.0,0.0,21.0
139,2026-01-07 03:00:00,2026-01-08 02:00:00,2026-01-08 03:00:00,2026-01-08 04:00:00,A车型,A车型,20,20,19.0,20.0,20.0,18.0,20.0,20.0,38.0,39.0,39.0,0.0,0.0,0.0,0.0,0.0,0.0,0.0,0.0,0.0,0.0,0.0,0.0,0.0,0.0,0.0
140,2026-01-07 04:00:00,2026-01-08 03:00:00,2026-01-08 04:00:00,2026-01-08 05:00:00,A车型,A车型,20,20,20.0,20.0,20.0,20.0,20.0,20.0,39.0,40.0,40.0,0.0,0.0,0.0,0.0,0.0,0.0,0.0,0.0,0.0,0.0,0.0,0.0,0.0,0.0,0.0
141,2026-01-07 05:00:00,2026-01-08 04:00:00,2026-01-08 05:00:00,2026-01-08 06:00:00,A车型,B车型,20,15,20.0,16.0,20.0,20.0,0.0,20.0,40.0,0.0,40.0,0.0,32.0,32.0,0.0,16.0,16.0,0.0,0.0,0.0,0.0,0.0,0.0,0.0,0.0,0.0
142,2026-01-07 06:00:00,2026-01-08 05:00:00,2026-01-08 06:00:00,2026-01-08 07:00:00,B车型,C车型,15,10,16.0,0.0,16.0,0.0,0.0,0.0,0.0,0.0,0.0,32.0,0.0,32.0,16.0,0.0,16.0,0.0,12.0,12.0,0.0,12.0,12.0,0.0,24.0,24.0
143,2026-01-07 07:00:00,2026-01-08 06:00:00,2026-01-08 07:00:00,2026-01-08 08:00:00,C车型,C车型,10,10,0.0,0.0,0.0,0.0,0.0,0.0,0.0,0.0,0.0,0.0,0.0,0.0,0.0,0.0,0.0,12.0,12.0,12.0,12.0,12.0,12.0,24.0,24.0,24.0
144,2026-01-07 08:00:00,2026-01-08 07:00:00,2026-01-08 08:00:00,2026-01-08 09:00:00,C车型,C车型,10,10,0.0,0.0,0.0,0.0,0.0,0.0,0.0,0.0,0.0,0.0,0.0,0.0,0.0,0.0,0.0,12.0,11.0,12.0,12.0,11.0,12.0,24.0,23.0,24.0
145,2026-01-07 09:00:00,2026-01-08 08:00:00,2026-01-08 09:00:00,2026-01-08 10:00:00,C车型,C车型,10,10,0.0,0.0,0.0,0.0,0.0,0.0,0.0,0.0,0.0,0.0,0.0,0.0,0.0,0.0,0.0,11.0,10.0,11.0,11.0,10.0,11.0,23.0,20.0,23.0
146,2026-01-07 10:00:00,2026-01-08 09:00:00,2026-01-08 10:00:00,2026-01-08 11:00:00,C车型,C车型,10,10,0.0,0.0,0.0,0.0,0.0,0.0,0.0,0.0,0.0,0.0,0.0,0.0,0.0,0.0,0.0,10.0,11.0,11.0,10.0,10.0,10.0,20.0,21.0,21.0
147,2026-01-07 11:00:00,2026-01-08 10:00:00,2026-01-08 11:00:00,2026-01-08 12:00:00,C车型,B车型,10,15,0.0,16.0,16.0,0.0,0.0,0.0,0.0,0.0,0.0,0.0,30.0,30.0,0.0,15.0,15.0,11.0,0.0,11.0,10.0,0.0,10.0,21.0,0.0,21.0
148,2026-01-07 12:00:00,2026-01-08 11:00:00,2026-01-08 12:00:00,2026-01-08 13:00:00,B车型,B车型,15,15,16.0,16.0,16.0,0.0,0.0,0.0,0.0,0.0,0.0,30.0,30.0,30.0,15.0,15.0,15.0,0.0,0.0,0.0,0.0,0.0,0.0,0.0,0.0,0.0
149,2026-01-07 13:00:00,2026-01-08 12:00:00,2026-01-08 13:00:00,2026-01-08 14:00:00,B车型,B车型,15,15,16.0,17.0,17.0,0.0,0.0,0.0,0.0,0.0,0.0,30.0,32.0,32.0,15.0,16.0,16.0,0.0,0.0,0.0,0.0,0.0,0.0,0.0,0.0,0.0
150,2026-01-07 14:00:00,2026-01-08 13:00:00,2026-01-08 14:00:00,2026-01-08 15:00:00,B车型,B车型,15,15,17.0,16.0,17.0,0.0,0.0,0.0,0.0,0.0,0.0,32.0,32.0,32.0,16.0,16.0,16.0,0.0,0.0,0.0,0.0,0.0,0.0,0.0,0.0,0.0
151,2026-01-07 15:00:00,2026-01-08 14:00:00,2026-01-08 15:00:00,2026-01-08 16:00:00,B车型,B车型,15,15,16.0,16.0,16.0,0.0,0.0,0.0,0.0,0.0,0.0,32.0,32.0,32.0,16.0,16.0,16.0,0.0,0.0,0.0,0.0,0.0,0.0,0.0,0.0,0.0
152,2026-01-07 16:00:00,2026-01-08 15:00:00,2026-01-08 16:00:00,2026-01-08 17:00:00,B车型,B车型,15,15,16.0,17.0,17.0,0.0,0.0,0.0,0.0,0.0,0.0,32.0,33.0,33.0,16.0,17.0,17.0,0.0,0.0,0.0,0.0,0.0,0.0,0.0,0.0,0.0
153,2026-01-07 17:00:00,2026-01-08 16:00:00,2026-01-08 17:00:00,2026-01-08 18:00:00,B车型,B车型,15,15,17.0,16.0,17.0,0.0,0.0,0.0,0.0,0.0,0.0,33.0,31.0,33.0,17.0,16.0,17.0,0.0,0.0,0.0,0.0,0.0,0.0,0.0,0.0,0.0
154,2026-01-07 18:00:00,2026-01-08 17:00:00,2026-01-08 18:00:00,2026-01-08 19:00:00,B车型,B车型,15,15,16.0,18.0,18.0,0.0,0.0,0.0,0.0,0.0,0.0,31.0,35.0,35.0,16.0,18.0,18.0,0.0,0.0,0.0,0.0,0.0,0.0,0.0,0.0,0.0
155,2026-01-07 19:00:00,2026-01-08 18:00:00,2026-01-08 19:00:00,2026-01-08 20:00:00,B车型,C车型,15,10,18.0,0.0,18.0,0.0,0.0,0.0,0.0,0.0,0.0,35.0,0.0,35.0,18.0,0.0,18.0,0.0,13.0,13.0,0.0,13.0,13.0,0.0,27.0,27.0
156,2026-01-07 20:00:00,2026-01-08 19:00:00,2026-01-08 20:00:00,2026-01-08 21:00:00,C车型,A车型,10,20,0.0,21.0,21.0,0.0,21.0,21.0,0.0,42.0,42.0,0.0,0.0,0.0,0.0,0.0,0.0,13.0,0.0,13.0,13.0,0.0,13.0,27.0,0.0,27.0
157,2026-01-07 21:00:00,2026-01-08 20:00:00,2026-01-08 21:00:00,2026-01-08 22:00:00,A车型,B车型,20,15,21.0,15.0,21.0,21.0,0.0,21.0,42.0,0.0,42.0,0.0,29.0,29.0,0.0,15.0,15.0,0.0,0.0,0.0,0.0,0.0,0.0,0.0,0.0,0.0
158,2026-01-07 22:00:00,2026-01-08 21:00:00,2026-01-08 22:00:00,2026-01-08 23:00:00,B车型,B车型,15,15,15.0,15.0,15.0,0.0,0.0,0.0,0.0,0.0,0.0,29.0,30.0,30.0,15.0,15.0,15.0,0.0,0.0,0.0,0.0,0.0,0.0,0.0,0.0,0.0
159,2026-01-07 23:00:00,2026-01-08 22:00:00,2026-01-08 23:00:00,2026-01-09 00:00:00,B车型,B车型,15,15,15.0,15.0,15.0,0.0,0.0,0.0,0.0,0.0,0.0,30.0,29.0,30.0,15.0,15.0,15.0,0.0,0.0,0.0,0.0,0.0,0.0,0.0,0.0,0.0
160,2026-01-08 00:00:00,2026-01-08 23:00:00,2026-01-09 00:00:00,2026-01-09 01:00:00,B车型,B车型,15,15,15.0,15.0,15.0,0.0,0.0,0.0,0.0,0.0,0.0,29.0,30.0,30.0,15.0,15.0,15.0,0.0,0.0,0.0,0.0,0.0,0.0,0.0,0.0,0.0
161,2026-01-08 01:00:00,2026-01-09 00:00:00,2026-01-09 01:00:00,2026-01-09 02:00:00,B车型,A车型,15,20,15.0,20.0,20.0,0.0,20.0,20.0,0.0,39.0,39.0,30.0,0.0,30.0,15.0,0.0,15.0,0.0,0.0,0.0,0.0,0.0,0.0,0.0,0.0,0.0
162,2026-01-08 02:00:00,2026-01-09 01:00:00,2026-01-09 02:00:00,2026-01-09 03:00:00,A车型,A车型,20,20,20.0,20.0,20.0,20.0,20.0,20.0,39.0,40.0,40.0,0.0,0.0,0.0,0.0,0.0,0.0,0.0,0.0,0.0,0.0,0.0,0.0,0.0,0.0,0.0
163,2026-01-08 03:00:00,2026-01-09 02:00:00,2026-01-09 03:00:00,2026-01-09 04:00:00,A车型,C车型,20,10,20.0,0.0,20.0,20.0,0.0,20.0,40.0,0.0,40.0,0.0,0.0,0.0,0.0,0.0,0.0,0.0,9.0,9.0,0.0,8.0,8.0,0.0,18.0,18.0
164,2026-01-08 04:00:00,2026-01-09 03:00:00,2026-01-09 04:00:00,2026-01-09 05:00:00,C车型,B车型,10,15,0.0,13.0,13.0,0.0,0.0,0.0,0.0,0.0,0.0,0.0,26.0,26.0,0.0,13.0,13.0,9.0,0.0,9.0,8.0,0.0,8.0,18.0,0.0,18.0
165,2026-01-08 05:00:00,2026-01-09 04:00:00,2026-01-09 05:00:00,2026-01-09 06:00:00,B车型,B车型,15,15,13.0,13.0,13.0,0.0,0.0,0.0,0.0,0.0,0.0,26.0,26.0,26.0,13.0,13.0,13.0,0.0,0.0,0.0,0.0,0.0,0.0,0.0,0.0,0.0
166,2026-01-08 06:00:00,2026-01-09 05:00:00,2026-01-09 06:00:00,2026-01-09 07:00:00,B车型,B车型,15,15,13.0,14.0,14.0,0.0,0.0,0.0,0.0,0.0,0.0,26.0,28.0,28.0,13.0,14.0,14.0,0.0,0.0,0.0,0.0,0.0,0.0,0.0,0.0,0.0
167,2026-01-08 07:00:00,2026-01-09 06:00:00,2026-01-09 07:00:00,2026-01-09 08:00:00,B车型,B车型,15,15,14.0,16.0,16.0,0.0,0.0,0.0,0.0,0.0,0.0,28.0,30.0,30.0,14.0,15.0,15.0,0.0,0.0,0.0,0.0,0.0,0.0,0.0,0.0,0.0
168,2026-01-08 08:00:00,2026-01-09 07:00:00,2026-01-09 08:00:00,2026-01-09 09:00:00,B车型,B车型,15,15,16.0,15.0,16.0,0.0,0.0,0.0,0.0,0.0,0.0,30.0,28.0,30.0,15.0,14.0,15.0,0.0,0.0,0.0,0.0,0.0,0.0,0.0,0.0,0.0
169,2026-01-08 09:00:00,2026-01-09 08:00:00,2026-01-09 09:00:00,2026-01-09 10:00:00,B车型,A车型,15,20,15.0,20.0,20.0,0.0,20.0,20.0,0.0,41.0,41.0,28.0,0.0,28.0,14.0,0.0,14.0,0.0,0.0,0.0,0.0,0.0,0.0,0.0,0.0,0.0
170,2026-01-08 10:00:00,2026-01-09 09:00:00,2026-01-09 10:00:00,2026-01-09 11:00:00,A车型,A车型,20,20,20.0,21.0,21.0,20.0,21.0,21.0,41.0,42.0,42.0,0.0,0.0,0.0,0.0,0.0,0.0,0.0,0.0,0.0,0.0,0.0,0.0,0.0,0.0,0.0
171,2026-01-08 11:00:00,2026-01-09 10:00:00,2026-01-09 11:00:00,2026-01-09 12:00:00,A车型,A车型,20,20,21.0,20.0,21.0,21.0,20.0,21.0,42.0,40.0,42.0,0.0,0.0,0.0,0.0,0.0,0.0,0.0,0.0,0.0,0.0,0.0,0.0,0.0,0.0,0.0
172,2026-01-08 12:00:00,2026-01-09 11:00:00,2026-01-09 12:00:00,2026-01-09 13:00:00,A车型,A车型,20,20,20.0,20.0,20.0,20.0,20.0,20.0,40.0,40.0,40.0,0.0,0.0,0.0,0.0,0.0,0.0,0.0,0.0,0.0,0.0,0.0,0.0,0.0,0.0,0.0
173,2026-01-08 13:00:00,2026-01-09 12:00:00,2026-01-09 13:00:00,2026-01-09 14:00:00,A车型,A车型,20,20,20.0,20.0,20.0,20.0,20.0,20.0,40.0,40.0,40.0,0.0,0.0,0.0,0.0,0.0,0.0,0.0,0.0,0.0,0.0,0.0,0.0,0.0,0.0,0.0
174,2026-01-08 14:00:00,2026-01-09 13:00:00,2026-01-09 14:00:00,2026-01-09 15:00:00,A车型,A车型,20,20,20.0,20.0,20.0,20.0,20.0,20.0,40.0,40.0,40.0,0.0,0.0,0.0,0.0,0.0,0.0,0.0,0.0,0.0,0.0,0.0,0.0,0.0,0.0,0.0
175,2026-01-08 15:00:00,2026-01-09 14:00:00,2026-01-09 15:00:00,2026-01-09 16:00:00,A车型,A车型,20,20,20.0,20.0,20.0,20.0,20.0,20.0,40.0,40.0,40.0,0.0,0.0,0.0,0.0,0.0,0.0,0.0,0.0,0.0,0.0,0.0,0.0,0.0,0.0,0.0
176,2026-01-08 16:00:00,2026-01-09 15:00:00,2026-01-09 16:00:00,2026-01-09 17:00:00,A车型,A车型,20,20,20.0,20.0,20.0,20.0,20.0,20.0,40.0,39.0,40.0,0.0,0.0,0.0,0.0,0.0,0.0,0.0,0.0,0.0,0.0,0.0,0.0,0.0,0.0,0.0
177,2026-01-08 17:00:00,2026-01-09 16:00:00,2026-01-09 17:00:00,2026-01-09 18:00:00,A车型,A车型,20,20,20.0,21.0,21.0,20.0,21.0,21.0,39.0,41.0,41.0,0.0,0.0,0.0,0.0,0.0,0.0,0.0,0.0,0.0,0.0,0.0,0.0,0.0,0.0,0.0
178,2026-01-08 18:00:00,2026-01-09 17:00:00,2026-01-09 18:00:00,2026-01-09 19:00:00,A车型,A车型,20,20,21.0,21.0,21.0,21.0,21.0,21.0,41.0,42.0,42.0,0.0,0.0,0.0,0.0,0.0,0.0,0.0,0.0,0.0,0.0,0.0,0.0,0.0,0.0,0.0
179,2026-01-08 19:00:00,2026-01-09 18:00:00,2026-01-09 19:00:00,2026-01-09 20:00:00,A车型,A车型,20,20,21.0,20.0,21.0,21.0,21.0,21.0,42.0,40.0,42.0,0.0,0.0,0.0,0.0,0.0,0.0,0.0,0.0,0.0,0.0,0.0,0.0,0.0,0.0,0.0
180,2026-01-08 20:00:00,2026-01-09 19:00:00,2026-01-09 20:00:00,2026-01-09 21:00:00,A车型,A车型,20,20,20.0,19.0,20.0,21.0,19.0,21.0,40.0,38.0,40.0,0.0,0.0,0.0,0.0,0.0,0.0,0.0,0.0,0.0,0.0,0.0,0.0,0.0,0.0,0.0
181,2026-01-08 21:00:00,2026-01-09 20:00:00,2026-01-09 21:00:00,2026-01-09 22:00:00,A车型,A车型,20,20,19.0,20.0,20.0,19.0,20.0,20.0,38.0,40.0,40.0,0.0,0.0,0.0,0.0,0.0,0.0,0.0,0.0,0.0,0.0,0.0,0.0,0.0,0.0,0.0
182,2026-01-08 22:00:00,2026-01-09 21:00:00,2026-01-09 22:00:00,2026-01-09 23:00:00,A车型,A车型,20,20,20.0,20.0,20.0,20.0,20.0,20.0,40.0,40.0,40.0,0.0,0.0,0.0,0.0,0.0,0.0,0.0,0.0,0.0,0.0,0.0,0.0,0.0,0.0,0.0
183,2026-01-08 23:00:00,2026-01-09 22:00:00,2026-01-09 23:00:00,2026-01-10 00:00:00,A车型,B车型,20,15,20.0,15.0,20.0,20.0,0.0,20.0,40.0,0.0,40.0,0.0,29.0,29.0,0.0,14.0,14.0,0.0,0.0,0.0,0.0,0.0,0.0,0.0,0.0,0.0
184,2026-01-09 00:00:00,2026-01-09 23:00:00,2026-01-10 00:00:00,2026-01-10 01:00:00,B车型,B车型,15,15,15.0,18.0,18.0,0.0,0.0,0.0,0.0,0.0,0.0,29.0,35.0,35.0,14.0,17.0,17.0,0.0,0.0,0.0,0.0,0.0,0.0,0.0,0.0,0.0
185,2026-01-09 01:00:00,2026-01-10 00:00:00,2026-01-10 01:00:00,2026-01-10 02:00:00,B车型,B车型,15,15,18.0,17.0,18.0,0.0,0.0,0.0,0.0,0.0,0.0,35.0,33.0,35.0,17.0,17.0,17.0,0.0,0.0,0.0,0.0,0.0,0.0,0.0,0.0,0.0
186,2026-01-09 02:00:00,2026-01-10 01:00:00,2026-01-10 02:00:00,2026-01-10 03:00:00,B车型,B车型,15,15,17.0,18.0,18.0,0.0,0.0,0.0,0.0,0.0,0.0,33.0,35.0,35.0,17.0,17.0,17.0,0.0,0.0,0.0,0.0,0.0,0.0,0.0,0.0,0.0
187,2026-01-09 03:00:00,2026-01-10 02:00:00,2026-01-10 03:00:00,2026-01-10 04:00:00,B车型,B车型,15,15,18.0,17.0,18.0,0.0,0.0,0.0,0.0,0.0,0.0,35.0,33.0,35.0,17.0,16.0,17.0,0.0,0.0,0.0,0.0,0.0,0.0,0.0,0.0,0.0
188,2026-01-09 04:00:00,2026-01-10 03:00:00,2026-01-10 04:00:00,2026-01-10 05:00:00,B车型,B车型,15,15,17.0,17.0,17.0,0.0,0.0,0.0,0.0,0.0,0.0,33.0,33.0,33.0,16.0,16.0,16.0,0.0,0.0,0.0,0.0,0.0,0.0,0.0,0.0,0.0
189,2026-01-09 05:00:00,2026-01-10 04:00:00,2026-01-10 05:00:00,2026-01-10 06:00:00,B车型,B车型,15,15,17.0,16.0,17.0,0.0,0.0,0.0,0.0,0.0,0.0,33.0,31.0,33.0,16.0,16.0,16.0,0.0,0.0,0.0,0.0,0.0,0.0,0.0,0.0,0.0
190,2026-01-09 06:00:00,2026-01-10 05:00:00,2026-01-10 06:00:00,2026-01-10 07:00:00,B车型,B车型,15,15,16.0,17.0,17.0,0.0,0.0,0.0,0.0,0.0,0.0,31.0,33.0,33.0,16.0,17.0,17.0,0.0,0.0,0.0,0.0,0.0,0.0,0.0,0.0,0.0
191,2026-01-09 07:00:00,2026-01-10 06:00:00,2026-01-10 07:00:00,2026-01-10 08:00:00,B车型,A车型,15,20,17.0,21.0,21.0,0.0,21.0,21.0,0.0,42.0,42.0,33.0,0.0,33.0,17.0,0.0,17.0,0.0,0.0,0.0,0.0,0.0,0.0,0.0,0.0,0.0
192,2026-01-09 08:00:00,2026-01-10 07:00:00,2026-01-10 08:00:00,2026-01-10 09:00:00,A车型,A车型,20,20,21.0,22.0,22.0,21.0,21.0,21.0,42.0,42.0,42.0,0.0,0.0,0.0,0.0,0.0,0.0,0.0,0.0,0.0,0.0,0.0,0.0,0.0,0.0,0.0
193,2026-01-09 09:00:00,2026-01-10 08:00:00,2026-01-10 09:00:00,2026-01-10 10:00:00,A车型,A车型,20,20,22.0,22.0,22.0,21.0,21.0,21.0,42.0,42.0,42.0,0.0,0.0,0.0,0.0,0.0,0.0,0.0,0.0,0.0,0.0,0.0,0.0,0.0,0.0,0.0
194,2026-01-09 10:00:00,2026-01-10 09:00:00,2026-01-10 10:00:00,2026-01-10 11:00:00,A车型,A车型,20,20,22.0,22.0,22.0,21.0,21.0,21.0,42.0,43.0,43.0,0.0,0.0,0.0,0.0,0.0,0.0,0.0,0.0,0.0,0.0,0.0,0.0,0.0,0.0,0.0
195,2026-01-09 11:00:00,2026-01-10 10:00:00,2026-01-10 11:00:00,2026-01-10 12:00:00,A车型,A车型,20,20,22.0,23.0,23.0,21.0,22.0,22.0,43.0,45.0,45.0,0.0,0.0,0.0,0.0,0.0,0.0,0.0,0.0,0.0,0.0,0.0,0.0,0.0,0.0,0.0
196,2026-01-09 12:00:00,2026-01-10 11:00:00,2026-01-10 12:00:00,2026-01-10 13:00:00,A车型,A车型,20,20,23.0,20.0,23.0,22.0,20.0,22.0,45.0,41.0,45.0,0.0,0.0,0.0,0.0,0.0,0.0,0.0,0.0,0.0,0.0,0.0,0.0,0.0,0.0,0.0
197,2026-01-09 13:00:00,2026-01-10 12:00:00,2026-01-10 13:00:00,2026-01-10 14:00:00,A车型,A车型,20,20,20.0,22.0,22.0,20.0,22.0,22.0,41.0,43.0,43.0,0.0,0.0,0.0,0.0,0.0,0.0,0.0,0.0,0.0,0.0,0.0,0.0,0.0,0.0,0.0
198,2026-01-09 14:00:00,2026-01-10 13:00:00,2026-01-10 14:00:00,2026-01-10 15:00:00,A车型,A车型,20,20,22.0,20.0,22.0,22.0,21.0,22.0,43.0,40.0,43.0,0.0,0.0,0.0,0.0,0.0,0.0,0.0,0.0,0.0,0.0,0.0,0.0,0.0,0.0,0.0
199,2026-01-09 15:00:00,2026-01-10 14:00:00,2026-01-10 15:00:00,2026-01-10 16:00:00,A车型,C车型,20,10,20.0,0.0,20.0,21.0,0.0,21.0,40.0,0.0,40.0,0.0,0.0,0.0,0.0,0.0,0.0,0.0,10.0,10.0,0.0,9.0,9.0,0.0,18.0,18.0
200,2026-01-09 16:00:00,2026-01-10 15:00:00,2026-01-10 16:00:00,2026-01-10 17:00:00,C车型,C车型,10,10,0.0,0.0,0.0,0.0,0.0,0.0,0.0,0.0,0.0,0.0,0.0,0.0,0.0,0.0,0.0,10.0,10.0,10.0,9.0,9.0,9.0,18.0,20.0,20.0
201,2026-01-09 17:00:00,2026-01-10 16:00:00,2026-01-10 17:00:00,2026-01-10 18:00:00,C车型,B车型,10,15,0.0,15.0,15.0,0.0,0.0,0.0,0.0,0.0,0.0,0.0,30.0,30.0,0.0,15.0,15.0,10.0,0.0,10.0,9.0,0.0,9.0,20.0,0.0,20.0
202,2026-01-09 18:00:00,2026-01-10 17:00:00,2026-01-10 18:00:00,2026-01-10 19:00:00,B车型,B车型,15,15,15.0,14.0,15.0,0.0,0.0,0.0,0.0,0.0,0.0,30.0,28.0,30.0,15.0,14.0,15.0,0.0,0.0,0.0,0.0,0.0,0.0,0.0,0.0,0.0
203,2026-01-09 19:00:00,2026-01-10 18:00:00,2026-01-10 19:00:00,2026-01-10 20:00:00,B车型,C车型,15,10,14.0,0.0,14.0,0.0,0.0,0.0,0.0,0.0,0.0,28.0,0.0,28.0,14.0,0.0,14.0,0.0,10.0,10.0,0.0,8.0,8.0,0.0,17.0,17.0
204,2026-01-09 20:00:00,2026-01-10 19:00:00,2026-01-10 20:00:00,2026-01-10 21:00:00,C车型,C车型,10,10,0.0,0.0,0.0,0.0,0.0,0.0,0.0,0.0,0.0,0.0,0.0,0.0,0.0,0.0,0.0,10.0,11.0,11.0,8.0,10.0,10.0,17.0,20.0,20.0
205,2026-01-09 21:00:00,2026-01-10 20:00:00,2026-01-10 21:00:00,2026-01-10 22:00:00,C车型,C车型,10,10,0.0,0.0,0.0,0.0,0.0,0.0,0.0,0.0,0.0,0.0,0.0,0.0,0.0,0.0,0.0,11.0,10.0,11.0,10.0,9.0,10.0,20.0,18.0,20.0
206,2026-01-09 22:00:00,2026-01-10 21:00:00,2026-01-10 22:00:00,2026-01-10 23:00:00,C车型,A车型,10,20,0.0,21.0,21.0,0.0,20.0,20.0,0.0,40.0,40.0,0.0,0.0,0.0,0.0,0.0,0.0,10.0,0.0,10.0,9.0,0.0,9.0,18.0,0.0,18.0
207,2026-01-09 23:00:00,2026-01-10 22:00:00,2026-01-10 23:00:00,2026-01-11 00:00:00,A车型,A车型,20,20,21.0,19.0,21.0,20.0,19.0,20.0,40.0,38.0,40.0,0.0,0.0,0.0,0.0,0.0,0.0,0.0,0.0,0.0,0.0,0.0,0.0,0.0,0.0,0.0
208,2026-01-10 00:00:00,2026-01-10 23:00:00,2026-01-11 00:00:00,2026-01-11 01:00:00,A车型,A车型,20,20,19.0,18.0,19.0,19.0,18.0,19.0,38.0,36.0,38.0,0.0,0.0,0.0,0.0,0.0,0.0,0.0,0.0,0.0,0.0,0.0,0.0,0.0,0.0,0.0
209,2026-01-10 01:00:00,2026-01-11 00:00:00,2026-01-11 01:00:00,2026-01-11 02:00:00,A车型,A车型,20,20,18.0,20.0,20.0,18.0,20.0,20.0,36.0,40.0,40.0,0.0,0.0,0.0,0.0,0.0,0.0,0.0,0.0,0.0,0.0,0.0,0.0,0.0,0.0,0.0
210,2026-01-10 02:00:00,2026-01-11 01:00:00,2026-01-11 02:00:00,2026-01-11 03:00:00,A车型,A车型,20,20,20.0,19.0,20.0,20.0,20.0,20.0,40.0,39.0,40.0,0.0,0.0,0.0,0.0,0.0,0.0,0.0,0.0,0.0,0.0,0.0,0.0,0.0,0.0,0.0
211,2026-01-10 03:00:00,2026-01-11 02:00:00,2026-01-11 03:00:00,2026-01-11 04:00:00,A车型,A车型,20,20,19.0,18.0,19.0,20.0,18.0,20.0,39.0,36.0,39.0,0.0,0.0,0.0,0.0,0.0,0.0,0.0,0.0,0.0,0.0,0.0,0.0,0.0,0.0,0.0
212,2026-01-10 04:00:00,2026-01-11 03:00:00,2026-01-11 04:00:00,2026-01-11 05:00:00,A车型,A车型,20,20,18.0,19.0,19.0,18.0,19.0,19.0,36.0,37.0,37.0,0.0,0.0,0.0,0.0,0.0,0.0,0.0,0.0,0.0,0.0,0.0,0.0,0.0,0.0,0.0
213,2026-01-10 05:00:00,2026-01-11 04:00:00,2026-01-11 05:00:00,2026-01-11 06:00:00,A车型,A车型,20,20,19.0,19.0,19.0,19.0,19.0,19.0,37.0,38.0,38.0,0.0,0.0,0.0,0.0,0.0,0.0,0.0,0.0,0.0,0.0,0.0,0.0,0.0,0.0,0.0
214,2026-01-10 06:00:00,2026-01-11 05:00:00,2026-01-11 06:00:00,2026-01-11 07:00:00,A车型,C车型,20,10,19.0,0.0,19.0,19.0,0.0,19.0,38.0,0.0,38.0,0.0,0.0,0.0,0.0,0.0,0.0,0.0,11.0,11.0,0.0,10.0,10.0,0.0,20.0,20.0
215,2026-01-10 07:00:00,2026-01-11 06:00:00,2026-01-11 07:00:00,2026-01-11 08:00:00,C车型,A车型,10,20,0.0,20.0,20.0,0.0,21.0,21.0,0.0,40.0,40.0,0.0,0.0,0.0,0.0,0.0,0.0,11.0,0.0,11.0,10.0,0.0,10.0,20.0,0.0,20.0
216,2026-01-10 08:00:00,2026-01-11 07:00:00,2026-01-11 08:00:00,2026-01-11 09:00:00,A车型,A车型,20,20,20.0,20.0,20.0,21.0,21.0,21.0,40.0,40.0,40.0,0.0,0.0,0.0,0.0,0.0,0.0,0.0,0.0,0.0,0.0,0.0,0.0,0.0,0.0,0.0
217,2026-01-10 09:00:00,2026-01-11 08:00:00,2026-01-11 09:00:00,2026-01-11 10:00:00,A车型,C车型,20,10,20.0,0.0,20.0,21.0,0.0,21.0,40.0,0.0,40.0,0.0,0.0,0.0,0.0,0.0,0.0,0.0,11.0,11.0,0.0,10.0,10.0,0.0,20.0,20.0
218,2026-01-10 10:00:00,2026-01-11 09:00:00,2026-01-11 10:00:00,2026-01-11 11:00:00,C车型,B车型,10,15,0.0,16.0,16.0,0.0,0.0,0.0,0.0,0.0,0.0,0.0,32.0,32.0,0.0,16.0,16.0,11.0,0.0,11.0,10.0,0.0,10.0,20.0,0.0,20.0
219,2026-01-10 11:00:00,2026-01-11 10:00:00,2026-01-11 11:00:00,2026-01-11 12:00:00,B车型,A车型,15,20,16.0,20.0,20.0,0.0,21.0,21.0,0.0,40.0,40.0,32.0,0.0,32.0,16.0,0.0,16.0,0.0,0.0,0.0,0.0,0.0,0.0,0.0,0.0,0.0
220,2026-01-10 12:00:00,2026-01-11 11:00:00,2026-01-11 12:00:00,2026-01-11 13:00:00,A车型,A车型,20,20,20.0,20.0,20.0,21.0,21.0,21.0,40.0,40.0,40.0,0.0,0.0,0.0,0.0,0.0,0.0,0.0,0.0,0.0,0.0,0.0,0.0,0.0,0.0,0.0
221,2026-01-10 13:00:00,2026-01-11 12:00:00,2026-01-11 13:00:00,2026-01-11 14:00:00,A车型,A车型,20,20,20.0,20.0,20.0,21.0,21.0,21.0,40.0,40.0,40.0,0.0,0.0,0.0,0.0,0.0,0.0,0.0,0.0,0.0,0.0,0.0,0.0,0.0,0.0,0.0
222,2026-01-10 14:00:00,2026-01-11 13:00:00,2026-01-11 14:00:00,2026-01-11 15:00:00,A车型,A车型,20,20,20.0,20.0,20.0,21.0,21.0,21.0,40.0,40.0,40.0,0.0,0.0,0.0,0.0,0.0,0.0,0.0,0.0,0.0,0.0,0.0,0.0,0.0,0.0,0.0
223,2026-01-10 15:00:00,2026-01-11 14:00:00,2026-01-11 15:00:00,2026-01-11 16:00:00,A车型,B车型,20,15,20.0,16.0,20.0,21.0,0.0,21.0,40.0,0.0,40.0,0.0,32.0,32.0,0.0,17.0,17.0,0.0,0.0,0.0,0.0,0.0,0.0,0.0,0.0,0.0
224,2026-01-10 16:00:00,2026-01-11 15:00:00,2026-01-11 16:00:00,2026-01-11 17:00:00,B车型,A车型,15,20,16.0,21.0,21.0,0.0,21.0,21.0,0.0,42.0,42.0,32.0,0.0,32.0,17.0,0.0,17.0,0.0,0.0,0.0,0.0,0.0,0.0,0.0,0.0,0.0
225,2026-01-10 17:00:00,2026-01-11 16:00:00,2026-01-11 17:00:00,2026-01-11 18:00:00,A车型,A车型,20,20,21.0,20.0,21.0,21.0,20.0,21.0,42.0,40.0,42.0,0.0,0.0,0.0,0.0,0.0,0.0,0.0,0.0,0.0,0.0,0.0,0.0,0.0,0.0,0.0
226,2026-01-10 18:00:00,2026-01-11 17:00:00,2026-01-11 18:00:00,2026-01-11 19:00:00,A车型,A车型,20,20,20.0,20.0,20.0,20.0,20.0,20.0,40.0,40.0,40.0,0.0,0.0,0.0,0.0,0.0,0.0,0.0,0.0,0.0,0.0,0.0,0.0,0.0,0.0,0.0
227,2026-01-10 19:00:00,2026-01-11 18:00:00,2026-01-11 19:00:00,2026-01-11 20:00:00,A车型,A车型,20,20,20.0,22.0,22.0,20.0,22.0,22.0,40.0,44.0,44.0,0.0,0.0,0.0,0.0,0.0,0.0,0.0,0.0,0.0,0.0,0.0,0.0,0.0,0.0,0.0
228,2026-01-10 20:00:00,2026-01-11 19:00:00,2026-01-11 20:00:00,2026-01-11 21:00:00,A车型,A车型,20,20,22.0,22.0,22.0,22.0,22.0,22.0,44.0,44.0,44.0,0.0,0.0,0.0,0.0,0.0,0.0,0.0,0.0,0.0,0.0,0.0,0.0,0.0,0.0,0.0
229,2026-01-10 21:00:00,2026-01-11 20:00:00,2026-01-11 21:00:00,2026-01-11 22:00:00,A车型,A车型,20,20,22.0,21.0,22.0,22.0,21.0,22.0,44.0,42.0,44.0,0.0,0.0,0.0,0.0,0.0,0.0,0.0,0.0,0.0,0.0,0.0,0.0,0.0,0.0,0.0
230,2026-01-10 22:00:00,2026-01-11 21:00:00,2026-01-11 22:00:00,2026-01-11 23:00:00,A车型,A车型,20,20,21.0,21.0,21.0,21.0,20.0,21.0,42.0,40.0,42.0,0.0,0.0,0.0,0.0,0.0,0.0,0.0,0.0,0.0,0.0,0.0,0.0,0.0,0.0,0.0
231,2026-01-10 23:00:00,2026-01-11 22:00:00,2026-01-11 23:00:00,2026-01-12 00:00:00,A车型,C车型,20,10,21.0,0.0,21.0,20.0,0.0,20.0,40.0,0.0,40.0,0.0,0.0,0.0,0.0,0.0,0.0,0.0,11.0,11.0,0.0,11.0,11.0,0.0,22.0,22.0
232,2026-01-11 00:00:00,2026-01-11 23:00:00,2026-01-12 00:00:00,2026-01-12 01:00:00,C车型,B车型,10,15,0.0,15.0,15.0,0.0,0.0,0.0,0.0,0.0,0.0,0.0,28.0,28.0,0.0,14.0,14.0,11.0,0.0,11.0,11.0,0.0,11.0,22.0,0.0,22.0
233,2026-01-11 01:00:00,2026-01-12 00:00:00,2026-01-12 01:00:00,2026-01-12 02:00:00,B车型,C车型,15,10,15.0,0.0,15.0,0.0,0.0,0.0,0.0,0.0,0.0,28.0,0.0,28.0,14.0,0.0,14.0,0.0,10.0,10.0,0.0,11.0,11.0,0.0,20.0,20.0
234,2026-01-11 02:00:00,2026-01-12 01:00:00,2026-01-12 02:00:00,2026-01-12 03:00:00,C车型,A车型,10,20,0.0,21.0,21.0,0.0,20.0,20.0,0.0,39.0,39.0,0.0,0.0,0.0,0.0,0.0,0.0,10.0,0.0,10.0,11.0,0.0,11.0,20.0,0.0,20.0
235,2026-01-11 03:00:00,2026-01-12 02:00:00,2026-01-12 03:00:00,2026-01-12 04:00:00,A车型,A车型,20,20,21.0,20.0,21.0,20.0,19.0,20.0,39.0,37.0,39.0,0.0,0.0,0.0,0.0,0.0,0.0,0.0,0.0,0.0,0.0,0.0,0.0,0.0,0.0,0.0
236,2026-01-11 04:00:00,2026-01-12 03:00:00,2026-01-12 04:00:00,2026-01-12 05:00:00,A车型,B车型,20,15,20.0,14.0,20.0,19.0,0.0,19.0,37.0,0.0,37.0,0.0,28.0,28.0,0.0,14.0,14.0,0.0,0.0,0.0,0.0,0.0,0.0,0.0,0.0,0.0
237,2026-01-11 05:00:00,2026-01-12 04:00:00,2026-01-12 05:00:00,2026-01-12 06:00:00,B车型,A车型,15,20,14.0,17.0,17.0,0.0,17.0,17.0,0.0,34.0,34.0,28.0,0.0,28.0,14.0,0.0,14.0,0.0,0.0,0.0,0.0,0.0,0.0,0.0,0.0,0.0
238,2026-01-11 06:00:00,2026-01-12 05:00:00,2026-01-12 06:00:00,2026-01-12 07:00:00,A车型,A车型,20,20,17.0,18.0,18.0,17.0,17.0,17.0,34.0,34.0,34.0,0.0,0.0,0.0,0.0,0.0,0.0,0.0,0.0,0.0,0.0,0.0,0.0,0.0,0.0,0.0
239,2026-01-11 07:00:00,2026-01-12 06:00:00,2026-01-12 07:00:00,2026-01-12 08:00:00,A车型,A车型,20,20,18.0,18.0,18.0,17.0,17.0,17.0,34.0,36.0,36.0,0.0,0.0,0.0,0.0,0.0,0.0,0.0,0.0,0.0,0.0,0.0,0.0,0.0,0.0,0.0
240,2026-01-11 08:00:00,2026-01-12 07:00:00,2026-01-12 08:00:00,2026-01-12 09:00:00,A车型,A车型,20,20,18.0,18.0,18.0,17.0,18.0,18.0,36.0,36.0,36.0,0.0,0.0,0.0,0.0,0.0,0.0,0.0,0.0,0.0,0.0,0.0,0.0,0.0,0.0,0.0
241,2026-01-11 09:00:00,2026-01-12 08:00:00,2026-01-12 09:00:00,2026-01-12 10:00:00,A车型,A车型,20,20,18.0,20.0,20.0,18.0,21.0,21.0,36.0,41.0,41.0,0.0,0.0,0.0,0.0,0.0,0.0,0.0,0.0,0.0,0.0,0.0,0.0,0.0,0.0,0.0
242,2026-01-11 10:00:00,2026-01-12 09:00:00,2026-01-12 10:00:00,2026-01-12 11:00:00,A车型,B车型,20,15,20.0,14.0,20.0,21.0,0.0,21.0,41.0,0.0,41.0,0.0,28.0,28.0,0.0,14.0,14.0,0.0,0.0,0.0,0.0,0.0,0.0,0.0,0.0,0.0
243,2026-01-11 11:00:00,2026-01-12 10:00:00,2026-01-12 11:00:00,2026-01-12 12:00:00,B车型,B车型,15,15,14.0,14.0,14.0,0.0,0.0,0.0,0.0,0.0,0.0,28.0,28.0,28.0,14.0,14.0,14.0,0.0,0.0,0.0,0.0,0.0,0.0,0.0,0.0,0.0
244,2026-01-11 12:00:00,2026-01-12 11:00:00,2026-01-12 12:00:00,2026-01-12 13:00:00,B车型,A车型,15,20,14.0,19.0,19.0,0.0,19.0,19.0,0.0,38.0,38.0,28.0,0.0,28.0,14.0,0.0,14.0,0.0,0.0,0.0,0.0,0.0,0.0,0.0,0.0,0.0
245,2026-01-11 13:00:00,2026-01-12 12:00:00,2026-01-12 13:00:00,2026-01-12 14:00:00,A车型,A车型,20,20,19.0,21.0,21.0,19.0,21.0,21.0,38.0,42.0,42.0,0.0,0.0,0.0,0.0,0.0,0.0,0.0,0.0,0.0,0.0,0.0,0.0,0.0,0.0,0.0
246,2026-01-11 14:00:00,2026-01-12 13:00:00,2026-01-12 14:00:00,2026-01-12 15:00:00,A车型,C车型,20,10,21.0,0.0,21.0,21.0,0.0,21.0,42.0,0.0,42.0,0.0,0.0,0.0,0.0,0.0,0.0,0.0,9.0,9.0,0.0,10.0,10.0,0.0,18.0,18.0
247,2026-01-11 15:00:00,2026-01-12 14:00:00,2026-01-12 15:00:00,2026-01-12 16:00:00,C车型,A车型,10,20,0.0,21.0,21.0,0.0,21.0,21.0,0.0,42.0,42.0,0.0,0.0,0.0,0.0,0.0,0.0,9.0,0.0,9.0,10.0,0.0,10.0,18.0,0.0,18.0
248,2026-01-11 16:00:00,2026-01-12 15:00:00,2026-01-12 16:00:00,2026-01-12 17:00:00,A车型,A车型,20,20,21.0,20.0,21.0,21.0,20.0,21.0,42.0,40.0,42.0,0.0,0.0,0.0,0.0,0.0,0.0,0.0,0.0,0.0,0.0,0.0,0.0,0.0,0.0,0.0
249,2026-01-11 17:00:00,2026-01-12 16:00:00,2026-01-12 17:00:00,2026-01-12 18:00:00,A车型,A车型,20,20,20.0,19.0,20.0,20.0,19.0,20.0,40.0,38.0,40.0,0.0,0.0,0.0,0.0,0.0,0.0,0.0,0.0,0.0,0.0,0.0,0.0,0.0,0.0,0.0
250,2026-01-11 18:00:00,2026-01-12 17:00:00,2026-01-12 18:00:00,2026-01-12 19:00:00,A车型,B车型,20,15,19.0,15.0,19.0,19.0,0.0,19.0,38.0,0.0,38.0,0.0,30.0,30.0,0.0,15.0,15.0,0.0,0.0,0.0,0.0,0.0,0.0,0.0,0.0,0.0
251,2026-01-11 19:00:00,2026-01-12 18:00:00,2026-01-12 19:00:00,2026-01-12 20:00:00,B车型,C车型,15,10,15.0,0.0,15.0,0.0,0.0,0.0,0.0,0.0,0.0,30.0,0.0,30.0,15.0,0.0,15.0,0.0,10.0,10.0,0.0,11.0,11.0,0.0,20.0,20.0
252,2026-01-11 20:00:00,2026-01-12 19:00:00,2026-01-12 20:00:00,2026-01-12 21:00:00,C车型,C车型,10,10,0.0,0.0,0.0,0.0,0.0,0.0,0.0,0.0,0.0,0.0,0.0,0.0,0.0,0.0,0.0,10.0,10.0,10.0,11.0,10.0,11.0,20.0,20.0,20.0
253,2026-01-11 21:00:00,2026-01-12 20:00:00,2026-01-12 21:00:00,2026-01-12 22:00:00,C车型,C车型,10,10,0.0,0.0,0.0,0.0,0.0,0.0,0.0,0.0,0.0,0.0,0.0,0.0,0.0,0.0,0.0,10.0,10.0,10.0,10.0,10.0,10.0,20.0,20.0,20.0
254,2026-01-11 22:00:00,2026-01-12 21:00:00,2026-01-12 22:00:00,2026-01-12 23:00:00,C车型,C车型,10,10,0.0,0.0,0.0,0.0,0.0,0.0,0.0,0.0,0.0,0.0,0.0,0.0,0.0,0.0,0.0,10.0,9.0,10.0,10.0,10.0,10.0,20.0,18.0,20.0
255,2026-01-11 23:00:00,2026-01-12 22:00:00,2026-01-12 23:00:00,2026-01-13 00:00:00,C车型,A车型,10,20,0.0,19.0,19.0,0.0,18.0,18.0,0.0,37.0,37.0,0.0,0.0,0.0,0.0,0.0,0.0,9.0,0.0,9.0,10.0,0.0,10.0,18.0,0.0,18.0
256,2026-01-12 00:00:00,2026-01-12 23:00:00,2026-01-13 00:00:00,2026-01-13 01:00:00,A车型,C车型,20,10,19.0,0.0,19.0,18.0,0.0,18.0,37.0,0.0,37.0,0.0,0.0,0.0,0.0,0.0,0.0,0.0,10.0,10.0,0.0,10.0,10.0,0.0,20.0,20.0
257,2026-01-12 01:00:00,2026-01-13 00:00:00,2026-01-13 01:00:00,2026-01-13 02:00:00,C车型,C车型,10,10,0.0,0.0,0.0,0.0,0.0,0.0,0.0,0.0,0.0,0.0,0.0,0.0,0.0,0.0,0.0,10.0,11.0,11.0,10.0,11.0,11.0,20.0,21.0,21.0
258,2026-01-12 02:00:00,2026-01-13 01:00:00,2026-01-13 02:00:00,2026-01-13 03:00:00,C车型,B车型,10,15,0.0,14.0,14.0,0.0,0.0,0.0,0.0,0.0,0.0,0.0,28.0,28.0,0.0,14.0,14.0,11.0,0.0,11.0,11.0,0.0,11.0,21.0,0.0,21.0
259,2026-01-12 03:00:00,2026-01-13 02:00:00,2026-01-13 03:00:00,2026-01-13 04:00:00,B车型,C车型,15,10,14.0,0.0,14.0,0.0,0.0,0.0,0.0,0.0,0.0,28.0,0.0,28.0,14.0,0.0,14.0,0.0,11.0,11.0,0.0,11.0,11.0,0.0,22.0,22.0
260,2026-01-12 04:00:00,2026-01-13 03:00:00,2026-01-13 04:00:00,2026-01-13 05:00:00,C车型,C车型,10,10,0.0,0.0,0.0,0.0,0.0,0.0,0.0,0.0,0.0,0.0,0.0,0.0,0.0,0.0,0.0,11.0,9.0,11.0,11.0,9.0,11.0,22.0,18.0,22.0
261,2026-01-12 05:00:00,2026-01-13 04:00:00,2026-01-13 05:00:00,2026-01-13 06:00:00,C车型,C车型,10,10,0.0,0.0,0.0,0.0,0.0,0.0,0.0,0.0,0.0,0.0,0.0,0.0,0.0,0.0,0.0,9.0,9.0,9.0,9.0,8.0,9.0,18.0,18.0,18.0
262,2026-01-12 06:00:00,2026-01-13 05:00:00,2026-01-13 06:00:00,2026-01-13 07:00:00,C车型,A车型,10,20,0.0,20.0,20.0,0.0,19.0,19.0,0.0,39.0,39.0,0.0,0.0,0.0,0.0,0.0,0.0,9.0,0.0,9.0,8.0,0.0,8.0,18.0,0.0,18.0
263,2026-01-12 07:00:00,2026-01-13 06:00:00,2026-01-13 07:00:00,2026-01-13 08:00:00,A车型,B车型,20,15,20.0,16.0,20.0,19.0,0.0,19.0,39.0,0.0,39.0,0.0,32.0,32.0,0.0,16.0,16.0,0.0,0.0,0.0,0.0,0.0,0.0,0.0,0.0,0.0
264,2026-01-12 08:00:00,2026-01-13 07:00:00,2026-01-13 08:00:00,2026-01-13 09:00:00,B车型,B车型,15,15,16.0,15.0,16.0,0.0,0.0,0.0,0.0,0.0,0.0,32.0,30.0,32.0,16.0,15.0,16.0,0.0,0.0,0.0,0.0,0.0,0.0,0.0,0.0,0.0
265,2026-01-12 09:00:00,2026-01-13 08:00:00,2026-01-13 09:00:00,2026-01-13 10:00:00,B车型,B车型,15,15,15.0,15.0,15.0,0.0,0.0,0.0,0.0,0.0,0.0,30.0,29.0,30.0,15.0,15.0,15.0,0.0,0.0,0.0,0.0,0.0,0.0,0.0,0.0,0.0
266,2026-01-12 10:00:00,2026-01-13 09:00:00,2026-01-13 10:00:00,2026-01-13 11:00:00,B车型,B车型,15,15,15.0,15.0,15.0,0.0,0.0,0.0,0.0,0.0,0.0,29.0,29.0,29.0,15.0,15.0,15.0,0.0,0.0,0.0,0.0,0.0,0.0,0.0,0.0,0.0
267,2026-01-12 11:00:00,2026-01-13 10:00:00,2026-01-13 11:00:00,2026-01-13 12:00:00,B车型,B车型,15,15,15.0,14.0,15.0,0.0,0.0,0.0,0.0,0.0,0.0,29.0,28.0,29.0,15.0,14.0,15.0,0.0,0.0,0.0,0.0,0.0,0.0,0.0,0.0,0.0
268,2026-01-12 12:00:00,2026-01-13 11:00:00,2026-01-13 12:00:00,2026-01-13 13:00:00,B车型,B车型,15,15,14.0,15.0,15.0,0.0,0.0,0.0,0.0,0.0,0.0,28.0,30.0,30.0,14.0,15.0,15.0,0.0,0.0,0.0,0.0,0.0,0.0,0.0,0.0,0.0
269,2026-01-12 13:00:00,2026-01-13 12:00:00,2026-01-13 13:00:00,2026-01-13 14:00:00,B车型,B车型,15,15,15.0,16.0,16.0,0.0,0.0,0.0,0.0,0.0,0.0,30.0,32.0,32.0,15.0,16.0,16.0,0.0,0.0,0.0,0.0,0.0,0.0,0.0,0.0,0.0
270,2026-01-12 14:00:00,2026-01-13 13:00:00,2026-01-13 14:00:00,2026-01-13 15:00:00,B车型,C车型,15,10,16.0,0.0,16.0,0.0,0.0,0.0,0.0,0.0,0.0,32.0,0.0,32.0,16.0,0.0,16.0,0.0,10.0,10.0,0.0,10.0,10.0,0.0,21.0,21.0
271,2026-01-12 15:00:00,2026-01-13 14:00:00,2026-01-13 15:00:00,2026-01-13 16:00:00,C车型,C车型,10,10,0.0,0.0,0.0,0.0,0.0,0.0,0.0,0.0,0.0,0.0,0.0,0.0,0.0,0.0,0.0,10.0,11.0,11.0,10.0,11.0,11.0,21.0,22.0,22.0
272,2026-01-12 16:00:00,2026-01-13 15:00:00,2026-01-13 16:00:00,2026-01-13 17:00:00,C车型,C车型,10,10,0.0,0.0,0.0,0.0,0.0,0.0,0.0,0.0,0.0,0.0,0.0,0.0,0.0,0.0,0.0,11.0,11.0,11.0,11.0,11.0,11.0,22.0,22.0,22.0
273,2026-01-12 17:00:00,2026-01-13 16:00:00,2026-01-13 17:00:00,2026-01-13 18:00:00,C车型,C车型,10,10,0.0,0.0,0.0,0.0,0.0,0.0,0.0,0.0,0.0,0.0,0.0,0.0,0.0,0.0,0.0,11.0,11.0,11.0,11.0,12.0,12.0,22.0,22.0,22.0
274,2026-01-12 18:00:00,2026-01-13 17:00:00,2026-01-13 18:00:00,2026-01-13 19:00:00,C车型,B车型,10,15,0.0,16.0,16.0,0.0,0.0,0.0,0.0,0.0,0.0,0.0,32.0,32.0,0.0,16.0,16.0,11.0,0.0,11.0,12.0,0.0,12.0,22.0,0.0,22.0
275,2026-01-12 19:00:00,2026-01-13 18:00:00,2026-01-13 19:00:00,2026-01-13 20:00:00,B车型,C车型,15,10,16.0,0.0,16.0,0.0,0.0,0.0,0.0,0.0,0.0,32.0,0.0,32.0,16.0,0.0,16.0,0.0,10.0,10.0,0.0,10.0,10.0,0.0,20.0,20.0
276,2026-01-12 20:00:00,2026-01-13 19:00:00,2026-01-13 20:00:00,2026-01-13 21:00:00,C车型,C车型,10,10,0.0,0.0,0.0,0.0,0.0,0.0,0.0,0.0,0.0,0.0,0.0,0.0,0.0,0.0,0.0,10.0,10.0,10.0,10.0,11.0,11.0,20.0,21.0,21.0
277,2026-01-12 21:00:00,2026-01-13 20:00:00,2026-01-13 21:00:00,2026-01-13 22:00:00,C车型,C车型,10,10,0.0,0.0,0.0,0.0,0.0,0.0,0.0,0.0,0.0,0.0,0.0,0.0,0.0,0.0,0.0,10.0,10.0,10.0,11.0,11.0,11.0,21.0,20.0,21.0
278,2026-01-12 22:00:00,2026-01-13 21:00:00,2026-01-13 22:00:00,2026-01-13 23:00:00,C车型,C车型,10,10,0.0,0.0,0.0,0.0,0.0,0.0,0.0,0.0,0.0,0.0,0.0,0.0,0.0,0.0,0.0,10.0,11.0,11.0,11.0,12.0,12.0,20.0,22.0,22.0
279,2026-01-12 23:00:00,2026-01-13 22:00:00,2026-01-13 23:00:00,2026-01-14 00:00:00,C车型,C车型,10,10,0.0,0.0,0.0,0.0,0.0,0.0,0.0,0.0,0.0,0.0,0.0,0.0,0.0,0.0,0.0,11.0,10.0,11.0,12.0,11.0,12.0,22.0,20.0,22.0
280,2026-01-13 00:00:00,2026-01-13 23:00:00,2026-01-14 00:00:00,2026-01-14 01:00:00,C车型,C车型,10,10,0.0,0.0,0.0,0.0,0.0,0.0,0.0,0.0,0.0,0.0,0.0,0.0,0.0,0.0,0.0,10.0,10.0,10.0,11.0,10.0,11.0,20.0,20.0,20.0
281,2026-01-13 01:00:00,2026-01-14 00:00:00,2026-01-14 01:00:00,2026-01-14 02:00:00,C车型,B车型,10,15,0.0,16.0,16.0,0.0,0.0,0.0,0.0,0.0,0.0,0.0,31.0,31.0,0.0,16.0,16.0,10.0,0.0,10.0,10.0,0.0,10.0,20.0,0.0,20.0
282,2026-01-13 02:00:00,2026-01-14 01:00:00,2026-01-14 02:00:00,2026-01-14 03:00:00,B车型,C车型,15,10,16.0,0.0,16.0,0.0,0.0,0.0,0.0,0.0,0.0,31.0,0.0,31.0,16.0,0.0,16.0,0.0,10.0,10.0,0.0,10.0,10.0,0.0,20.0,20.0
283,2026-01-13 03:00:00,2026-01-14 02:00:00,2026-01-14 03:00:00,2026-01-14 04:00:00,C车型,C车型,10,10,0.0,0.0,0.0,0.0,0.0,0.0,0.0,0.0,0.0,0.0,0.0,0.0,0.0,0.0,0.0,10.0,10.0,10.0,10.0,10.0,10.0,20.0,20.0,20.0
284,2026-01-13 04:00:00,2026-01-14 03:00:00,2026-01-14 04:00:00,2026-01-14 05:00:00,C车型,B车型,10,15,0.0,15.0,15.0,0.0,0.0,0.0,0.0,0.0,0.0,0.0,30.0,30.0,0.0,16.0,16.0,10.0,0.0,10.0,10.0,0.0,10.0,20.0,0.0,20.0
285,2026-01-13 05:00:00,2026-01-14 04:00:00,2026-01-14 05:00:00,2026-01-14 06:00:00,B车型,A车型,15,20,15.0,20.0,20.0,0.0,20.0,20.0,0.0,39.0,39.0,30.0,0.0,30.0,16.0,0.0,16.0,0.0,0.0,0.0,0.0,0.0,0.0,0.0,0.0,0.0
286,2026-01-13 06:00:00,2026-01-14 05:00:00,2026-01-14 06:00:00,2026-01-14 07:00:00,A车型,A车型,20,20,20.0,20.0,20.0,20.0,20.0,20.0,39.0,39.0,39.0,0.0,0.0,0.0,0.0,0.0,0.0,0.0,0.0,0.0,0.0,0.0,0.0,0.0,0.0,0.0
287,2026-01-13 07:00:00,2026-01-14 06:00:00,2026-01-14 07:00:00,2026-01-14 08:00:00,A车型,A车型,20,20,20.0,22.0,22.0,20.0,22.0,22.0,39.0,44.0,44.0,0.0,0.0,0.0,0.0,0.0,0.0,0.0,0.0,0.0,0.0,0.0,0.0,0.0,0.0,0.0
288,2026-01-13 08:00:00,2026-01-14 07:00:00,2026-01-14 08:00:00,2026-01-14 09:00:00,A车型,C车型,20,10,22.0,0.0,22.0,22.0,0.0,22.0,44.0,0.0,44.0,0.0,0.0,0.0,0.0,0.0,0.0,0.0,12.0,12.0,0.0,13.0,13.0,0.0,24.0,24.0
289,2026-01-13 09:00:00,2026-01-14 08:00:00,2026-01-14 09:00:00,2026-01-14 10:00:00,C车型,B车型,10,15,0.0,18.0,18.0,0.0,0.0,0.0,0.0,0.0,0.0,0.0,36.0,36.0,0.0,19.0,19.0,12.0,0.0,12.0,13.0,0.0,13.0,24.0,0.0,24.0
290,2026-01-13 10:00:00,2026-01-14 09:00:00,2026-01-14 10:00:00,2026-01-14 11:00:00,B车型,B车型,15,15,18.0,17.0,18.0,0.0,0.0,0.0,0.0,0.0,0.0,36.0,34.0,36.0,19.0,18.0,19.0,0.0,0.0,0.0,0.0,0.0,0.0,0.0,0.0,0.0
291,2026-01-13 11:00:00,2026-01-14 10:00:00,2026-01-14 11:00:00,2026-01-14 12:00:00,B车型,B车型,15,15,17.0,17.0,17.0,0.0,0.0,0.0,0.0,0.0,0.0,34.0,34.0,34.0,18.0,17.0,18.0,0.0,0.0,0.0,0.0,0.0,0.0,0.0,0.0,0.0
292,2026-01-13 12:00:00,2026-01-14 11:00:00,2026-01-14 12:00:00,2026-01-14 13:00:00,B车型,B车型,15,15,17.0,16.0,17.0,0.0,0.0,0.0,0.0,0.0,0.0,34.0,32.0,34.0,17.0,16.0,17.0,0.0,0.0,0.0,0.0,0.0,0.0,0.0,0.0,0.0
293,2026-01-13 13:00:00,2026-01-14 12:00:00,2026-01-14 13:00:00,2026-01-14 14:00:00,B车型,C车型,15,10,16.0,0.0,16.0,0.0,0.0,0.0,0.0,0.0,0.0,32.0,0.0,32.0,16.0,0.0,16.0,0.0,13.0,13.0,0.0,12.0,12.0,0.0,25.0,25.0
294,2026-01-13 14:00:00,2026-01-14 13:00:00,2026-01-14 14:00:00,2026-01-14 15:00:00,C车型,B车型,10,15,0.0,16.0,16.0,0.0,0.0,0.0,0.0,0.0,0.0,0.0,32.0,32.0,0.0,16.0,16.0,13.0,0.0,13.0,12.0,0.0,12.0,25.0,0.0,25.0
295,2026-01-13 15:00:00,2026-01-14 14:00:00,2026-01-14 15:00:00,2026-01-14 16:00:00,B车型,C车型,15,10,16.0,0.0,16.0,0.0,0.0,0.0,0.0,0.0,0.0,32.0,0.0,32.0,16.0,0.0,16.0,0.0,12.0,12.0,0.0,11.0,11.0,0.0,22.0,22.0
296,2026-01-13 16:00:00,2026-01-14 15:00:00,2026-01-14 16:00:00,2026-01-14 17:00:00,C车型,C车型,10,10,0.0,0.0,0.0,0.0,0.0,0.0,0.0,0.0,0.0,0.0,0.0,0.0,0.0,0.0,0.0,12.0,11.0,12.0,11.0,11.0,11.0,22.0,22.0,22.0
297,2026-01-13 17:00:00,2026-01-14 16:00:00,2026-01-14 17:00:00,2026-01-14 18:00:00,C车型,C车型,10,10,0.0,0.0,0.0,0.0,0.0,0.0,0.0,0.0,0.0,0.0,0.0,0.0,0.0,0.0,0.0,11.0,10.0,11.0,11.0,10.0,11.0,22.0,20.0,22.0
298,2026-01-13 18:00:00,2026-01-14 17:00:00,2026-01-14 18:00:00,2026-01-14 19:00:00,C车型,C车型,10,10,0.0,0.0,0.0,0.0,0.0,0.0,0.0,0.0,0.0,0.0,0.0,0.0,0.0,0.0,0.0,10.0,12.0,12.0,10.0,12.0,12.0,20.0,24.0,24.0
299,2026-01-13 19:00:00,2026-01-14 18:00:00,2026-01-14 19:00:00,2026-01-14 20:00:00,C车型,C车型,10,10,0.0,0.0,0.0,0.0,0.0,0.0,0.0,0.0,0.0,0.0,0.0,0.0,0.0,0.0,0.0,12.0,10.0,12.0,12.0,10.0,12.0,24.0,20.0,24.0
300,2026-01-13 20:00:00,2026-01-14 19:00:00,2026-01-14 20:00:00,2026-01-14 21:00:00,C车型,C车型,10,10,0.0,0.0,0.0,0.0,0.0,0.0,0.0,0.0,0.0,0.0,0.0,0.0,0.0,0.0,0.0,10.0,10.0,10.0,10.0,9.0,10.0,20.0,18.0,20.0
301,2026-01-13 21:00:00,2026-01-14 20:00:00,2026-01-14 21:00:00,2026-01-14 22:00:00,C车型,C车型,10,10,0.0,0.0,0.0,0.0,0.0,0.0,0.0,0.0,0.0,0.0,0.0,0.0,0.0,0.0,0.0,10.0,11.0,11.0,9.0,10.0,10.0,18.0,20.0,20.0
302,2026-01-13 22:00:00,2026-01-14 21:00:00,2026-01-14 22:00:00,2026-01-14 23:00:00,C车型,C车型,10,10,0.0,0.0,0.0,0.0,0.0,0.0,0.0,0.0,0.0,0.0,0.0,0.0,0.0,0.0,0.0,11.0,12.0,12.0,10.0,11.0,11.0,20.0,22.0,22.0
303,2026-01-13 23:00:00,2026-01-14 22:00:00,2026-01-14 23:00:00,2026-01-15 00:00:00,C车型,B车型,10,15,0.0,16.0,16.0,0.0,0.0,0.0,0.0,0.0,0.0,0.0,32.0,32.0,0.0,16.0,16.0,12.0,0.0,12.0,11.0,0.0,11.0,22.0,0.0,22.0
304,2026-01-14 00:00:00,2026-01-14 23:00:00,2026-01-15 00:00:00,2026-01-15 01:00:00,B车型,A车型,15,20,16.0,20.0,20.0,0.0,20.0,20.0,0.0,39.0,39.0,32.0,0.0,32.0,16.0,0.0,16.0,0.0,0.0,0.0,0.0,0.0,0.0,0.0,0.0,0.0
305,2026-01-14 01:00:00,2026-01-15 00:00:00,2026-01-15 01:00:00,2026-01-15 02:00:00,A车型,B车型,20,15,20.0,16.0,20.0,20.0,0.0,20.0,39.0,0.0,39.0,0.0,30.0,30.0,0.0,14.0,14.0,0.0,0.0,0.0,0.0,0.0,0.0,0.0,0.0,0.0
306,2026-01-14 02:00:00,2026-01-15 01:00:00,2026-01-15 02:00:00,2026-01-15 03:00:00,B车型,B车型,15,15,16.0,15.0,16.0,0.0,0.0,0.0,0.0,0.0,0.0,30.0,28.0,30.0,14.0,13.0,14.0,0.0,0.0,0.0,0.0,0.0,0.0,0.0,0.0,0.0
307,2026-01-14 03:00:00,2026-01-15 02:00:00,2026-01-15 03:00:00,2026-01-15 04:00:00,B车型,B车型,15,15,15.0,14.0,15.0,0.0,0.0,0.0,0.0,0.0,0.0,28.0,28.0,28.0,13.0,14.0,14.0,0.0,0.0,0.0,0.0,0.0,0.0,0.0,0.0,0.0
308,2026-01-14 04:00:00,2026-01-15 03:00:00,2026-01-15 04:00:00,2026-01-15 05:00:00,B车型,C车型,15,10,14.0,0.0,14.0,0.0,0.0,0.0,0.0,0.0,0.0,28.0,0.0,28.0,14.0,0.0,14.0,0.0,9.0,9.0,0.0,9.0,9.0,0.0,18.0,18.0
309,2026-01-14 05:00:00,2026-01-15 04:00:00,2026-01-15 05:00:00,2026-01-15 06:00:00,C车型,C车型,10,10,0.0,0.0,0.0,0.0,0.0,0.0,0.0,0.0,0.0,0.0,0.0,0.0,0.0,0.0,0.0,9.0,10.0,10.0,9.0,10.0,10.0,18.0,20.0,20.0
310,2026-01-14 06:00:00,2026-01-15 05:00:00,2026-01-15 06:00:00,2026-01-15 07:00:00,C车型,A车型,10,20,0.0,21.0,21.0,0.0,20.0,20.0,0.0,40.0,40.0,0.0,0.0,0.0,0.0,0.0,0.0,10.0,0.0,10.0,10.0,0.0,10.0,20.0,0.0,20.0
311,2026-01-14 07:00:00,2026-01-15 06:00:00,2026-01-15 07:00:00,2026-01-15 08:00:00,A车型,A车型,20,20,21.0,21.0,21.0,20.0,21.0,21.0,40.0,40.0,40.0,0.0,0.0,0.0,0.0,0.0,0.0,0.0,0.0,0.0,0.0,0.0,0.0,0.0,0.0,0.0
312,2026-01-14 08:00:00,2026-01-15 07:00:00,2026-01-15 08:00:00,2026-01-15 09:00:00,A车型,A车型,20,20,21.0,20.0,21.0,21.0,20.0,21.0,40.0,40.0,40.0,0.0,0.0,0.0,0.0,0.0,0.0,0.0,0.0,0.0,0.0,0.0,0.0,0.0,0.0,0.0
313,2026-01-14 09:00:00,2026-01-15 08:00:00,2026-01-15 09:00:00,2026-01-15 10:00:00,A车型,A车型,20,20,20.0,22.0,22.0,20.0,21.0,21.0,40.0,42.0,42.0,0.0,0.0,0.0,0.0,0.0,0.0,0.0,0.0,0.0,0.0,0.0,0.0,0.0,0.0,0.0
314,2026-01-14 10:00:00,2026-01-15 09:00:00,2026-01-15 10:00:00,2026-01-15 11:00:00,A车型,A车型,20,20,22.0,20.0,22.0,21.0,20.0,21.0,42.0,40.0,42.0,0.0,0.0,0.0,0.0,0.0,0.0,0.0,0.0,0.0,0.0,0.0,0.0,0.0,0.0,0.0
315,2026-01-14 11:00:00,2026-01-15 10:00:00,2026-01-15 11:00:00,2026-01-15 12:00:00,A车型,A车型,20,20,20.0,19.0,20.0,20.0,19.0,20.0,40.0,38.0,40.0,0.0,0.0,0.0,0.0,0.0,0.0,0.0,0.0,0.0,0.0,0.0,0.0,0.0,0.0,0.0
316,2026-01-14 12:00:00,2026-01-15 11:00:00,2026-01-15 12:00:00,2026-01-15 13:00:00,A车型,A车型,20,20,19.0,20.0,20.0,19.0,20.0,20.0,38.0,40.0,40.0,0.0,0.0,0.0,0.0,0.0,0.0,0.0,0.0,0.0,0.0,0.0,0.0,0.0,0.0,0.0
317,2026-01-14 13:00:00,2026-01-15 12:00:00,2026-01-15 13:00:00,2026-01-15 14:00:00,A车型,A车型,20,20,20.0,22.0,22.0,20.0,21.0,21.0,40.0,43.0,43.0,0.0,0.0,0.0,0.0,0.0,0.0,0.0,0.0,0.0,0.0,0.0,0.0,0.0,0.0,0.0
318,2026-01-14 14:00:00,2026-01-15 13:00:00,2026-01-15 14:00:00,2026-01-15 15:00:00,A车型,C车型,20,10,22.0,0.0,22.0,21.0,0.0,21.0,43.0,0.0,43.0,0.0,0.0,0.0,0.0,0.0,0.0,0.0,11.0,11.0,0.0,10.0,10.0,0.0,20.0,20.0
319,2026-01-14 15:00:00,2026-01-15 14:00:00,2026-01-15 15:00:00,2026-01-15 16:00:00,C车型,C车型,10,10,0.0,0.0,0.0,0.0,0.0,0.0,0.0,0.0,0.0,0.0,0.0,0.0,0.0,0.0,0.0,11.0,9.0,11.0,10.0,8.0,10.0,20.0,18.0,20.0
320,2026-01-14 16:00:00,2026-01-15 15:00:00,2026-01-15 16:00:00,2026-01-15 17:00:00,C车型,A车型,10,20,0.0,21.0,21.0,0.0,20.0,20.0,0.0,40.0,40.0,0.0,0.0,0.0,0.0,0.0,0.0,9.0,0.0,9.0,8.0,0.0,8.0,18.0,0.0,18.0
321,2026-01-14 17:00:00,2026-01-15 16:00:00,2026-01-15 17:00:00,2026-01-15 18:00:00,A车型,A车型,20,20,21.0,20.0,21.0,20.0,19.0,20.0,40.0,39.0,40.0,0.0,0.0,0.0,0.0,0.0,0.0,0.0,0.0,0.0,0.0,0.0,0.0,0.0,0.0,0.0
322,2026-01-14 18:00:00,2026-01-15 17:00:00,2026-01-15 18:00:00,2026-01-15 19:00:00,A车型,A车型,20,20,20.0,19.0,20.0,19.0,18.0,19.0,39.0,36.0,39.0,0.0,0.0,0.0,0.0,0.0,0.0,0.0,0.0,0.0,0.0,0.0,0.0,0.0,0.0,0.0
323,2026-01-14 19:00:00,2026-01-15 18:00:00,2026-01-15 19:00:00,2026-01-15 20:00:00,A车型,B车型,20,15,19.0,13.0,19.0,18.0,0.0,18.0,36.0,0.0,36.0,0.0,26.0,26.0,0.0,13.0,13.0,0.0,0.0,0.0,0.0,0.0,0.0,0.0,0.0,0.0
324,2026-01-14 20:00:00,2026-01-15 19:00:00,2026-01-15 20:00:00,2026-01-15 21:00:00,B车型,B车型,15,15,13.0,13.0,13.0,0.0,0.0,0.0,0.0,0.0,0.0,26.0,26.0,26.0,13.0,13.0,13.0,0.0,0.0,0.0,0.0,0.0,0.0,0.0,0.0,0.0
325,2026-01-14 21:00:00,2026-01-15 20:00:00,2026-01-15 21:00:00,2026-01-15 22:00:00,B车型,B车型,15,15,13.0,14.0,14.0,0.0,0.0,0.0,0.0,0.0,0.0,26.0,28.0,28.0,13.0,14.0,14.0,0.0,0.0,0.0,0.0,0.0,0.0,0.0,0.0,0.0
326,2026-01-14 22:00:00,2026-01-15 21:00:00,2026-01-15 22:00:00,2026-01-15 23:00:00,B车型,C车型,15,10,14.0,0.0,14.0,0.0,0.0,0.0,0.0,0.0,0.0,28.0,0.0,28.0,14.0,0.0,14.0,0.0,10.0,10.0,0.0,9.0,9.0,0.0,20.0,20.0
327,2026-01-14 23:00:00,2026-01-15 22:00:00,2026-01-15 23:00:00,2026-01-16 00:00:00,C车型,C车型,10,10,0.0,0.0,0.0,0.0,0.0,0.0,0.0,0.0,0.0,0.0,0.0,0.0,0.0,0.0,0.0,10.0,11.0,11.0,9.0,10.0,10.0,20.0,22.0,22.0
328,2026-01-15 00:00:00,2026-01-15 23:00:00,2026-01-16 00:00:00,2026-01-16 01:00:00,C车型,C车型,10,10,0.0,0.0,0.0,0.0,0.0,0.0,0.0,0.0,0.0,0.0,0.0,0.0,0.0,0.0,0.0,11.0,10.0,11.0,10.0,9.0,10.0,22.0,20.0,22.0
329,2026-01-15 01:00:00,2026-01-16 00:00:00,2026-01-16 01:00:00,2026-01-16 02:00:00,C车型,C车型,10,10,0.0,0.0,0.0,0.0,0.0,0.0,0.0,0.0,0.0,0.0,0.0,0.0,0.0,0.0,0.0,10.0,9.0,10.0,9.0,10.0,10.0,20.0,20.0,20.0
330,2026-01-15 02:00:00,2026-01-16 01:00:00,2026-01-16 02:00:00,2026-01-16 03:00:00,C车型,C车型,10,10,0.0,0.0,0.0,0.0,0.0,0.0,0.0,0.0,0.0,0.0,0.0,0.0,0.0,0.0,0.0,9.0,8.0,9.0,10.0,9.0,10.0,20.0,18.0,20.0
331,2026-01-15 03:00:00,2026-01-16 02:00:00,2026-01-16 03:00:00,2026-01-16 04:00:00,C车型,C车型,10,10,0.0,0.0,0.0,0.0,0.0,0.0,0.0,0.0,0.0,0.0,0.0,0.0,0.0,0.0,0.0,8.0,8.0,8.0,9.0,9.0,9.0,18.0,17.0,18.0
332,2026-01-15 04:00:00,2026-01-16 03:00:00,2026-01-16 04:00:00,2026-01-16 05:00:00,C车型,B车型,10,15,0.0,14.0,14.0,0.0,0.0,0.0,0.0,0.0,0.0,0.0,28.0,28.0,0.0,14.0,14.0,8.0,0.0,8.0,9.0,0.0,9.0,17.0,0.0,17.0
333,2026-01-15 05:00:00,2026-01-16 04:00:00,2026-01-16 05:00:00,2026-01-16 06:00:00,B车型,B车型,15,15,14.0,14.0,14.0,0.0,0.0,0.0,0.0,0.0,0.0,28.0,28.0,28.0,14.0,14.0,14.0,0.0,0.0,0.0,0.0,0.0,0.0,0.0,0.0,0.0
334,2026-01-15 06:00:00,2026-01-16 05:00:00,2026-01-16 06:00:00,2026-01-16 07:00:00,B车型,A车型,15,20,14.0,19.0,19.0,0.0,19.0,19.0,0.0,38.0,38.0,28.0,0.0,28.0,14.0,0.0,14.0,0.0,0.0,0.0,0.0,0.0,0.0,0.0,0.0,0.0
335,2026-01-15 07:00:00,2026-01-16 06:00:00,2026-01-16 07:00:00,2026-01-16 08:00:00,A车型,B车型,20,15,19.0,15.0,19.0,19.0,0.0,19.0,38.0,0.0,38.0,0.0,30.0,30.0,0.0,15.0,15.0,0.0,0.0,0.0,0.0,0.0,0.0,0.0,0.0,0.0
336,2026-01-15 08:00:00,2026-01-16 07:00:00,2026-01-16 08:00:00,2026-01-16 09:00:00,B车型,B车型,15,15,15.0,17.0,17.0,0.0,0.0,0.0,0.0,0.0,0.0,30.0,34.0,34.0,15.0,17.0,17.0,0.0,0.0,0.0,0.0,0.0,0.0,0.0,0.0,0.0
337,2026-01-15 09:00:00,2026-01-16 08:00:00,2026-01-16 09:00:00,2026-01-16 10:00:00,B车型,B车型,15,15,17.0,16.0,17.0,0.0,0.0,0.0,0.0,0.0,0.0,34.0,32.0,34.0,17.0,15.0,17.0,0.0,0.0,0.0,0.0,0.0,0.0,0.0,0.0,0.0
338,2026-01-15 10:00:00,2026-01-16 09:00:00,2026-01-16 10:00:00,2026-01-16 11:00:00,B车型,B车型,15,15,16.0,16.0,16.0,0.0,0.0,0.0,0.0,0.0,0.0,32.0,32.0,32.0,15.0,16.0,16.0,0.0,0.0,0.0,0.0,0.0,0.0,0.0,0.0,0.0
339,2026-01-15 11:00:00,2026-01-16 10:00:00,2026-01-16 11:00:00,2026-01-16 12:00:00,B车型,B车型,15,15,16.0,18.0,18.0,0.0,0.0,0.0,0.0,0.0,0.0,32.0,34.0,34.0,16.0,17.0,17.0,0.0,0.0,0.0,0.0,0.0,0.0,0.0,0.0,0.0
340,2026-01-15 12:00:00,2026-01-16 11:00:00,2026-01-16 12:00:00,2026-01-16 13:00:00,B车型,C车型,15,10,18.0,0.0,18.0,0.0,0.0,0.0,0.0,0.0,0.0,34.0,0.0,34.0,17.0,0.0,17.0,0.0,11.0,11.0,0.0,11.0,11.0,0.0,21.0,21.0
341,2026-01-15 13:00:00,2026-01-16 12:00:00,2026-01-16 13:00:00,2026-01-16 14:00:00,C车型,C车型,10,10,0.0,0.0,0.0,0.0,0.0,0.0,0.0,0.0,0.0,0.0,0.0,0.0,0.0,0.0,0.0,11.0,11.0,11.0,11.0,11.0,11.0,21.0,22.0,22.0
342,2026-01-15 14:00:00,2026-01-16 13:00:00,2026-01-16 14:00:00,2026-01-16 15:00:00,C车型,C车型,10,10,0.0,0.0,0.0,0.0,0.0,0.0,0.0,0.0,0.0,0.0,0.0,0.0,0.0,0.0,0.0,11.0,11.0,11.0,11.0,11.0,11.0,22.0,22.0,22.0
343,2026-01-15 15:00:00,2026-01-16 14:00:00,2026-01-16 15:00:00,2026-01-16 16:00:00,C车型,C车型,10,10,0.0,0.0,0.0,0.0,0.0,0.0,0.0,0.0,0.0,0.0,0.0,0.0,0.0,0.0,0.0,11.0,11.0,11.0,11.0,11.0,11.0,22.0,21.0,22.0
344,2026-01-15 16:00:00,2026-01-16 15:00:00,2026-01-16 16:00:00,2026-01-16 17:00:00,C车型,C车型,10,10,0.0,0.0,0.0,0.0,0.0,0.0,0.0,0.0,0.0,0.0,0.0,0.0,0.0,0.0,0.0,11.0,10.0,11.0,11.0,10.0,11.0,21.0,20.0,21.0
345,2026-01-15 17:00:00,2026-01-16 16:00:00,2026-01-16 17:00:00,2026-01-16 18:00:00,C车型,A车型,10,20,0.0,21.0,21.0,0.0,20.0,20.0,0.0,40.0,40.0,0.0,0.0,0.0,0.0,0.0,0.0,10.0,0.0,10.0,10.0,0.0,10.0,20.0,0.0,20.0
346,2026-01-15 18:00:00,2026-01-16 17:00:00,2026-01-16 18:00:00,2026-01-16 19:00:00,A车型,A车型,20,20,21.0,20.0,21.0,20.0,20.0,20.0,40.0,40.0,40.0,0.0,0.0,0.0,0.0,0.0,0.0,0.0,0.0,0.0,0.0,0.0,0.0,0.0,0.0,0.0
347,2026-01-15 19:00:00,2026-01-16 18:00:00,2026-01-16 19:00:00,2026-01-16 20:00:00,A车型,A车型,20,20,20.0,21.0,21.0,20.0,21.0,21.0,40.0,42.0,42.0,0.0,0.0,0.0,0.0,0.0,0.0,0.0,0.0,0.0,0.0,0.0,0.0,0.0,0.0,0.0
348,2026-01-15 20:00:00,2026-01-16 19:00:00,2026-01-16 20:00:00,2026-01-16 21:00:00,A车型,B车型,20,15,21.0,17.0,21.0,21.0,0.0,21.0,42.0,0.0,42.0,0.0,34.0,34.0,0.0,16.0,16.0,0.0,0.0,0.0,0.0,0.0,0.0,0.0,0.0,0.0
349,2026-01-15 21:00:00,2026-01-16 20:00:00,2026-01-16 21:00:00,2026-01-16 22:00:00,B车型,C车型,15,10,17.0,0.0,17.0,0.0,0.0,0.0,0.0,0.0,0.0,34.0,0.0,34.0,16.0,0.0,16.0,0.0,13.0,13.0,0.0,13.0,13.0,0.0,26.0,26.0
350,2026-01-15 22:00:00,2026-01-16 21:00:00,2026-01-16 22:00:00,2026-01-16 23:00:00,C车型,C车型,10,10,0.0,0.0,0.0,0.0,0.0,0.0,0.0,0.0,0.0,0.0,0.0,0.0,0.0,0.0,0.0,13.0,12.0,13.0,13.0,12.0,13.0,26.0,24.0,26.0
351,2026-01-15 23:00:00,2026-01-16 22:00:00,2026-01-16 23:00:00,2026-01-17 00:00:00,C车型,C车型,10,10,0.0,0.0,0.0,0.0,0.0,0.0,0.0,0.0,0.0,0.0,0.0,0.0,0.0,0.0,0.0,12.0,12.0,12.0,12.0,12.0,12.0,24.0,23.0,24.0
352,2026-01-16 00:00:00,2026-01-16 23:00:00,2026-01-17 00:00:00,2026-01-17 01:00:00,C车型,C车型,10,10,0.0,0.0,0.0,0.0,0.0,0.0,0.0,0.0,0.0,0.0,0.0,0.0,0.0,0.0,0.0,12.0,11.0,12.0,12.0,11.0,12.0,23.0,22.0,23.0
353,2026-01-16 01:00:00,2026-01-17 00:00:00,2026-01-17 01:00:00,2026-01-17 02:00:00,C车型,C车型,10,10,0.0,0.0,0.0,0.0,0.0,0.0,0.0,0.0,0.0,0.0,0.0,0.0,0.0,0.0,0.0,11.0,12.0,12.0,11.0,12.0,12.0,22.0,24.0,24.0
354,2026-01-16 02:00:00,2026-01-17 01:00:00,2026-01-17 02:00:00,2026-01-17 03:00:00,C车型,C车型,10,10,0.0,0.0,0.0,0.0,0.0,0.0,0.0,0.0,0.0,0.0,0.0,0.0,0.0,0.0,0.0,12.0,11.0,12.0,12.0,11.0,12.0,24.0,22.0,24.0
355,2026-01-16 03:00:00,2026-01-17 02:00:00,2026-01-17 03:00:00,2026-01-17 04:00:00,C车型,C车型,10,10,0.0,0.0,0.0,0.0,0.0,0.0,0.0,0.0,0.0,0.0,0.0,0.0,0.0,0.0,0.0,11.0,10.0,11.0,11.0,10.0,11.0,22.0,20.0,22.0
356,2026-01-16 04:00:00,2026-01-17 03:00:00,2026-01-17 04:00:00,2026-01-17 05:00:00,C车型,C车型,10,10,0.0,0.0,0.0,0.0,0.0,0.0,0.0,0.0,0.0,0.0,0.0,0.0,0.0,0.0,0.0,10.0,9.0,10.0,10.0,9.0,10.0,20.0,18.0,20.0
357,2026-01-16 05:00:00,2026-01-17 04:00:00,2026-01-17 05:00:00,2026-01-17 06:00:00,C车型,A车型,10,20,0.0,18.0,18.0,0.0,18.0,18.0,0.0,36.0,36.0,0.0,0.0,0.0,0.0,0.0,0.0,9.0,0.0,9.0,9.0,0.0,9.0,18.0,0.0,18.0
358,2026-01-16 06:00:00,2026-01-17 05:00:00,2026-01-17 06:00:00,2026-01-17 07:00:00,A车型,A车型,20,20,18.0,18.0,18.0,18.0,18.0,18.0,36.0,36.0,36.0,0.0,0.0,0.0,0.0,0.0,0.0,0.0,0.0,0.0,0.0,0.0,0.0,0.0,0.0,0.0
359,2026-01-16 07:00:00,2026-01-17 06:00:00,2026-01-17 07:00:00,2026-01-17 08:00:00,A车型,A车型,20,20,18.0,18.0,18.0,18.0,18.0,18.0,36.0,36.0,36.0,0.0,0.0,0.0,0.0,0.0,0.0,0.0,0.0,0.0,0.0,0.0,0.0,0.0,0.0,0.0
360,2026-01-16 08:00:00,2026-01-17 07:00:00,2026-01-17 08:00:00,2026-01-17 09:00:00,A车型,A车型,20,20,18.0,19.0,19.0,18.0,19.0,19.0,36.0,38.0,38.0,0.0,0.0,0.0,0.0,0.0,0.0,0.0,0.0,0.0,0.0,0.0,0.0,0.0,0.0,0.0
361,2026-01-16 09:00:00,2026-01-17 08:00:00,2026-01-17 09:00:00,2026-01-17 10:00:00,A车型,A车型,20,20,19.0,20.0,20.0,19.0,20.0,20.0,38.0,41.0,41.0,0.0,0.0,0.0,0.0,0.0,0.0,0.0,0.0,0.0,0.0,0.0,0.0,0.0,0.0,0.0
362,2026-01-16 10:00:00,2026-01-17 09:00:00,2026-01-17 10:00:00,2026-01-17 11:00:00,A车型,A车型,20,20,20.0,22.0,22.0,20.0,22.0,22.0,41.0,44.0,44.0,0.0,0.0,0.0,0.0,0.0,0.0,0.0,0.0,0.0,0.0,0.0,0.0,0.0,0.0,0.0
363,2026-01-16 11:00:00,2026-01-17 10:00:00,2026-01-17 11:00:00,2026-01-17 12:00:00,A车型,A车型,20,20,22.0,22.0,22.0,22.0,22.0,22.0,44.0,44.0,44.0,0.0,0.0,0.0,0.0,0.0,0.0,0.0,0.0,0.0,0.0,0.0,0.0,0.0,0.0,0.0
364,2026-01-16 12:00:00,2026-01-17 11:00:00,2026-01-17 12:00:00,2026-01-17 13:00:00,A车型,A车型,20,20,22.0,21.0,22.0,22.0,21.0,22.0,44.0,42.0,44.0,0.0,0.0,0.0,0.0,0.0,0.0,0.0,0.0,0.0,0.0,0.0,0.0,0.0,0.0,0.0
365,2026-01-16 13:00:00,2026-01-17 12:00:00,2026-01-17 13:00:00,2026-01-17 14:00:00,A车型,A车型,20,20,21.0,21.0,21.0,21.0,21.0,21.0,42.0,42.0,42.0,0.0,0.0,0.0,0.0,0.0,0.0,0.0,0.0,0.0,0.0,0.0,0.0,0.0,0.0,0.0
366,2026-01-16 14:00:00,2026-01-17 13:00:00,2026-01-17 14:00:00,2026-01-17 15:00:00,A车型,B车型,20,15,21.0,16.0,21.0,21.0,0.0,21.0,42.0,0.0,42.0,0.0,32.0,32.0,0.0,16.0,16.0,0.0,0.0,0.0,0.0,0.0,0.0,0.0,0.0,0.0
367,2026-01-16 15:00:00,2026-01-17 14:00:00,2026-01-17 15:00:00,2026-01-17 16:00:00,B车型,B车型,15,15,16.0,14.0,16.0,0.0,0.0,0.0,0.0,0.0,0.0,32.0,28.0,32.0,16.0,14.0,16.0,0.0,0.0,0.0,0.0,0.0,0.0,0.0,0.0,0.0
368,2026-01-16 16:00:00,2026-01-17 15:00:00,2026-01-17 16:00:00,2026-01-17 17:00:00,B车型,B车型,15,15,14.0,16.0,16.0,0.0,0.0,0.0,0.0,0.0,0.0,28.0,32.0,32.0,14.0,16.0,16.0,0.0,0.0,0.0,0.0,0.0,0.0,0.0,0.0,0.0
369,2026-01-16 17:00:00,2026-01-17 16:00:00,2026-01-17 17:00:00,2026-01-17 18:00:00,B车型,B车型,15,15,16.0,17.0,17.0,0.0,0.0,0.0,0.0,0.0,0.0,32.0,34.0,34.0,16.0,17.0,17.0,0.0,0.0,0.0,0.0,0.0,0.0,0.0,0.0,0.0
370,2026-01-16 18:00:00,2026-01-17 17:00:00,2026-01-17 18:00:00,2026-01-17 19:00:00,B车型,C车型,15,10,17.0,0.0,17.0,0.0,0.0,0.0,0.0,0.0,0.0,34.0,0.0,34.0,17.0,0.0,17.0,0.0,11.0,11.0,0.0,11.0,11.0,0.0,22.0,22.0
371,2026-01-16 19:00:00,2026-01-17 18:00:00,2026-01-17 19:00:00,2026-01-17 20:00:00,C车型,C车型,10,10,0.0,0.0,0.0,0.0,0.0,0.0,0.0,0.0,0.0,0.0,0.0,0.0,0.0,0.0,0.0,11.0,9.0,11.0,11.0,9.0,11.0,22.0,18.0,22.0
372,2026-01-16 20:00:00,2026-01-17 19:00:00,2026-01-17 20:00:00,2026-01-17 21:00:00,C车型,C车型,10,10,0.0,0.0,0.0,0.0,0.0,0.0,0.0,0.0,0.0,0.0,0.0,0.0,0.0,0.0,0.0,9.0,10.0,10.0,9.0,10.0,10.0,18.0,20.0,20.0
373,2026-01-16 21:00:00,2026-01-17 20:00:00,2026-01-17 21:00:00,2026-01-17 22:00:00,C车型,C车型,10,10,0.0,0.0,0.0,0.0,0.0,0.0,0.0,0.0,0.0,0.0,0.0,0.0,0.0,0.0,0.0,10.0,10.0,10.0,10.0,10.0,10.0,20.0,20.0,20.0
374,2026-01-16 22:00:00,2026-01-17 21:00:00,2026-01-17 22:00:00,2026-01-17 23:00:00,C车型,B车型,10,15,0.0,16.0,16.0,0.0,0.0,0.0,0.0,0.0,0.0,0.0,32.0,32.0,0.0,16.0,16.0,10.0,0.0,10.0,10.0,0.0,10.0,20.0,0.0,20.0
375,2026-01-16 23:00:00,2026-01-17 22:00:00,2026-01-17 23:00:00,2026-01-18 00:00:00,B车型,B车型,15,15,16.0,13.0,16.0,0.0,0.0,0.0,0.0,0.0,0.0,32.0,28.0,32.0,16.0,13.0,16.0,0.0,0.0,0.0,0.0,0.0,0.0,0.0,0.0,0.0
376,2026-01-17 00:00:00,2026-01-17 23:00:00,2026-01-18 00:00:00,2026-01-18 01:00:00,B车型,B车型,15,15,13.0,13.0,13.0,0.0,0.0,0.0,0.0,0.0,0.0,28.0,26.0,28.0,13.0,12.0,13.0,0.0,0.0,0.0,0.0,0.0,0.0,0.0,0.0,0.0
377,2026-01-17 01:00:00,2026-01-18 00:00:00,2026-01-18 01:00:00,2026-01-18 02:00:00,B车型,C车型,15,10,13.0,0.0,13.0,0.0,0.0,0.0,0.0,0.0,0.0,26.0,0.0,26.0,12.0,0.0,12.0,0.0,8.0,8.0,0.0,9.0,9.0,0.0,18.0,18.0
378,2026-01-17 02:00:00,2026-01-18 01:00:00,2026-01-18 02:00:00,2026-01-18 03:00:00,C车型,A车型,10,20,0.0,19.0,19.0,0.0,18.0,18.0,0.0,38.0,38.0,0.0,0.0,0.0,0.0,0.0,0.0,8.0,0.0,8.0,9.0,0.0,9.0,18.0,0.0,18.0
379,2026-01-17 03:00:00,2026-01-18 02:00:00,2026-01-18 03:00:00,2026-01-18 04:00:00,A车型,A车型,20,20,19.0,18.0,19.0,18.0,17.0,18.0,38.0,36.0,38.0,0.0,0.0,0.0,0.0,0.0,0.0,0.0,0.0,0.0,0.0,0.0,0.0,0.0,0.0,0.0
380,2026-01-17 04:00:00,2026-01-18 03:00:00,2026-01-18 04:00:00,2026-01-18 05:00:00,A车型,A车型,20,20,18.0,18.0,18.0,17.0,19.0,19.0,36.0,38.0,38.0,0.0,0.0,0.0,0.0,0.0,0.0,0.0,0.0,0.0,0.0,0.0,0.0,0.0,0.0,0.0
381,2026-01-17 05:00:00,2026-01-18 04:00:00,2026-01-18 05:00:00,2026-01-18 06:00:00,A车型,A车型,20,20,18.0,19.0,19.0,19.0,19.0,19.0,38.0,38.0,38.0,0.0,0.0,0.0,0.0,0.0,0.0,0.0,0.0,0.0,0.0,0.0,0.0,0.0,0.0,0.0
382,2026-01-17 06:00:00,2026-01-18 05:00:00,2026-01-18 06:00:00,2026-01-18 07:00:00,A车型,A车型,20,20,19.0,19.0,19.0,19.0,19.0,19.0,38.0,38.0,38.0,0.0,0.0,0.0,0.0,0.0,0.0,0.0,0.0,0.0,0.0,0.0,0.0,0.0,0.0,0.0
383,2026-01-17 07:00:00,2026-01-18 06:00:00,2026-01-18 07:00:00,2026-01-18 08:00:00,A车型,A车型,20,20,19.0,20.0,20.0,19.0,20.0,20.0,38.0,40.0,40.0,0.0,0.0,0.0,0.0,0.0,0.0,0.0,0.0,0.0,0.0,0.0,0.0,0.0,0.0,0.0
384,2026-01-17 08:00:00,2026-01-18 07:00:00,2026-01-18 08:00:00,2026-01-18 09:00:00,A车型,B车型,20,15,20.0,16.0,20.0,20.0,0.0,20.0,40.0,0.0,40.0,0.0,33.0,33.0,0.0,16.0,16.0,0.0,0.0,0.0,0.0,0.0,0.0,0.0,0.0,0.0
385,2026-01-17 09:00:00,2026-01-18 08:00:00,2026-01-18 09:00:00,2026-01-18 10:00:00,B车型,A车型,15,20,16.0,21.0,21.0,0.0,21.0,21.0,0.0,42.0,42.0,33.0,0.0,33.0,16.0,0.0,16.0,0.0,0.0,0.0,0.0,0.0,0.0,0.0,0.0,0.0
386,2026-01-17 10:00:00,2026-01-18 09:00:00,2026-01-18 10:00:00,2026-01-18 11:00:00,A车型,C车型,20,10,21.0,0.0,21.0,21.0,0.0,21.0,42.0,0.0,42.0,0.0,0.0,0.0,0.0,0.0,0.0,0.0,9.0,9.0,0.0,10.0,10.0,0.0,21.0,21.0
387,2026-01-17 11:00:00,2026-01-18 10:00:00,2026-01-18 11:00:00,2026-01-18 12:00:00,C车型,B车型,10,15,0.0,13.0,13.0,0.0,0.0,0.0,0.0,0.0,0.0,0.0,29.0,29.0,0.0,14.0,14.0,9.0,0.0,9.0,10.0,0.0,10.0,21.0,0.0,21.0
388,2026-01-17 12:00:00,2026-01-18 11:00:00,2026-01-18 12:00:00,2026-01-18 13:00:00,B车型,B车型,15,15,13.0,15.0,15.0,0.0,0.0,0.0,0.0,0.0,0.0,29.0,31.0,31.0,14.0,15.0,15.0,0.0,0.0,0.0,0.0,0.0,0.0,0.0,0.0,0.0
389,2026-01-17 13:00:00,2026-01-18 12:00:00,2026-01-18 13:00:00,2026-01-18 14:00:00,B车型,B车型,15,15,15.0,16.0,16.0,0.0,0.0,0.0,0.0,0.0,0.0,31.0,33.0,33.0,15.0,16.0,16.0,0.0,0.0,0.0,0.0,0.0,0.0,0.0,0.0,0.0
390,2026-01-17 14:00:00,2026-01-18 13:00:00,2026-01-18 14:00:00,2026-01-18 15:00:00,B车型,B车型,15,15,16.0,15.0,16.0,0.0,0.0,0.0,0.0,0.0,0.0,33.0,31.0,33.0,16.0,15.0,16.0,0.0,0.0,0.0,0.0,0.0,0.0,0.0,0.0,0.0
391,2026-01-17 15:00:00,2026-01-18 14:00:00,2026-01-18 15:00:00,2026-01-18 16:00:00,B车型,A车型,15,20,15.0,21.0,21.0,0.0,22.0,22.0,0.0,42.0,42.0,31.0,0.0,31.0,15.0,0.0,15.0,0.0,0.0,0.0,0.0,0.0,0.0,0.0,0.0,0.0
392,2026-01-17 16:00:00,2026-01-18 15:00:00,2026-01-18 16:00:00,2026-01-18 17:00:00,A车型,C车型,20,10,21.0,0.0,21.0,22.0,0.0,22.0,42.0,0.0,42.0,0.0,0.0,0.0,0.0,0.0,0.0,0.0,10.0,10.0,0.0,11.0,11.0,0.0,22.0,22.0
393,2026-01-17 17:00:00,2026-01-18 16:00:00,2026-01-18 17:00:00,2026-01-18 18:00:00,C车型,C车型,10,10,0.0,0.0,0.0,0.0,0.0,0.0,0.0,0.0,0.0,0.0,0.0,0.0,0.0,0.0,0.0,10.0,11.0,11.0,11.0,12.0,12.0,22.0,25.0,25.0
394,2026-01-17 18:00:00,2026-01-18 17:00:00,2026-01-18 18:00:00,2026-01-18 19:00:00,C车型,C车型,10,10,0.0,0.0,0.0,0.0,0.0,0.0,0.0,0.0,0.0,0.0,0.0,0.0,0.0,0.0,0.0,11.0,11.0,11.0,12.0,11.0,12.0,25.0,23.0,25.0
395,2026-01-17 19:00:00,2026-01-18 18:00:00,2026-01-18 19:00:00,2026-01-18 20:00:00,C车型,B车型,10,15,0.0,18.0,18.0,0.0,0.0,0.0,0.0,0.0,0.0,0.0,36.0,36.0,0.0,18.0,18.0,11.0,0.0,11.0,11.0,0.0,11.0,23.0,0.0,23.0
396,2026-01-17 20:00:00,2026-01-18 19:00:00,2026-01-18 20:00:00,2026-01-18 21:00:00,B车型,B车型,15,15,18.0,18.0,18.0,0.0,0.0,0.0,0.0,0.0,0.0,36.0,36.0,36.0,18.0,18.0,18.0,0.0,0.0,0.0,0.0,0.0,0.0,0.0,0.0,0.0
397,2026-01-17 21:00:00,2026-01-18 20:00:00,2026-01-18 21:00:00,2026-01-18 22:00:00,B车型,A车型,15,20,18.0,22.0,22.0,0.0,22.0,22.0,0.0,44.0,44.0,36.0,0.0,36.0,18.0,0.0,18.0,0.0,0.0,0.0,0.0,0.0,0.0,0.0,0.0,0.0
398,2026-01-17 22:00:00,2026-01-18 21:00:00,2026-01-18 22:00:00,2026-01-18 23:00:00,A车型,A车型,20,20,22.0,22.0,22.0,22.0,23.0,23.0,44.0,44.0,44.0,0.0,0.0,0.0,0.0,0.0,0.0,0.0,0.0,0.0,0.0,0.0,0.0,0.0,0.0,0.0
399,2026-01-17 23:00:00,2026-01-18 22:00:00,2026-01-18 23:00:00,2026-01-19 00:00:00,A车型,A车型,20,20,22.0,22.0,22.0,23.0,22.0,23.0,44.0,44.0,44.0,0.0,0.0,0.0,0.0,0.0,0.0,0.0,0.0,0.0,0.0,0.0,0.0,0.0,0.0,0.0
400,2026-01-18 00:00:00,2026-01-18 23:00:00,2026-01-19 00:00:00,2026-01-19 01:00:00,A车型,B车型,20,15,22.0,17.0,22.0,22.0,0.0,22.0,44.0,0.0,44.0,0.0,34.0,34.0,0.0,17.0,17.0,0.0,0.0,0.0,0.0,0.0,0.0,0.0,0.0,0.0
401,2026-01-18 01:00:00,2026-01-19 00:00:00,2026-01-19 01:00:00,2026-01-19 02:00:00,B车型,A车型,15,20,17.0,20.0,20.0,0.0,20.0,20.0,0.0,39.0,39.0,34.0,0.0,34.0,17.0,0.0,17.0,0.0,0.0,0.0,0.0,0.0,0.0,0.0,0.0,0.0
402,2026-01-18 02:00:00,2026-01-19 01:00:00,2026-01-19 02:00:00,2026-01-19 03:00:00,A车型,A车型,20,20,20.0,21.0,21.0,20.0,21.0,21.0,39.0,41.0,41.0,0.0,0.0,0.0,0.0,0.0,0.0,0.0,0.0,0.0,0.0,0.0,0.0,0.0,0.0,0.0
403,2026-01-18 03:00:00,2026-01-19 02:00:00,2026-01-19 03:00:00,2026-01-19 04:00:00,A车型,B车型,20,15,21.0,15.0,21.0,21.0,0.0,21.0,41.0,0.0,41.0,0.0,32.0,32.0,0.0,16.0,16.0,0.0,0.0,0.0,0.0,0.0,0.0,0.0,0.0,0.0
404,2026-01-18 04:00:00,2026-01-19 03:00:00,2026-01-19 04:00:00,2026-01-19 05:00:00,B车型,C车型,15,10,15.0,0.0,15.0,0.0,0.0,0.0,0.0,0.0,0.0,32.0,0.0,32.0,16.0,0.0,16.0,0.0,9.0,9.0,0.0,10.0,10.0,0.0,20.0,20.0
405,2026-01-18 05:00:00,2026-01-19 04:00:00,2026-01-19 05:00:00,2026-01-19 06:00:00,C车型,C车型,10,10,0.0,0.0,0.0,0.0,0.0,0.0,0.0,0.0,0.0,0.0,0.0,0.0,0.0,0.0,0.0,9.0,8.0,9.0,10.0,9.0,10.0,20.0,18.0,20.0
406,2026-01-18 06:00:00,2026-01-19 05:00:00,2026-01-19 06:00:00,2026-01-19 07:00:00,C车型,C车型,10,10,0.0,0.0,0.0,0.0,0.0,0.0,0.0,0.0,0.0,0.0,0.0,0.0,0.0,0.0,0.0,8.0,6.0,8.0,9.0,7.0,9.0,18.0,14.0,18.0
407,2026-01-18 07:00:00,2026-01-19 06:00:00,2026-01-19 07:00:00,2026-01-19 08:00:00,C车型,C车型,10,10,0.0,0.0,0.0,0.0,0.0,0.0,0.0,0.0,0.0,0.0,0.0,0.0,0.0,0.0,0.0,6.0,7.0,7.0,7.0,8.0,8.0,14.0,16.0,16.0
408,2026-01-18 08:00:00,2026-01-19 07:00:00,2026-01-19 08:00:00,2026-01-19 09:00:00,C车型,C车型,10,10,0.0,0.0,0.0,0.0,0.0,0.0,0.0,0.0,0.0,0.0,0.0,0.0,0.0,0.0,0.0,7.0,8.0,8.0,8.0,9.0,9.0,16.0,18.0,18.0
409,2026-01-18 09:00:00,2026-01-19 08:00:00,2026-01-19 09:00:00,2026-01-19 10:00:00,C车型,C车型,10,10,0.0,0.0,0.0,0.0,0.0,0.0,0.0,0.0,0.0,0.0,0.0,0.0,0.0,0.0,0.0,8.0,11.0,11.0,9.0,11.0,11.0,18.0,22.0,22.0
410,2026-01-18 10:00:00,2026-01-19 09:00:00,2026-01-19 10:00:00,2026-01-19 11:00:00,C车型,C车型,10,10,0.0,0.0,0.0,0.0,0.0,0.0,0.0,0.0,0.0,0.0,0.0,0.0,0.0,0.0,0.0,11.0,11.0,11.0,11.0,11.0,11.0,22.0,22.0,22.0
411,2026-01-18 11:00:00,2026-01-19 10:00:00,2026-01-19 11:00:00,2026-01-19 12:00:00,C车型,C车型,10,10,0.0,0.0,0.0,0.0,0.0,0.0,0.0,0.0,0.0,0.0,0.0,0.0,0.0,0.0,0.0,11.0,12.0,12.0,11.0,12.0,12.0,22.0,24.0,24.0
412,2026-01-18 12:00:00,2026-01-19 11:00:00,2026-01-19 12:00:00,2026-01-19 13:00:00,C车型,C车型,10,10,0.0,0.0,0.0,0.0,0.0,0.0,0.0,0.0,0.0,0.0,0.0,0.0,0.0,0.0,0.0,12.0,10.0,12.0,12.0,10.0,12.0,24.0,20.0,24.0
413,2026-01-18 13:00:00,2026-01-19 12:00:00,2026-01-19 13:00:00,2026-01-19 14:00:00,C车型,C车型,10,10,0.0,0.0,0.0,0.0,0.0,0.0,0.0,0.0,0.0,0.0,0.0,0.0,0.0,0.0,0.0,10.0,9.0,10.0,10.0,10.0,10.0,20.0,18.0,20.0
414,2026-01-18 14:00:00,2026-01-19 13:00:00,2026-01-19 14:00:00,2026-01-19 15:00:00,C车型,C车型,10,10,0.0,0.0,0.0,0.0,0.0,0.0,0.0,0.0,0.0,0.0,0.0,0.0,0.0,0.0,0.0,9.0,9.0,9.0,10.0,10.0,10.0,18.0,18.0,18.0
415,2026-01-18 15:00:00,2026-01-19 14:00:00,2026-01-19 15:00:00,2026-01-19 16:00:00,C车型,B车型,10,15,0.0,15.0,15.0,0.0,0.0,0.0,0.0,0.0,0.0,0.0,30.0,30.0,0.0,15.0,15.0,9.0,0.0,9.0,10.0,0.0,10.0,18.0,0.0,18.0
416,2026-01-18 16:00:00,2026-01-19 15:00:00,2026-01-19 16:00:00,2026-01-19 17:00:00,B车型,B车型,15,15,15.0,15.0,15.0,0.0,0.0,0.0,0.0,0.0,0.0,30.0,30.0,30.0,15.0,15.0,15.0,0.0,0.0,0.0,0.0,0.0,0.0,0.0,0.0,0.0
417,2026-01-18 17:00:00,2026-01-19 16:00:00,2026-01-19 17:00:00,2026-01-19 18:00:00,B车型,B车型,15,15,15.0,13.0,15.0,0.0,0.0,0.0,0.0,0.0,0.0,30.0,26.0,30.0,15.0,13.0,15.0,0.0,0.0,0.0,0.0,0.0,0.0,0.0,0.0,0.0
418,2026-01-18 18:00:00,2026-01-19 17:00:00,2026-01-19 18:00:00,2026-01-19 19:00:00,B车型,C车型,15,10,13.0,0.0,13.0,0.0,0.0,0.0,0.0,0.0,0.0,26.0,0.0,26.0,13.0,0.0,13.0,0.0,8.0,8.0,0.0,9.0,9.0,0.0,16.0,16.0
419,2026-01-18 19:00:00,2026-01-19 18:00:00,2026-01-19 19:00:00,2026-01-19 20:00:00,C车型,B车型,10,15,0.0,13.0,13.0,0.0,0.0,0.0,0.0,0.0,0.0,0.0,26.0,26.0,0.0,13.0,13.0,8.0,0.0,8.0,9.0,0.0,9.0,16.0,0.0,16.0
420,2026-01-18 20:00:00,2026-01-19 19:00:00,2026-01-19 20:00:00,2026-01-19 21:00:00,B车型,A车型,15,20,13.0,19.0,19.0,0.0,19.0,19.0,0.0,38.0,38.0,26.0,0.0,26.0,13.0,0.0,13.0,0.0,0.0,0.0,0.0,0.0,0.0,0.0,0.0,0.0
421,2026-01-18 21:00:00,2026-01-19 20:00:00,2026-01-19 21:00:00,2026-01-19 22:00:00,A车型,B车型,20,15,19.0,14.0,19.0,19.0,0.0,19.0,38.0,0.0,38.0,0.0,28.0,28.0,0.0,14.0,14.0,0.0,0.0,0.0,0.0,0.0,0.0,0.0,0.0,0.0
422,2026-01-18 22:00:00,2026-01-19 21:00:00,2026-01-19 22:00:00,2026-01-19 23:00:00,B车型,B车型,15,15,14.0,14.0,14.0,0.0,0.0,0.0,0.0,0.0,0.0,28.0,28.0,28.0,14.0,14.0,14.0,0.0,0.0,0.0,0.0,0.0,0.0,0.0,0.0,0.0
423,2026-01-18 23:00:00,2026-01-19 22:00:00,2026-01-19 23:00:00,2026-01-20 00:00:00,B车型,B车型,15,15,14.0,13.0,14.0,0.0,0.0,0.0,0.0,0.0,0.0,28.0,26.0,28.0,14.0,12.0,14.0,0.0,0.0,0.0,0.0,0.0,0.0,0.0,0.0,0.0
424,2026-01-19 00:00:00,2026-01-19 23:00:00,2026-01-20 00:00:00,2026-01-20 01:00:00,B车型,B车型,15,15,13.0,12.0,13.0,0.0,0.0,0.0,0.0,0.0,0.0,26.0,24.0,26.0,12.0,12.0,12.0,0.0,0.0,0.0,0.0,0.0,0.0,0.0,0.0,0.0
425,2026-01-19 01:00:00,2026-01-20 00:00:00,2026-01-20 01:00:00,2026-01-20 02:00:00,B车型,B车型,15,15,12.0,13.0,13.0,0.0,0.0,0.0,0.0,0.0,0.0,24.0,26.0,26.0,12.0,13.0,13.0,0.0,0.0,0.0,0.0,0.0,0.0,0.0,0.0,0.0
426,2026-01-19 02:00:00,2026-01-20 01:00:00,2026-01-20 02:00:00,2026-01-20 03:00:00,B车型,B车型,15,15,13.0,14.0,14.0,0.0,0.0,0.0,0.0,0.0,0.0,26.0,28.0,28.0,13.0,14.0,14.0,0.0,0.0,0.0,0.0,0.0,0.0,0.0,0.0,0.0
427,2026-01-19 03:00:00,2026-01-20 02:00:00,2026-01-20 03:00:00,2026-01-20 04:00:00,B车型,A车型,15,20,14.0,18.0,18.0,0.0,18.0,18.0,0.0,36.0,36.0,28.0,0.0,28.0,14.0,0.0,14.0,0.0,0.0,0.0,0.0,0.0,0.0,0.0,0.0,0.0
428,2026-01-19 04:00:00,2026-01-20 03:00:00,2026-01-20 04:00:00,2026-01-20 05:00:00,A车型,C车型,20,10,18.0,0.0,18.0,18.0,0.0,18.0,36.0,0.0,36.0,0.0,0.0,0.0,0.0,0.0,0.0,0.0,9.0,9.0,0.0,9.0,9.0,0.0,18.0,18.0
429,2026-01-19 05:00:00,2026-01-20 04:00:00,2026-01-20 05:00:00,2026-01-20 06:00:00,C车型,C车型,10,10,0.0,0.0,0.0,0.0,0.0,0.0,0.0,0.0,0.0,0.0,0.0,0.0,0.0,0.0,0.0,9.0,8.0,9.0,9.0,9.0,9.0,18.0,18.0,18.0
430,2026-01-19 06:00:00,2026-01-20 05:00:00,2026-01-20 06:00:00,2026-01-20 07:00:00,C车型,C车型,10,10,0.0,0.0,0.0,0.0,0.0,0.0,0.0,0.0,0.0,0.0,0.0,0.0,0.0,0.0,0.0,8.0,8.0,8.0,9.0,9.0,9.0,18.0,18.0,18.0
431,2026-01-19 07:00:00,2026-01-20 06:00:00,2026-01-20 07:00:00,2026-01-20 08:00:00,C车型,C车型,10,10,0.0,0.0,0.0,0.0,0.0,0.0,0.0,0.0,0.0,0.0,0.0,0.0,0.0,0.0,0.0,8.0,9.0,9.0,9.0,9.0,9.0,18.0,18.0,18.0
432,2026-01-19 08:00:00,2026-01-20 07:00:00,2026-01-20 08:00:00,2026-01-20 09:00:00,C车型,A车型,10,20,0.0,19.0,19.0,0.0,19.0,19.0,0.0,38.0,38.0,0.0,0.0,0.0,0.0,0.0,0.0,9.0,0.0,9.0,9.0,0.0,9.0,18.0,0.0,18.0
433,2026-01-19 09:00:00,2026-01-20 08:00:00,2026-01-20 09:00:00,2026-01-20 10:00:00,A车型,A车型,20,20,19.0,20.0,20.0,19.0,19.0,19.0,38.0,38.0,38.0,0.0,0.0,0.0,0.0,0.0,0.0,0.0,0.0,0.0,0.0,0.0,0.0,0.0,0.0,0.0
434,2026-01-19 10:00:00,2026-01-20 09:00:00,2026-01-20 10:00:00,2026-01-20 11:00:00,A车型,A车型,20,20,20.0,19.0,20.0,19.0,19.0,19.0,38.0,39.0,39.0,0.0,0.0,0.0,0.0,0.0,0.0,0.0,0.0,0.0,0.0,0.0,0.0,0.0,0.0,0.0
435,2026-01-19 11:00:00,2026-01-20 10:00:00,2026-01-20 11:00:00,2026-01-20 12:00:00,A车型,B车型,20,15,19.0,15.0,19.0,19.0,0.0,19.0,39.0,0.0,39.0,0.0,30.0,30.0,0.0,15.0,15.0,0.0,0.0,0.0,0.0,0.0,0.0,0.0,0.0,0.0
436,2026-01-19 12:00:00,2026-01-20 11:00:00,2026-01-20 12:00:00,2026-01-20 13:00:00,B车型,B车型,15,15,15.0,15.0,15.0,0.0,0.0,0.0,0.0,0.0,0.0,30.0,30.0,30.0,15.0,15.0,15.0,0.0,0.0,0.0,0.0,0.0,0.0,0.0,0.0,0.0
437,2026-01-19 13:00:00,2026-01-20 12:00:00,2026-01-20 13:00:00,2026-01-20 14:00:00,B车型,B车型,15,15,15.0,15.0,15.0,0.0,0.0,0.0,0.0,0.0,0.0,30.0,30.0,30.0,15.0,15.0,15.0,0.0,0.0,0.0,0.0,0.0,0.0,0.0,0.0,0.0
438,2026-01-19 14:00:00,2026-01-20 13:00:00,2026-01-20 14:00:00,2026-01-20 15:00:00,B车型,B车型,15,15,15.0,15.0,15.0,0.0,0.0,0.0,0.0,0.0,0.0,30.0,30.0,30.0,15.0,15.0,15.0,0.0,0.0,0.0,0.0,0.0,0.0,0.0,0.0,0.0
439,2026-01-19 15:00:00,2026-01-20 14:00:00,2026-01-20 15:00:00,2026-01-20 16:00:00,B车型,B车型,15,15,15.0,15.0,15.0,0.0,0.0,0.0,0.0,0.0,0.0,30.0,30.0,30.0,15.0,15.0,15.0,0.0,0.0,0.0,0.0,0.0,0.0,0.0,0.0,0.0
440,2026-01-19 16:00:00,2026-01-20 15:00:00,2026-01-20 16:00:00,2026-01-20 17:00:00,B车型,C车型,15,10,15.0,0.0,15.0,0.0,0.0,0.0,0.0,0.0,0.0,30.0,0.0,30.0,15.0,0.0,15.0,0.0,9.0,9.0,0.0,10.0,10.0,0.0,20.0,20.0
441,2026-01-19 17:00:00,2026-01-20 16:00:00,2026-01-20 17:00:00,2026-01-20 18:00:00,C车型,C车型,10,10,0.0,0.0,0.0,0.0,0.0,0.0,0.0,0.0,0.0,0.0,0.0,0.0,0.0,0.0,0.0,9.0,9.0,9.0,10.0,10.0,10.0,20.0,20.0,20.0
442,2026-01-19 18:00:00,2026-01-20 17:00:00,2026-01-20 18:00:00,2026-01-20 19:00:00,C车型,B车型,10,15,0.0,16.0,16.0,0.0,0.0,0.0,0.0,0.0,0.0,0.0,32.0,32.0,0.0,16.0,16.0,9.0,0.0,9.0,10.0,0.0,10.0,20.0,0.0,20.0
443,2026-01-19 19:00:00,2026-01-20 18:00:00,2026-01-20 19:00:00,2026-01-20 20:00:00,B车型,C车型,15,10,16.0,0.0,16.0,0.0,0.0,0.0,0.0,0.0,0.0,32.0,0.0,32.0,16.0,0.0,16.0,0.0,9.0,9.0,0.0,10.0,10.0,0.0,20.0,20.0
444,2026-01-19 20:00:00,2026-01-20 19:00:00,2026-01-20 20:00:00,2026-01-20 21:00:00,C车型,A车型,10,20,0.0,20.0,20.0,0.0,20.0,20.0,0.0,40.0,40.0,0.0,0.0,0.0,0.0,0.0,0.0,9.0,0.0,9.0,10.0,0.0,10.0,20.0,0.0,20.0
445,2026-01-19 21:00:00,2026-01-20 20:00:00,2026-01-20 21:00:00,2026-01-20 22:00:00,A车型,B车型,20,15,20.0,15.0,20.0,20.0,0.0,20.0,40.0,0.0,40.0,0.0,30.0,30.0,0.0,15.0,15.0,0.0,0.0,0.0,0.0,0.0,0.0,0.0,0.0,0.0
446,2026-01-19 22:00:00,2026-01-20 21:00:00,2026-01-20 22:00:00,2026-01-20 23:00:00,B车型,C车型,15,10,15.0,0.0,15.0,0.0,0.0,0.0,0.0,0.0,0.0,30.0,0.0,30.0,15.0,0.0,15.0,0.0,8.0,8.0,0.0,8.0,8.0,0.0,16.0,16.0
447,2026-01-19 23:00:00,2026-01-20 22:00:00,2026-01-20 23:00:00,2026-01-21 00:00:00,C车型,C车型,10,10,0.0,0.0,0.0,0.0,0.0,0.0,0.0,0.0,0.0,0.0,0.0,0.0,0.0,0.0,0.0,8.0,7.0,8.0,8.0,7.0,8.0,16.0,13.0,16.0
448,2026-01-20 00:00:00,2026-01-20 23:00:00,2026-01-21 00:00:00,2026-01-21 01:00:00,C车型,C车型,10,10,0.0,0.0,0.0,0.0,0.0,0.0,0.0,0.0,0.0,0.0,0.0,0.0,0.0,0.0,0.0,7.0,7.0,7.0,7.0,8.0,8.0,13.0,16.0,16.0
449,2026-01-20 01:00:00,2026-01-21 00:00:00,2026-01-21 01:00:00,2026-01-21 02:00:00,C车型,C车型,10,10,0.0,0.0,0.0,0.0,0.0,0.0,0.0,0.0,0.0,0.0,0.0,0.0,0.0,0.0,0.0,7.0,10.0,10.0,8.0,10.0,10.0,16.0,20.0,20.0
450,2026-01-20 02:00:00,2026-01-21 01:00:00,2026-01-21 02:00:00,2026-01-21 03:00:00,C车型,C车型,10,10,0.0,0.0,0.0,0.0,0.0,0.0,0.0,0.0,0.0,0.0,0.0,0.0,0.0,0.0,0.0,10.0,10.0,10.0,10.0,10.0,10.0,20.0,19.0,20.0
451,2026-01-20 03:00:00,2026-01-21 02:00:00,2026-01-21 03:00:00,2026-01-21 04:00:00,C车型,C车型,10,10,0.0,0.0,0.0,0.0,0.0,0.0,0.0,0.0,0.0,0.0,0.0,0.0,0.0,0.0,0.0,10.0,10.0,10.0,10.0,9.0,10.0,19.0,19.0,19.0
452,2026-01-20 04:00:00,2026-01-21 03:00:00,2026-01-21 04:00:00,2026-01-21 05:00:00,C车型,B车型,10,15,0.0,16.0,16.0,0.0,0.0,0.0,0.0,0.0,0.0,0.0,30.0,30.0,0.0,15.0,15.0,10.0,0.0,10.0,9.0,0.0,9.0,19.0,0.0,19.0
453,2026-01-20 05:00:00,2026-01-21 04:00:00,2026-01-21 05:00:00,2026-01-21 06:00:00,B车型,B车型,15,15,16.0,18.0,18.0,0.0,0.0,0.0,0.0,0.0,0.0,30.0,35.0,35.0,15.0,18.0,18.0,0.0,0.0,0.0,0.0,0.0,0.0,0.0,0.0,0.0
454,2026-01-20 06:00:00,2026-01-21 05:00:00,2026-01-21 06:00:00,2026-01-21 07:00:00,B车型,B车型,15,15,18.0,18.0,18.0,0.0,0.0,0.0,0.0,0.0,0.0,35.0,36.0,36.0,18.0,18.0,18.0,0.0,0.0,0.0,0.0,0.0,0.0,0.0,0.0,0.0
455,2026-01-20 07:00:00,2026-01-21 06:00:00,2026-01-21 07:00:00,2026-01-21 08:00:00,B车型,B车型,15,15,18.0,18.0,18.0,0.0,0.0,0.0,0.0,0.0,0.0,36.0,36.0,36.0,18.0,18.0,18.0,0.0,0.0,0.0,0.0,0.0,0.0,0.0,0.0,0.0
456,2026-01-20 08:00:00,2026-01-21 07:00:00,2026-01-21 08:00:00,2026-01-21 09:00:00,B车型,B车型,15,15,18.0,16.0,18.0,0.0,0.0,0.0,0.0,0.0,0.0,36.0,33.0,36.0,18.0,16.0,18.0,0.0,0.0,0.0,0.0,0.0,0.0,0.0,0.0,0.0
457,2026-01-20 09:00:00,2026-01-21 08:00:00,2026-01-21 09:00:00,2026-01-21 10:00:00,B车型,B车型,15,15,16.0,15.0,16.0,0.0,0.0,0.0,0.0,0.0,0.0,33.0,30.0,33.0,16.0,15.0,16.0,0.0,0.0,0.0,0.0,0.0,0.0,0.0,0.0,0.0
458,2026-01-20 10:00:00,2026-01-21 09:00:00,2026-01-21 10:00:00,2026-01-21 11:00:00,B车型,C车型,15,10,15.0,0.0,15.0,0.0,0.0,0.0,0.0,0.0,0.0,30.0,0.0,30.0,15.0,0.0,15.0,0.0,10.0,10.0,0.0,10.0,10.0,0.0,20.0,20.0
459,2026-01-20 11:00:00,2026-01-21 10:00:00,2026-01-21 11:00:00,2026-01-21 12:00:00,C车型,C车型,10,10,0.0,0.0,0.0,0.0,0.0,0.0,0.0,0.0,0.0,0.0,0.0,0.0,0.0,0.0,0.0,10.0,9.0,10.0,10.0,9.0,10.0,20.0,18.0,20.0
460,2026-01-20 12:00:00,2026-01-21 11:00:00,2026-01-21 12:00:00,2026-01-21 13:00:00,C车型,C车型,10,10,0.0,0.0,0.0,0.0,0.0,0.0,0.0,0.0,0.0,0.0,0.0,0.0,0.0,0.0,0.0,9.0,9.0,9.0,9.0,8.0,9.0,18.0,16.0,18.0
461,2026-01-20 13:00:00,2026-01-21 12:00:00,2026-01-21 13:00:00,2026-01-21 14:00:00,C车型,C车型,10,10,0.0,0.0,0.0,0.0,0.0,0.0,0.0,0.0,0.0,0.0,0.0,0.0,0.0,0.0,0.0,9.0,10.0,10.0,8.0,9.0,9.0,16.0,18.0,18.0
462,2026-01-20 14:00:00,2026-01-21 13:00:00,2026-01-21 14:00:00,2026-01-21 15:00:00,C车型,C车型,10,10,0.0,0.0,0.0,0.0,0.0,0.0,0.0,0.0,0.0,0.0,0.0,0.0,0.0,0.0,0.0,10.0,9.0,10.0,9.0,8.0,9.0,18.0,16.0,18.0
463,2026-01-20 15:00:00,2026-01-21 14:00:00,2026-01-21 15:00:00,2026-01-21 16:00:00,C车型,A车型,10,20,0.0,19.0,19.0,0.0,20.0,20.0,0.0,40.0,40.0,0.0,0.0,0.0,0.0,0.0,0.0,9.0,0.0,9.0,8.0,0.0,8.0,16.0,0.0,16.0
464,2026-01-20 16:00:00,2026-01-21 15:00:00,2026-01-21 16:00:00,2026-01-21 17:00:00,A车型,A车型,20,20,19.0,19.0,19.0,20.0,20.0,20.0,40.0,40.0,40.0,0.0,0.0,0.0,0.0,0.0,0.0,0.0,0.0,0.0,0.0,0.0,0.0,0.0,0.0,0.0
465,2026-01-20 17:00:00,2026-01-21 16:00:00,2026-01-21 17:00:00,2026-01-21 18:00:00,A车型,C车型,20,10,19.0,0.0,19.0,20.0,0.0,20.0,40.0,0.0,40.0,0.0,0.0,0.0,0.0,0.0,0.0,0.0,10.0,10.0,0.0,10.0,10.0,0.0,21.0,21.0
466,2026-01-20 18:00:00,2026-01-21 17:00:00,2026-01-21 18:00:00,2026-01-21 19:00:00,C车型,A车型,10,20,0.0,20.0,20.0,0.0,21.0,21.0,0.0,42.0,42.0,0.0,0.0,0.0,0.0,0.0,0.0,10.0,0.0,10.0,10.0,0.0,10.0,21.0,0.0,21.0
467,2026-01-20 19:00:00,2026-01-21 18:00:00,2026-01-21 19:00:00,2026-01-21 20:00:00,A车型,A车型,20,20,20.0,21.0,21.0,21.0,21.0,21.0,42.0,42.0,42.0,0.0,0.0,0.0,0.0,0.0,0.0,0.0,0.0,0.0,0.0,0.0,0.0,0.0,0.0,0.0
468,2026-01-20 20:00:00,2026-01-21 19:00:00,2026-01-21 20:00:00,2026-01-21 21:00:00,A车型,A车型,20,20,21.0,20.0,21.0,21.0,21.0,21.0,42.0,40.0,42.0,0.0,0.0,0.0,0.0,0.0,0.0,0.0,0.0,0.0,0.0,0.0,0.0,0.0,0.0,0.0
469,2026-01-20 21:00:00,2026-01-21 20:00:00,2026-01-21 21:00:00,2026-01-21 22:00:00,A车型,A车型,20,20,20.0,21.0,21.0,21.0,21.0,21.0,40.0,42.0,42.0,0.0,0.0,0.0,0.0,0.0,0.0,0.0,0.0,0.0,0.0,0.0,0.0,0.0,0.0,0.0
470,2026-01-20 22:00:00,2026-01-21 21:00:00,2026-01-21 22:00:00,2026-01-21 23:00:00,A车型,A车型,20,20,21.0,21.0,21.0,21.0,21.0,21.0,42.0,42.0,42.0,0.0,0.0,0.0,0.0,0.0,0.0,0.0,0.0,0.0,0.0,0.0,0.0,0.0,0.0,0.0
471,2026-01-20 23:00:00,2026-01-21 22:00:00,2026-01-21 23:00:00,2026-01-22 00:00:00,A车型,C车型,20,10,21.0,0.0,21.0,21.0,0.0,21.0,42.0,0.0,42.0,0.0,0.0,0.0,0.0,0.0,0.0,0.0,10.0,10.0,0.0,10.0,10.0,0.0,20.0,20.0
472,2026-01-21 00:00:00,2026-01-21 23:00:00,2026-01-22 00:00:00,2026-01-22 01:00:00,C车型,B车型,10,15,0.0,14.0,14.0,0.0,0.0,0.0,0.0,0.0,0.0,0.0,28.0,28.0,0.0,14.0,14.0,10.0,0.0,10.0,10.0,0.0,10.0,20.0,0.0,20.0
473,2026-01-21 01:00:00,2026-01-22 00:00:00,2026-01-22 01:00:00,2026-01-22 02:00:00,B车型,C车型,15,10,14.0,0.0,14.0,0.0,0.0,0.0,0.0,0.0,0.0,28.0,0.0,28.0,14.0,0.0,14.0,0.0,9.0,9.0,0.0,9.0,9.0,0.0,18.0,18.0
474,2026-01-21 02:00:00,2026-01-22 01:00:00,2026-01-22 02:00:00,2026-01-22 03:00:00,C车型,C车型,10,10,0.0,0.0,0.0,0.0,0.0,0.0,0.0,0.0,0.0,0.0,0.0,0.0,0.0,0.0,0.0,9.0,8.0,9.0,9.0,8.0,9.0,18.0,16.0,18.0
475,2026-01-21 03:00:00,2026-01-22 02:00:00,2026-01-22 03:00:00,2026-01-22 04:00:00,C车型,B车型,10,15,0.0,14.0,14.0,0.0,0.0,0.0,0.0,0.0,0.0,0.0,28.0,28.0,0.0,14.0,14.0,8.0,0.0,8.0,8.0,0.0,8.0,16.0,0.0,16.0
476,2026-01-21 04:00:00,2026-01-22 03:00:00,2026-01-22 04:00:00,2026-01-22 05:00:00,B车型,B车型,15,15,14.0,15.0,15.0,0.0,0.0,0.0,0.0,0.0,0.0,28.0,30.0,30.0,14.0,15.0,15.0,0.0,0.0,0.0,0.0,0.0,0.0,0.0,0.0,0.0
477,2026-01-21 05:00:00,2026-01-22 04:00:00,2026-01-22 05:00:00,2026-01-22 06:00:00,B车型,B车型,15,15,15.0,14.0,15.0,0.0,0.0,0.0,0.0,0.0,0.0,30.0,28.0,30.0,15.0,14.0,15.0,0.0,0.0,0.0,0.0,0.0,0.0,0.0,0.0,0.0
478,2026-01-21 06:00:00,2026-01-22 05:00:00,2026-01-22 06:00:00,2026-01-22 07:00:00,B车型,B车型,15,15,14.0,15.0,15.0,0.0,0.0,0.0,0.0,0.0,0.0,28.0,29.0,29.0,14.0,15.0,15.0,0.0,0.0,0.0,0.0,0.0,0.0,0.0,0.0,0.0
479,2026-01-21 07:00:00,2026-01-22 06:00:00,2026-01-22 07:00:00,2026-01-22 08:00:00,B车型,B车型,15,15,15.0,15.0,15.0,0.0,0.0,0.0,0.0,0.0,0.0,29.0,30.0,30.0,15.0,15.0,15.0,0.0,0.0,0.0,0.0,0.0,0.0,0.0,0.0,0.0
480,2026-01-21 08:00:00,2026-01-22 07:00:00,2026-01-22 08:00:00,2026-01-22 09:00:00,B车型,A车型,15,20,15.0,20.0,20.0,0.0,20.0,20.0,0.0,40.0,40.0,30.0,0.0,30.0,15.0,0.0,15.0,0.0,0.0,0.0,0.0,0.0,0.0,0.0,0.0,0.0
481,2026-01-21 09:00:00,2026-01-22 08:00:00,2026-01-22 09:00:00,2026-01-22 10:00:00,A车型,B车型,20,15,20.0,15.0,20.0,20.0,0.0,20.0,40.0,0.0,40.0,0.0,30.0,30.0,0.0,15.0,15.0,0.0,0.0,0.0,0.0,0.0,0.0,0.0,0.0,0.0
482,2026-01-21 10:00:00,2026-01-22 09:00:00,2026-01-22 10:00:00,2026-01-22 11:00:00,B车型,B车型,15,15,15.0,14.0,15.0,0.0,0.0,0.0,0.0,0.0,0.0,30.0,29.0,30.0,15.0,14.0,15.0,0.0,0.0,0.0,0.0,0.0,0.0,0.0,0.0,0.0
483,2026-01-21 11:00:00,2026-01-22 10:00:00,2026-01-22 11:00:00,2026-01-22 12:00:00,B车型,B车型,15,15,14.0,15.0,15.0,0.0,0.0,0.0,0.0,0.0,0.0,29.0,29.0,29.0,14.0,13.0,14.0,0.0,0.0,0.0,0.0,0.0,0.0,0.0,0.0,0.0
484,2026-01-21 12:00:00,2026-01-22 11:00:00,2026-01-22 12:00:00,2026-01-22 13:00:00,B车型,A车型,15,20,15.0,19.0,19.0,0.0,19.0,19.0,0.0,38.0,38.0,29.0,0.0,29.0,13.0,0.0,13.0,0.0,0.0,0.0,0.0,0.0,0.0,0.0,0.0,0.0
485,2026-01-21 13:00:00,2026-01-22 12:00:00,2026-01-22 13:00:00,2026-01-22 14:00:00,A车型,B车型,20,15,19.0,15.0,19.0,19.0,0.0,19.0,38.0,0.0,38.0,0.0,31.0,31.0,0.0,14.0,14.0,0.0,0.0,0.0,0.0,0.0,0.0,0.0,0.0,0.0
486,2026-01-21 14:00:00,2026-01-22 13:00:00,2026-01-22 14:00:00,2026-01-22 15:00:00,B车型,B车型,15,15,15.0,15.0,15.0,0.0,0.0,0.0,0.0,0.0,0.0,31.0,30.0,31.0,14.0,15.0,15.0,0.0,0.0,0.0,0.0,0.0,0.0,0.0,0.0,0.0
487,2026-01-21 15:00:00,2026-01-22 14:00:00,2026-01-22 15:00:00,2026-01-22 16:00:00,B车型,B车型,15,15,15.0,15.0,15.0,0.0,0.0,0.0,0.0,0.0,0.0,30.0,30.0,30.0,15.0,14.0,15.0,0.0,0.0,0.0,0.0,0.0,0.0,0.0,0.0,0.0
488,2026-01-21 16:00:00,2026-01-22 15:00:00,2026-01-22 16:00:00,2026-01-22 17:00:00,B车型,B车型,15,15,15.0,14.0,15.0,0.0,0.0,0.0,0.0,0.0,0.0,30.0,28.0,30.0,14.0,13.0,14.0,0.0,0.0,0.0,0.0,0.0,0.0,0.0,0.0,0.0
489,2026-01-21 17:00:00,2026-01-22 16:00:00,2026-01-22 17:00:00,2026-01-22 18:00:00,B车型,A车型,15,20,14.0,19.0,19.0,0.0,19.0,19.0,0.0,38.0,38.0,28.0,0.0,28.0,13.0,0.0,13.0,0.0,0.0,0.0,0.0,0.0,0.0,0.0,0.0,0.0
490,2026-01-21 18:00:00,2026-01-22 17:00:00,2026-01-22 18:00:00,2026-01-22 19:00:00,A车型,A车型,20,20,19.0,21.0,21.0,19.0,19.0,19.0,38.0,40.0,40.0,0.0,0.0,0.0,0.0,0.0,0.0,0.0,0.0,0.0,0.0,0.0,0.0,0.0,0.0,0.0
491,2026-01-21 19:00:00,2026-01-22 18:00:00,2026-01-22 19:00:00,2026-01-22 20:00:00,A车型,A车型,20,20,21.0,20.0,21.0,19.0,20.0,20.0,40.0,40.0,40.0,0.0,0.0,0.0,0.0,0.0,0.0,0.0,0.0,0.0,0.0,0.0,0.0,0.0,0.0,0.0
492,2026-01-21 20:00:00,2026-01-22 19:00:00,2026-01-22 20:00:00,2026-01-22 21:00:00,A车型,B车型,20,15,20.0,14.0,20.0,20.0,0.0,20.0,40.0,0.0,40.0,0.0,28.0,28.0,0.0,14.0,14.0,0.0,0.0,0.0,0.0,0.0,0.0,0.0,0.0,0.0
493,2026-01-21 21:00:00,2026-01-22 20:00:00,2026-01-22 21:00:00,2026-01-22 22:00:00,B车型,B车型,15,15,14.0,15.0,15.0,0.0,0.0,0.0,0.0,0.0,0.0,28.0,30.0,30.0,14.0,15.0,15.0,0.0,0.0,0.0,0.0,0.0,0.0,0.0,0.0,0.0
494,2026-01-21 22:00:00,2026-01-22 21:00:00,2026-01-22 22:00:00,2026-01-22 23:00:00,B车型,A车型,15,20,15.0,20.0,20.0,0.0,20.0,20.0,0.0,40.0,40.0,30.0,0.0,30.0,15.0,0.0,15.0,0.0,0.0,0.0,0.0,0.0,0.0,0.0,0.0,0.0
495,2026-01-21 23:00:00,2026-01-22 22:00:00,2026-01-22 23:00:00,2026-01-23 00:00:00,A车型,A车型,20,20,20.0,17.0,20.0,20.0,18.0,20.0,40.0,36.0,40.0,0.0,0.0,0.0,0.0,0.0,0.0,0.0,0.0,0.0,0.0,0.0,0.0,0.0,0.0,0.0
496,2026-01-22 00:00:00,2026-01-22 23:00:00,2026-01-23 00:00:00,2026-01-23 01:00:00,A车型,A车型,20,20,17.0,18.0,18.0,18.0,18.0,18.0,36.0,38.0,38.0,0.0,0.0,0.0,0.0,0.0,0.0,0.0,0.0,0.0,0.0,0.0,0.0,0.0,0.0,0.0
497,2026-01-22 01:00:00,2026-01-23 00:00:00,2026-01-23 01:00:00,2026-01-23 02:00:00,A车型,A车型,20,20,18.0,17.0,18.0,18.0,18.0,18.0,38.0,36.0,38.0,0.0,0.0,0.0,0.0,0.0,0.0,0.0,0.0,0.0,0.0,0.0,0.0,0.0,0.0,0.0
498,2026-01-22 02:00:00,2026-01-23 01:00:00,2026-01-23 02:00:00,2026-01-23 03:00:00,A车型,A车型,20,20,17.0,19.0,19.0,18.0,19.0,19.0,36.0,38.0,38.0,0.0,0.0,0.0,0.0,0.0,0.0,0.0,0.0,0.0,0.0,0.0,0.0,0.0,0.0,0.0
499,2026-01-22 03:00:00,2026-01-23 02:00:00,2026-01-23 03:00:00,2026-01-23 04:00:00,A车型,A车型,20,20,19.0,18.0,19.0,19.0,18.0,19.0,38.0,36.0,38.0,0.0,0.0,0.0,0.0,0.0,0.0,0.0,0.0,0.0,0.0,0.0,0.0,0.0,0.0,0.0
500,2026-01-22 04:00:00,2026-01-23 03:00:00,2026-01-23 04:00:00,2026-01-23 05:00:00,A车型,C车型,20,10,18.0,0.0,18.0,18.0,0.0,18.0,36.0,0.0,36.0,0.0,0.0,0.0,0.0,0.0,0.0,0.0,8.0,8.0,0.0,8.0,8.0,0.0,16.0,16.0
501,2026-01-22 05:00:00,2026-01-23 04:00:00,2026-01-23 05:00:00,2026-01-23 06:00:00,C车型,C车型,10,10,0.0,0.0,0.0,0.0,0.0,0.0,0.0,0.0,0.0,0.0,0.0,0.0,0.0,0.0,0.0,8.0,7.0,8.0,8.0,7.0,8.0,16.0,14.0,16.0
502,2026-01-22 06:00:00,2026-01-23 05:00:00,2026-01-23 06:00:00,2026-01-23 07:00:00,C车型,A车型,10,20,0.0,17.0,17.0,0.0,17.0,17.0,0.0,34.0,34.0,0.0,0.0,0.0,0.0,0.0,0.0,7.0,0.0,7.0,7.0,0.0,7.0,14.0,0.0,14.0
503,2026-01-22 07:00:00,2026-01-23 06:00:00,2026-01-23 07:00:00,2026-01-23 08:00:00,A车型,A车型,20,20,17.0,19.0,19.0,17.0,20.0,20.0,34.0,38.0,38.0,0.0,0.0,0.0,0.0,0.0,0.0,0.0,0.0,0.0,0.0,0.0,0.0,0.0,0.0,0.0
504,2026-01-22 08:00:00,2026-01-23 07:00:00,2026-01-23 08:00:00,2026-01-23 09:00:00,A车型,A车型,20,20,19.0,19.0,19.0,20.0,20.0,20.0,38.0,39.0,39.0,0.0,0.0,0.0,0.0,0.0,0.0,0.0,0.0,0.0,0.0,0.0,0.0,0.0,0.0,0.0
505,2026-01-22 09:00:00,2026-01-23 08:00:00,2026-01-23 09:00:00,2026-01-23 10:00:00,A车型,A车型,20,20,19.0,20.0,20.0,20.0,21.0,21.0,39.0,41.0,41.0,0.0,0.0,0.0,0.0,0.0,0.0,0.0,0.0,0.0,0.0,0.0,0.0,0.0,0.0,0.0
506,2026-01-22 10:00:00,2026-01-23 09:00:00,2026-01-23 10:00:00,2026-01-23 11:00:00,A车型,A车型,20,20,20.0,19.0,20.0,21.0,20.0,21.0,41.0,39.0,41.0,0.0,0.0,0.0,0.0,0.0,0.0,0.0,0.0,0.0,0.0,0.0,0.0,0.0,0.0,0.0
507,2026-01-22 11:00:00,2026-01-23 10:00:00,2026-01-23 11:00:00,2026-01-23 12:00:00,A车型,A车型,20,20,19.0,19.0,19.0,20.0,19.0,20.0,39.0,38.0,39.0,0.0,0.0,0.0,0.0,0.0,0.0,0.0,0.0,0.0,0.0,0.0,0.0,0.0,0.0,0.0
508,2026-01-22 12:00:00,2026-01-23 11:00:00,2026-01-23 12:00:00,2026-01-23 13:00:00,A车型,A车型,20,20,19.0,18.0,19.0,19.0,18.0,19.0,38.0,36.0,38.0,0.0,0.0,0.0,0.0,0.0,0.0,0.0,0.0,0.0,0.0,0.0,0.0,0.0,0.0,0.0
509,2026-01-22 13:00:00,2026-01-23 12:00:00,2026-01-23 13:00:00,2026-01-23 14:00:00,A车型,A车型,20,20,18.0,19.0,19.0,18.0,20.0,20.0,36.0,39.0,39.0,0.0,0.0,0.0,0.0,0.0,0.0,0.0,0.0,0.0,0.0,0.0,0.0,0.0,0.0,0.0
510,2026-01-22 14:00:00,2026-01-23 13:00:00,2026-01-23 14:00:00,2026-01-23 15:00:00,A车型,A车型,20,20,19.0,19.0,19.0,20.0,19.0,20.0,39.0,38.0,39.0,0.0,0.0,0.0,0.0,0.0,0.0,0.0,0.0,0.0,0.0,0.0,0.0,0.0,0.0,0.0
511,2026-01-22 15:00:00,2026-01-23 14:00:00,2026-01-23 15:00:00,2026-01-23 16:00:00,A车型,A车型,20,20,19.0,19.0,19.0,19.0,19.0,19.0,38.0,38.0,38.0,0.0,0.0,0.0,0.0,0.0,0.0,0.0,0.0,0.0,0.0,0.0,0.0,0.0,0.0,0.0
512,2026-01-22 16:00:00,2026-01-23 15:00:00,2026-01-23 16:00:00,2026-01-23 17:00:00,A车型,A车型,20,20,19.0,18.0,19.0,19.0,18.0,19.0,38.0,36.0,38.0,0.0,0.0,0.0,0.0,0.0,0.0,0.0,0.0,0.0,0.0,0.0,0.0,0.0,0.0,0.0
513,2026-01-22 17:00:00,2026-01-23 16:00:00,2026-01-23 17:00:00,2026-01-23 18:00:00,A车型,B车型,20,15,18.0,15.0,18.0,18.0,0.0,18.0,36.0,0.0,36.0,0.0,30.0,30.0,0.0,15.0,15.0,0.0,0.0,0.0,0.0,0.0,0.0,0.0,0.0,0.0
514,2026-01-22 18:00:00,2026-01-23 17:00:00,2026-01-23 18:00:00,2026-01-23 19:00:00,B车型,B车型,15,15,15.0,14.0,15.0,0.0,0.0,0.0,0.0,0.0,0.0,30.0,28.0,30.0,15.0,14.0,15.0,0.0,0.0,0.0,0.0,0.0,0.0,0.0,0.0,0.0
515,2026-01-22 19:00:00,2026-01-23 18:00:00,2026-01-23 19:00:00,2026-01-23 20:00:00,B车型,B车型,15,15,14.0,15.0,15.0,0.0,0.0,0.0,0.0,0.0,0.0,28.0,30.0,30.0,14.0,15.0,15.0,0.0,0.0,0.0,0.0,0.0,0.0,0.0,0.0,0.0
516,2026-01-22 20:00:00,2026-01-23 19:00:00,2026-01-23 20:00:00,2026-01-23 21:00:00,B车型,B车型,15,15,15.0,14.0,15.0,0.0,0.0,0.0,0.0,0.0,0.0,30.0,28.0,30.0,15.0,14.0,15.0,0.0,0.0,0.0,0.0,0.0,0.0,0.0,0.0,0.0
517,2026-01-22 21:00:00,2026-01-23 20:00:00,2026-01-23 21:00:00,2026-01-23 22:00:00,B车型,B车型,15,15,14.0,15.0,15.0,0.0,0.0,0.0,0.0,0.0,0.0,28.0,29.0,29.0,14.0,15.0,15.0,0.0,0.0,0.0,0.0,0.0,0.0,0.0,0.0,0.0
518,2026-01-22 22:00:00,2026-01-23 21:00:00,2026-01-23 22:00:00,2026-01-23 23:00:00,B车型,B车型,15,15,15.0,16.0,16.0,0.0,0.0,0.0,0.0,0.0,0.0,29.0,32.0,32.0,15.0,16.0,16.0,0.0,0.0,0.0,0.0,0.0,0.0,0.0,0.0,0.0
519,2026-01-22 23:00:00,2026-01-23 22:00:00,2026-01-23 23:00:00,2026-01-24 00:00:00,B车型,B车型,15,15,16.0,13.0,16.0,0.0,0.0,0.0,0.0,0.0,0.0,32.0,25.0,32.0,16.0,14.0,16.0,0.0,0.0,0.0,0.0,0.0,0.0,0.0,0.0,0.0
520,2026-01-23 00:00:00,2026-01-23 23:00:00,2026-01-24 00:00:00,2026-01-24 01:00:00,B车型,B车型,15,15,13.0,13.0,13.0,0.0,0.0,0.0,0.0,0.0,0.0,25.0,25.0,25.0,14.0,13.0,14.0,0.0,0.0,0.0,0.0,0.0,0.0,0.0,0.0,0.0
521,2026-01-23 01:00:00,2026-01-24 00:00:00,2026-01-24 01:00:00,2026-01-24 02:00:00,B车型,B车型,15,15,13.0,13.0,13.0,0.0,0.0,0.0,0.0,0.0,0.0,25.0,28.0,28.0,13.0,14.0,14.0,0.0,0.0,0.0,0.0,0.0,0.0,0.0,0.0,0.0
522,2026-01-23 02:00:00,2026-01-24 01:00:00,2026-01-24 02:00:00,2026-01-24 03:00:00,B车型,B车型,15,15,13.0,13.0,13.0,0.0,0.0,0.0,0.0,0.0,0.0,28.0,27.0,28.0,14.0,14.0,14.0,0.0,0.0,0.0,0.0,0.0,0.0,0.0,0.0,0.0
523,2026-01-23 03:00:00,2026-01-24 02:00:00,2026-01-24 03:00:00,2026-01-24 04:00:00,B车型,C车型,15,10,13.0,0.0,13.0,0.0,0.0,0.0,0.0,0.0,0.0,27.0,0.0,27.0,14.0,0.0,14.0,0.0,9.0,9.0,0.0,9.0,9.0,0.0,18.0,18.0
524,2026-01-23 04:00:00,2026-01-24 03:00:00,2026-01-24 04:00:00,2026-01-24 05:00:00,C车型,C车型,10,10,0.0,0.0,0.0,0.0,0.0,0.0,0.0,0.0,0.0,0.0,0.0,0.0,0.0,0.0,0.0,9.0,8.0,9.0,9.0,9.0,9.0,18.0,18.0,18.0
525,2026-01-23 05:00:00,2026-01-24 04:00:00,2026-01-24 05:00:00,2026-01-24 06:00:00,C车型,B车型,10,15,0.0,13.0,13.0,0.0,0.0,0.0,0.0,0.0,0.0,0.0,27.0,27.0,0.0,14.0,14.0,8.0,0.0,8.0,9.0,0.0,9.0,18.0,0.0,18.0
526,2026-01-23 06:00:00,2026-01-24 05:00:00,2026-01-24 06:00:00,2026-01-24 07:00:00,B车型,B车型,15,15,13.0,14.0,14.0,0.0,0.0,0.0,0.0,0.0,0.0,27.0,28.0,28.0,14.0,14.0,14.0,0.0,0.0,0.0,0.0,0.0,0.0,0.0,0.0,0.0
527,2026-01-23 07:00:00,2026-01-24 06:00:00,2026-01-24 07:00:00,2026-01-24 08:00:00,B车型,C车型,15,10,14.0,0.0,14.0,0.0,0.0,0.0,0.0,0.0,0.0,28.0,0.0,28.0,14.0,0.0,14.0,0.0,11.0,11.0,0.0,11.0,11.0,0.0,22.0,22.0
528,2026-01-23 08:00:00,2026-01-24 07:00:00,2026-01-24 08:00:00,2026-01-24 09:00:00,C车型,C车型,10,10,0.0,0.0,0.0,0.0,0.0,0.0,0.0,0.0,0.0,0.0,0.0,0.0,0.0,0.0,0.0,11.0,11.0,11.0,11.0,11.0,11.0,22.0,22.0,22.0
529,2026-01-23 09:00:00,2026-01-24 08:00:00,2026-01-24 09:00:00,2026-01-24 10:00:00,C车型,C车型,10,10,0.0,0.0,0.0,0.0,0.0,0.0,0.0,0.0,0.0,0.0,0.0,0.0,0.0,0.0,0.0,11.0,11.0,11.0,11.0,11.0,11.0,22.0,22.0,22.0
530,2026-01-23 10:00:00,2026-01-24 09:00:00,2026-01-24 10:00:00,2026-01-24 11:00:00,C车型,C车型,10,10,0.0,0.0,0.0,0.0,0.0,0.0,0.0,0.0,0.0,0.0,0.0,0.0,0.0,0.0,0.0,11.0,11.0,11.0,11.0,11.0,11.0,22.0,22.0,22.0
531,2026-01-23 11:00:00,2026-01-24 10:00:00,2026-01-24 11:00:00,2026-01-24 12:00:00,C车型,C车型,10,10,0.0,0.0,0.0,0.0,0.0,0.0,0.0,0.0,0.0,0.0,0.0,0.0,0.0,0.0,0.0,11.0,10.0,11.0,11.0,10.0,11.0,22.0,19.0,22.0
532,2026-01-23 12:00:00,2026-01-24 11:00:00,2026-01-24 12:00:00,2026-01-24 13:00:00,C车型,C车型,10,10,0.0,0.0,0.0,0.0,0.0,0.0,0.0,0.0,0.0,0.0,0.0,0.0,0.0,0.0,0.0,10.0,10.0,10.0,10.0,10.0,10.0,19.0,19.0,19.0
533,2026-01-23 13:00:00,2026-01-24 12:00:00,2026-01-24 13:00:00,2026-01-24 14:00:00,C车型,C车型,10,10,0.0,0.0,0.0,0.0,0.0,0.0,0.0,0.0,0.0,0.0,0.0,0.0,0.0,0.0,0.0,10.0,10.0,10.0,10.0,9.0,10.0,19.0,20.0,20.0
534,2026-01-23 14:00:00,2026-01-24 13:00:00,2026-01-24 14:00:00,2026-01-24 15:00:00,C车型,C车型,10,10,0.0,0.0,0.0,0.0,0.0,0.0,0.0,0.0,0.0,0.0,0.0,0.0,0.0,0.0,0.0,10.0,10.0,10.0,9.0,10.0,10.0,20.0,20.0,20.0
535,2026-01-23 15:00:00,2026-01-24 14:00:00,2026-01-24 15:00:00,2026-01-24 16:00:00,C车型,C车型,10,10,0.0,0.0,0.0,0.0,0.0,0.0,0.0,0.0,0.0,0.0,0.0,0.0,0.0,0.0,0.0,10.0,10.0,10.0,10.0,10.0,10.0,20.0,20.0,20.0
536,2026-01-23 16:00:00,2026-01-24 15:00:00,2026-01-24 16:00:00,2026-01-24 17:00:00,C车型,A车型,10,20,0.0,22.0,22.0,0.0,22.0,22.0,0.0,44.0,44.0,0.0,0.0,0.0,0.0,0.0,0.0,10.0,0.0,10.0,10.0,0.0,10.0,20.0,0.0,20.0
537,2026-01-23 17:00:00,2026-01-24 16:00:00,2026-01-24 17:00:00,2026-01-24 18:00:00,A车型,C车型,20,10,22.0,0.0,22.0,22.0,0.0,22.0,44.0,0.0,44.0,0.0,0.0,0.0,0.0,0.0,0.0,0.0,11.0,11.0,0.0,12.0,12.0,0.0,24.0,24.0
538,2026-01-23 18:00:00,2026-01-24 17:00:00,2026-01-24 18:00:00,2026-01-24 19:00:00,C车型,C车型,10,10,0.0,0.0,0.0,0.0,0.0,0.0,0.0,0.0,0.0,0.0,0.0,0.0,0.0,0.0,0.0,11.0,10.0,11.0,12.0,11.0,12.0,24.0,22.0,24.0
539,2026-01-23 19:00:00,2026-01-24 18:00:00,2026-01-24 19:00:00,2026-01-24 20:00:00,C车型,B车型,10,15,0.0,17.0,17.0,0.0,0.0,0.0,0.0,0.0,0.0,0.0,34.0,34.0,0.0,18.0,18.0,10.0,0.0,10.0,11.0,0.0,11.0,22.0,0.0,22.0
540,2026-01-23 20:00:00,2026-01-24 19:00:00,2026-01-24 20:00:00,2026-01-24 21:00:00,B车型,B车型,15,15,17.0,16.0,17.0,0.0,0.0,0.0,0.0,0.0,0.0,34.0,32.0,34.0,18.0,17.0,18.0,0.0,0.0,0.0,0.0,0.0,0.0,0.0,0.0,0.0
541,2026-01-23 21:00:00,2026-01-24 20:00:00,2026-01-24 21:00:00,2026-01-24 22:00:00,B车型,B车型,15,15,16.0,14.0,16.0,0.0,0.0,0.0,0.0,0.0,0.0,32.0,28.0,32.0,17.0,15.0,17.0,0.0,0.0,0.0,0.0,0.0,0.0,0.0,0.0,0.0
542,2026-01-23 22:00:00,2026-01-24 21:00:00,2026-01-24 22:00:00,2026-01-24 23:00:00,B车型,B车型,15,15,14.0,14.0,14.0,0.0,0.0,0.0,0.0,0.0,0.0,28.0,28.0,28.0,15.0,14.0,15.0,0.0,0.0,0.0,0.0,0.0,0.0,0.0,0.0,0.0
543,2026-01-23 23:00:00,2026-01-24 22:00:00,2026-01-24 23:00:00,2026-01-25 00:00:00,B车型,B车型,15,15,14.0,12.0,14.0,0.0,0.0,0.0,0.0,0.0,0.0,28.0,24.0,28.0,14.0,12.0,14.0,0.0,0.0,0.0,0.0,0.0,0.0,0.0,0.0,0.0
544,2026-01-24 00:00:00,2026-01-24 23:00:00,2026-01-25 00:00:00,2026-01-25 01:00:00,B车型,B车型,15,15,12.0,12.0,12.0,0.0,0.0,0.0,0.0,0.0,0.0,24.0,24.0,24.0,12.0,12.0,12.0,0.0,0.0,0.0,0.0,0.0,0.0,0.0,0.0,0.0
545,2026-01-24 01:00:00,2026-01-25 00:00:00,2026-01-25 01:00:00,2026-01-25 02:00:00,B车型,B车型,15,15,12.0,13.0,13.0,0.0,0.0,0.0,0.0,0.0,0.0,24.0,26.0,26.0,12.0,13.0,13.0,0.0,0.0,0.0,0.0,0.0,0.0,0.0,0.0,0.0
546,2026-01-24 02:00:00,2026-01-25 01:00:00,2026-01-25 02:00:00,2026-01-25 03:00:00,B车型,B车型,15,15,13.0,14.0,14.0,0.0,0.0,0.0,0.0,0.0,0.0,26.0,28.0,28.0,13.0,14.0,14.0,0.0,0.0,0.0,0.0,0.0,0.0,0.0,0.0,0.0
547,2026-01-24 03:00:00,2026-01-25 02:00:00,2026-01-25 03:00:00,2026-01-25 04:00:00,B车型,B车型,15,15,14.0,15.0,15.0,0.0,0.0,0.0,0.0,0.0,0.0,28.0,30.0,30.0,14.0,15.0,15.0,0.0,0.0,0.0,0.0,0.0,0.0,0.0,0.0,0.0
548,2026-01-24 04:00:00,2026-01-25 03:00:00,2026-01-25 04:00:00,2026-01-25 05:00:00,B车型,B车型,15,15,15.0,13.0,15.0,0.0,0.0,0.0,0.0,0.0,0.0,30.0,28.0,30.0,15.0,14.0,15.0,0.0,0.0,0.0,0.0,0.0,0.0,0.0,0.0,0.0
549,2026-01-24 05:00:00,2026-01-25 04:00:00,2026-01-25 05:00:00,2026-01-25 06:00:00,B车型,B车型,15,15,13.0,14.0,14.0,0.0,0.0,0.0,0.0,0.0,0.0,28.0,30.0,30.0,14.0,15.0,15.0,0.0,0.0,0.0,0.0,0.0,0.0,0.0,0.0,0.0
550,2026-01-24 06:00:00,2026-01-25 05:00:00,2026-01-25 06:00:00,2026-01-25 07:00:00,B车型,B车型,15,15,14.0,13.0,14.0,0.0,0.0,0.0,0.0,0.0,0.0,30.0,26.0,30.0,15.0,13.0,15.0,0.0,0.0,0.0,0.0,0.0,0.0,0.0,0.0,0.0
551,2026-01-24 07:00:00,2026-01-25 06:00:00,2026-01-25 07:00:00,2026-01-25 08:00:00,B车型,B车型,15,15,13.0,15.0,15.0,0.0,0.0,0.0,0.0,0.0,0.0,26.0,30.0,30.0,13.0,15.0,15.0,0.0,0.0,0.0,0.0,0.0,0.0,0.0,0.0,0.0
552,2026-01-24 08:00:00,2026-01-25 07:00:00,2026-01-25 08:00:00,2026-01-25 09:00:00,B车型,B车型,15,15,15.0,16.0,16.0,0.0,0.0,0.0,0.0,0.0,0.0,30.0,32.0,32.0,15.0,16.0,16.0,0.0,0.0,0.0,0.0,0.0,0.0,0.0,0.0,0.0
553,2026-01-24 09:00:00,2026-01-25 08:00:00,2026-01-25 09:00:00,2026-01-25 10:00:00,B车型,B车型,15,15,16.0,14.0,16.0,0.0,0.0,0.0,0.0,0.0,0.0,32.0,29.0,32.0,16.0,14.0,16.0,0.0,0.0,0.0,0.0,0.0,0.0,0.0,0.0,0.0
554,2026-01-24 10:00:00,2026-01-25 09:00:00,2026-01-25 10:00:00,2026-01-25 11:00:00,B车型,B车型,15,15,14.0,16.0,16.0,0.0,0.0,0.0,0.0,0.0,0.0,29.0,33.0,33.0,14.0,16.0,16.0,0.0,0.0,0.0,0.0,0.0,0.0,0.0,0.0,0.0
555,2026-01-24 11:00:00,2026-01-25 10:00:00,2026-01-25 11:00:00,2026-01-25 12:00:00,B车型,B车型,15,15,16.0,16.0,16.0,0.0,0.0,0.0,0.0,0.0,0.0,33.0,33.0,33.0,16.0,16.0,16.0,0.0,0.0,0.0,0.0,0.0,0.0,0.0,0.0,0.0
556,2026-01-24 12:00:00,2026-01-25 11:00:00,2026-01-25 12:00:00,2026-01-25 13:00:00,B车型,B车型,15,15,16.0,15.0,16.0,0.0,0.0,0.0,0.0,0.0,0.0,33.0,31.0,33.0,16.0,15.0,16.0,0.0,0.0,0.0,0.0,0.0,0.0,0.0,0.0,0.0
557,2026-01-24 13:00:00,2026-01-25 12:00:00,2026-01-25 13:00:00,2026-01-25 14:00:00,B车型,B车型,15,15,15.0,16.0,16.0,0.0,0.0,0.0,0.0,0.0,0.0,31.0,33.0,33.0,15.0,16.0,16.0,0.0,0.0,0.0,0.0,0.0,0.0,0.0,0.0,0.0
558,2026-01-24 14:00:00,2026-01-25 13:00:00,2026-01-25 14:00:00,2026-01-25 15:00:00,B车型,B车型,15,15,16.0,18.0,18.0,0.0,0.0,0.0,0.0,0.0,0.0,33.0,37.0,37.0,16.0,19.0,19.0,0.0,0.0,0.0,0.0,0.0,0.0,0.0,0.0,0.0
559,2026-01-24 15:00:00,2026-01-25 14:00:00,2026-01-25 15:00:00,2026-01-25 16:00:00,B车型,B车型,15,15,18.0,17.0,18.0,0.0,0.0,0.0,0.0,0.0,0.0,37.0,34.0,37.0,19.0,18.0,19.0,0.0,0.0,0.0,0.0,0.0,0.0,0.0,0.0,0.0
560,2026-01-24 16:00:00,2026-01-25 15:00:00,2026-01-25 16:00:00,2026-01-25 17:00:00,B车型,B车型,15,15,17.0,17.0,17.0,0.0,0.0,0.0,0.0,0.0,0.0,34.0,34.0,34.0,18.0,18.0,18.0,0.0,0.0,0.0,0.0,0.0,0.0,0.0,0.0,0.0
561,2026-01-24 17:00:00,2026-01-25 16:00:00,2026-01-25 17:00:00,2026-01-25 18:00:00,B车型,A车型,15,20,17.0,21.0,21.0,0.0,21.0,21.0,0.0,42.0,42.0,34.0,0.0,34.0,18.0,0.0,18.0,0.0,0.0,0.0,0.0,0.0,0.0,0.0,0.0,0.0
562,2026-01-24 18:00:00,2026-01-25 17:00:00,2026-01-25 18:00:00,2026-01-25 19:00:00,A车型,A车型,20,20,21.0,20.0,21.0,21.0,21.0,21.0,42.0,40.0,42.0,0.0,0.0,0.0,0.0,0.0,0.0,0.0,0.0,0.0,0.0,0.0,0.0,0.0,0.0,0.0
563,2026-01-24 19:00:00,2026-01-25 18:00:00,2026-01-25 19:00:00,2026-01-25 20:00:00,A车型,C车型,20,10,20.0,0.0,20.0,21.0,0.0,21.0,40.0,0.0,40.0,0.0,0.0,0.0,0.0,0.0,0.0,0.0,10.0,10.0,0.0,11.0,11.0,0.0,22.0,22.0
564,2026-01-24 20:00:00,2026-01-25 19:00:00,2026-01-25 20:00:00,2026-01-25 21:00:00,C车型,C车型,10,10,0.0,0.0,0.0,0.0,0.0,0.0,0.0,0.0,0.0,0.0,0.0,0.0,0.0,0.0,0.0,10.0,10.0,10.0,11.0,10.0,11.0,22.0,20.0,22.0
565,2026-01-24 21:00:00,2026-01-25 20:00:00,2026-01-25 21:00:00,2026-01-25 22:00:00,C车型,C车型,10,10,0.0,0.0,0.0,0.0,0.0,0.0,0.0,0.0,0.0,0.0,0.0,0.0,0.0,0.0,0.0,10.0,10.0,10.0,10.0,10.0,10.0,20.0,20.0,20.0
566,2026-01-24 22:00:00,2026-01-25 21:00:00,2026-01-25 22:00:00,2026-01-25 23:00:00,C车型,C车型,10,10,0.0,0.0,0.0,0.0,0.0,0.0,0.0,0.0,0.0,0.0,0.0,0.0,0.0,0.0,0.0,10.0,10.0,10.0,10.0,10.0,10.0,20.0,20.0,20.0
567,2026-01-24 23:00:00,2026-01-25 22:00:00,2026-01-25 23:00:00,2026-01-26 00:00:00,C车型,C车型,10,10,0.0,0.0,0.0,0.0,0.0,0.0,0.0,0.0,0.0,0.0,0.0,0.0,0.0,0.0,0.0,10.0,10.0,10.0,10.0,10.0,10.0,20.0,20.0,20.0
568,2026-01-25 00:00:00,2026-01-25 23:00:00,2026-01-26 00:00:00,2026-01-26 01:00:00,C车型,C车型,10,10,0.0,0.0,0.0,0.0,0.0,0.0,0.0,0.0,0.0,0.0,0.0,0.0,0.0,0.0,0.0,10.0,10.0,10.0,10.0,10.0,10.0,20.0,20.0,20.0
569,2026-01-25 01:00:00,2026-01-26 00:00:00,2026-01-26 01:00:00,2026-01-26 02:00:00,C车型,A车型,10,20,0.0,20.0,20.0,0.0,20.0,20.0,0.0,39.0,39.0,0.0,0.0,0.0,0.0,0.0,0.0,10.0,0.0,10.0,10.0,0.0,10.0,20.0,0.0,20.0
570,2026-01-25 02:00:00,2026-01-26 01:00:00,2026-01-26 02:00:00,2026-01-26 03:00:00,A车型,B车型,20,15,20.0,15.0,20.0,20.0,0.0,20.0,39.0,0.0,39.0,0.0,30.0,30.0,0.0,16.0,16.0,0.0,0.0,0.0,0.0,0.0,0.0,0.0,0.0,0.0
571,2026-01-25 03:00:00,2026-01-26 02:00:00,2026-01-26 03:00:00,2026-01-26 04:00:00,B车型,B车型,15,15,15.0,13.0,15.0,0.0,0.0,0.0,0.0,0.0,0.0,30.0,28.0,30.0,16.0,15.0,16.0,0.0,0.0,0.0,0.0,0.0,0.0,0.0,0.0,0.0
572,2026-01-25 04:00:00,2026-01-26 03:00:00,2026-01-26 04:00:00,2026-01-26 05:00:00,B车型,C车型,15,10,13.0,0.0,13.0,0.0,0.0,0.0,0.0,0.0,0.0,28.0,0.0,28.0,15.0,0.0,15.0,0.0,9.0,9.0,0.0,9.0,9.0,0.0,18.0,18.0
573,2026-01-25 05:00:00,2026-01-26 04:00:00,2026-01-26 05:00:00,2026-01-26 06:00:00,C车型,C车型,10,10,0.0,0.0,0.0,0.0,0.0,0.0,0.0,0.0,0.0,0.0,0.0,0.0,0.0,0.0,0.0,9.0,9.0,9.0,9.0,9.0,9.0,18.0,18.0,18.0
574,2026-01-25 06:00:00,2026-01-26 05:00:00,2026-01-26 06:00:00,2026-01-26 07:00:00,C车型,C车型,10,10,0.0,0.0,0.0,0.0,0.0,0.0,0.0,0.0,0.0,0.0,0.0,0.0,0.0,0.0,0.0,9.0,8.0,9.0,9.0,9.0,9.0,18.0,18.0,18.0
575,2026-01-25 07:00:00,2026-01-26 06:00:00,2026-01-26 07:00:00,2026-01-26 08:00:00,C车型,C车型,10,10,0.0,0.0,0.0,0.0,0.0,0.0,0.0,0.0,0.0,0.0,0.0,0.0,0.0,0.0,0.0,8.0,11.0,11.0,9.0,12.0,12.0,18.0,22.0,22.0
576,2026-01-25 08:00:00,2026-01-26 07:00:00,2026-01-26 08:00:00,2026-01-26 09:00:00,C车型,C车型,10,10,0.0,0.0,0.0,0.0,0.0,0.0,0.0,0.0,0.0,0.0,0.0,0.0,0.0,0.0,0.0,11.0,10.0,11.0,12.0,11.0,12.0,22.0,20.0,22.0
577,2026-01-25 09:00:00,2026-01-26 08:00:00,2026-01-26 09:00:00,2026-01-26 10:00:00,C车型,C车型,10,10,0.0,0.0,0.0,0.0,0.0,0.0,0.0,0.0,0.0,0.0,0.0,0.0,0.0,0.0,0.0,10.0,11.0,11.0,11.0,12.0,12.0,20.0,23.0,23.0
578,2026-01-25 10:00:00,2026-01-26 09:00:00,2026-01-26 10:00:00,2026-01-26 11:00:00,C车型,A车型,10,20,0.0,22.0,22.0,0.0,23.0,23.0,0.0,44.0,44.0,0.0,0.0,0.0,0.0,0.0,0.0,11.0,0.0,11.0,12.0,0.0,12.0,23.0,0.0,23.0
579,2026-01-25 11:00:00,2026-01-26 10:00:00,2026-01-26 11:00:00,2026-01-26 12:00:00,A车型,B车型,20,15,22.0,17.0,22.0,23.0,0.0,23.0,44.0,0.0,44.0,0.0,34.0,34.0,0.0,17.0,17.0,0.0,0.0,0.0,0.0,0.0,0.0,0.0,0.0,0.0
580,2026-01-25 12:00:00,2026-01-26 11:00:00,2026-01-26 12:00:00,2026-01-26 13:00:00,B车型,B车型,15,15,17.0,18.0,18.0,0.0,0.0,0.0,0.0,0.0,0.0,34.0,36.0,36.0,17.0,19.0,19.0,0.0,0.0,0.0,0.0,0.0,0.0,0.0,0.0,0.0
581,2026-01-25 13:00:00,2026-01-26 12:00:00,2026-01-26 13:00:00,2026-01-26 14:00:00,B车型,B车型,15,15,18.0,17.0,18.0,0.0,0.0,0.0,0.0,0.0,0.0,36.0,34.0,36.0,19.0,17.0,19.0,0.0,0.0,0.0,0.0,0.0,0.0,0.0,0.0,0.0
582,2026-01-25 14:00:00,2026-01-26 13:00:00,2026-01-26 14:00:00,2026-01-26 15:00:00,B车型,A车型,15,20,17.0,21.0,21.0,0.0,21.0,21.0,0.0,42.0,42.0,34.0,0.0,34.0,17.0,0.0,17.0,0.0,0.0,0.0,0.0,0.0,0.0,0.0,0.0,0.0
583,2026-01-25 15:00:00,2026-01-26 14:00:00,2026-01-26 15:00:00,2026-01-26 16:00:00,A车型,B车型,20,15,21.0,14.0,21.0,21.0,0.0,21.0,42.0,0.0,42.0,0.0,28.0,28.0,0.0,14.0,14.0,0.0,0.0,0.0,0.0,0.0,0.0,0.0,0.0,0.0
584,2026-01-25 16:00:00,2026-01-26 15:00:00,2026-01-26 16:00:00,2026-01-26 17:00:00,B车型,B车型,15,15,14.0,15.0,15.0,0.0,0.0,0.0,0.0,0.0,0.0,28.0,30.0,30.0,14.0,15.0,15.0,0.0,0.0,0.0,0.0,0.0,0.0,0.0,0.0,0.0
585,2026-01-25 17:00:00,2026-01-26 16:00:00,2026-01-26 17:00:00,2026-01-26 18:00:00,B车型,B车型,15,15,15.0,16.0,16.0,0.0,0.0,0.0,0.0,0.0,0.0,30.0,32.0,32.0,15.0,17.0,17.0,0.0,0.0,0.0,0.0,0.0,0.0,0.0,0.0,0.0
586,2026-01-25 18:00:00,2026-01-26 17:00:00,2026-01-26 18:00:00,2026-01-26 19:00:00,B车型,B车型,15,15,16.0,15.0,16.0,0.0,0.0,0.0,0.0,0.0,0.0,32.0,30.0,32.0,17.0,16.0,17.0,0.0,0.0,0.0,0.0,0.0,0.0,0.0,0.0,0.0
587,2026-01-25 19:00:00,2026-01-26 18:00:00,2026-01-26 19:00:00,2026-01-26 20:00:00,B车型,A车型,15,20,15.0,20.0,20.0,0.0,21.0,21.0,0.0,42.0,42.0,30.0,0.0,30.0,16.0,0.0,16.0,0.0,0.0,0.0,0.0,0.0,0.0,0.0,0.0,0.0
588,2026-01-25 20:00:00,2026-01-26 19:00:00,2026-01-26 20:00:00,2026-01-26 21:00:00,A车型,A车型,20,20,20.0,19.0,20.0,21.0,19.0,21.0,42.0,38.0,42.0,0.0,0.0,0.0,0.0,0.0,0.0,0.0,0.0,0.0,0.0,0.0,0.0,0.0,0.0,0.0
589,2026-01-25 21:00:00,2026-01-26 20:00:00,2026-01-26 21:00:00,2026-01-26 22:00:00,A车型,A车型,20,20,19.0,22.0,22.0,19.0,22.0,22.0,38.0,44.0,44.0,0.0,0.0,0.0,0.0,0.0,0.0,0.0,0.0,0.0,0.0,0.0,0.0,0.0,0.0,0.0
590,2026-01-25 22:00:00,2026-01-26 21:00:00,2026-01-26 22:00:00,2026-01-26 23:00:00,A车型,B车型,20,15,22.0,16.0,22.0,22.0,0.0,22.0,44.0,0.0,44.0,0.0,32.0,32.0,0.0,17.0,17.0,0.0,0.0,0.0,0.0,0.0,0.0,0.0,0.0,0.0
591,2026-01-25 23:00:00,2026-01-26 22:00:00,2026-01-26 23:00:00,2026-01-27 00:00:00,B车型,C车型,15,10,16.0,0.0,16.0,0.0,0.0,0.0,0.0,0.0,0.0,32.0,0.0,32.0,17.0,0.0,17.0,0.0,11.0,11.0,0.0,11.0,11.0,0.0,22.0,22.0
592,2026-01-26 00:00:00,2026-01-26 23:00:00,2026-01-27 00:00:00,2026-01-27 01:00:00,C车型,B车型,10,15,0.0,15.0,15.0,0.0,0.0,0.0,0.0,0.0,0.0,0.0,31.0,31.0,0.0,16.0,16.0,11.0,0.0,11.0,11.0,0.0,11.0,22.0,0.0,22.0
593,2026-01-26 01:00:00,2026-01-27 00:00:00,2026-01-27 01:00:00,2026-01-27 02:00:00,B车型,C车型,15,10,15.0,0.0,15.0,0.0,0.0,0.0,0.0,0.0,0.0,31.0,0.0,31.0,16.0,0.0,16.0,0.0,12.0,12.0,0.0,11.0,11.0,0.0,22.0,22.0
594,2026-01-26 02:00:00,2026-01-27 01:00:00,2026-01-27 02:00:00,2026-01-27 03:00:00,C车型,C车型,10,10,0.0,0.0,0.0,0.0,0.0,0.0,0.0,0.0,0.0,0.0,0.0,0.0,0.0,0.0,0.0,12.0,12.0,12.0,11.0,11.0,11.0,22.0,23.0,23.0
595,2026-01-26 03:00:00,2026-01-27 02:00:00,2026-01-27 03:00:00,2026-01-27 04:00:00,C车型,C车型,10,10,0.0,0.0,0.0,0.0,0.0,0.0,0.0,0.0,0.0,0.0,0.0,0.0,0.0,0.0,0.0,12.0,11.0,12.0,11.0,10.0,11.0,23.0,20.0,23.0
596,2026-01-26 04:00:00,2026-01-27 03:00:00,2026-01-27 04:00:00,2026-01-27 05:00:00,C车型,C车型,10,10,0.0,0.0,0.0,0.0,0.0,0.0,0.0,0.0,0.0,0.0,0.0,0.0,0.0,0.0,0.0,11.0,11.0,11.0,10.0,10.0,10.0,20.0,20.0,20.0
597,2026-01-26 05:00:00,2026-01-27 04:00:00,2026-01-27 05:00:00,2026-01-27 06:00:00,C车型,C车型,10,10,0.0,0.0,0.0,0.0,0.0,0.0,0.0,0.0,0.0,0.0,0.0,0.0,0.0,0.0,0.0,11.0,12.0,12.0,10.0,12.0,12.0,20.0,24.0,24.0
598,2026-01-26 06:00:00,2026-01-27 05:00:00,2026-01-27 06:00:00,2026-01-27 07:00:00,C车型,C车型,10,10,0.0,0.0,0.0,0.0,0.0,0.0,0.0,0.0,0.0,0.0,0.0,0.0,0.0,0.0,0.0,12.0,12.0,12.0,12.0,12.0,12.0,24.0,24.0,24.0
599,2026-01-26 07:00:00,2026-01-27 06:00:00,2026-01-27 07:00:00,2026-01-27 08:00:00,C车型,C车型,10,10,0.0,0.0,0.0,0.0,0.0,0.0,0.0,0.0,0.0,0.0,0.0,0.0,0.0,0.0,0.0,12.0,13.0,13.0,12.0,13.0,13.0,24.0,26.0,26.0
600,2026-01-26 08:00:00,2026-01-27 07:00:00,2026-01-27 08:00:00,2026-01-27 09:00:00,C车型,C车型,10,10,0.0,0.0,0.0,0.0,0.0,0.0,0.0,0.0,0.0,0.0,0.0,0.0,0.0,0.0,0.0,13.0,12.0,13.0,13.0,12.0,13.0,26.0,24.0,26.0
601,2026-01-26 09:00:00,2026-01-27 08:00:00,2026-01-27 09:00:00,2026-01-27 10:00:00,C车型,C车型,10,10,0.0,0.0,0.0,0.0,0.0,0.0,0.0,0.0,0.0,0.0,0.0,0.0,0.0,0.0,0.0,12.0,11.0,12.0,12.0,11.0,12.0,24.0,22.0,24.0
602,2026-01-26 10:00:00,2026-01-27 09:00:00,2026-01-27 10:00:00,2026-01-27 11:00:00,C车型,C车型,10,10,0.0,0.0,0.0,0.0,0.0,0.0,0.0,0.0,0.0,0.0,0.0,0.0,0.0,0.0,0.0,11.0,11.0,11.0,11.0,11.0,11.0,22.0,22.0,22.0
603,2026-01-26 11:00:00,2026-01-27 10:00:00,2026-01-27 11:00:00,2026-01-27 12:00:00,C车型,C车型,10,10,0.0,0.0,0.0,0.0,0.0,0.0,0.0,0.0,0.0,0.0,0.0,0.0,0.0,0.0,0.0,11.0,11.0,11.0,11.0,11.0,11.0,22.0,22.0,22.0
604,2026-01-26 12:00:00,2026-01-27 11:00:00,2026-01-27 12:00:00,2026-01-27 13:00:00,C车型,C车型,10,10,0.0,0.0,0.0,0.0,0.0,0.0,0.0,0.0,0.0,0.0,0.0,0.0,0.0,0.0,0.0,11.0,10.0,11.0,11.0,11.0,11.0,22.0,22.0,22.0
605,2026-01-26 13:00:00,2026-01-27 12:00:00,2026-01-27 13:00:00,2026-01-27 14:00:00,C车型,B车型,10,15,0.0,15.0,15.0,0.0,0.0,0.0,0.0,0.0,0.0,0.0,30.0,30.0,0.0,15.0,15.0,10.0,0.0,10.0,11.0,0.0,11.0,22.0,0.0,22.0
606,2026-01-26 14:00:00,2026-01-27 13:00:00,2026-01-27 14:00:00,2026-01-27 15:00:00,B车型,B车型,15,15,15.0,16.0,16.0,0.0,0.0,0.0,0.0,0.0,0.0,30.0,32.0,32.0,15.0,16.0,16.0,0.0,0.0,0.0,0.0,0.0,0.0,0.0,0.0,0.0
607,2026-01-26 15:00:00,2026-01-27 14:00:00,2026-01-27 15:00:00,2026-01-27 16:00:00,B车型,B车型,15,15,16.0,16.0,16.0,0.0,0.0,0.0,0.0,0.0,0.0,32.0,32.0,32.0,16.0,16.0,16.0,0.0,0.0,0.0,0.0,0.0,0.0,0.0,0.0,0.0
608,2026-01-26 16:00:00,2026-01-27 15:00:00,2026-01-27 16:00:00,2026-01-27 17:00:00,B车型,B车型,15,15,16.0,15.0,16.0,0.0,0.0,0.0,0.0,0.0,0.0,32.0,30.0,32.0,16.0,15.0,16.0,0.0,0.0,0.0,0.0,0.0,0.0,0.0,0.0,0.0
609,2026-01-26 17:00:00,2026-01-27 16:00:00,2026-01-27 17:00:00,2026-01-27 18:00:00,B车型,B车型,15,15,15.0,14.0,15.0,0.0,0.0,0.0,0.0,0.0,0.0,30.0,28.0,30.0,15.0,14.0,15.0,0.0,0.0,0.0,0.0,0.0,0.0,0.0,0.0,0.0
610,2026-01-26 18:00:00,2026-01-27 17:00:00,2026-01-27 18:00:00,2026-01-27 19:00:00,B车型,A车型,15,20,14.0,18.0,18.0,0.0,18.0,18.0,0.0,36.0,36.0,28.0,0.0,28.0,14.0,0.0,14.0,0.0,0.0,0.0,0.0,0.0,0.0,0.0,0.0,0.0
611,2026-01-26 19:00:00,2026-01-27 18:00:00,2026-01-27 19:00:00,2026-01-27 20:00:00,A车型,A车型,20,20,18.0,19.0,19.0,18.0,19.0,19.0,36.0,38.0,38.0,0.0,0.0,0.0,0.0,0.0,0.0,0.0,0.0,0.0,0.0,0.0,0.0,0.0,0.0,0.0
612,2026-01-26 20:00:00,2026-01-27 19:00:00,2026-01-27 20:00:00,2026-01-27 21:00:00,A车型,A车型,20,20,19.0,19.0,19.0,19.0,19.0,19.0,38.0,38.0,38.0,0.0,0.0,0.0,0.0,0.0,0.0,0.0,0.0,0.0,0.0,0.0,0.0,0.0,0.0,0.0
613,2026-01-26 21:00:00,2026-01-27 20:00:00,2026-01-27 21:00:00,2026-01-27 22:00:00,A车型,B车型,20,15,19.0,14.0,19.0,19.0,0.0,19.0,38.0,0.0,38.0,0.0,29.0,29.0,0.0,14.0,14.0,0.0,0.0,0.0,0.0,0.0,0.0,0.0,0.0,0.0
614,2026-01-26 22:00:00,2026-01-27 21:00:00,2026-01-27 22:00:00,2026-01-27 23:00:00,B车型,B车型,15,15,14.0,14.0,14.0,0.0,0.0,0.0,0.0,0.0,0.0,29.0,26.0,29.0,14.0,13.0,14.0,0.0,0.0,0.0,0.0,0.0,0.0,0.0,0.0,0.0
615,2026-01-26 23:00:00,2026-01-27 22:00:00,2026-01-27 23:00:00,2026-01-28 00:00:00,B车型,B车型,15,15,14.0,14.0,14.0,0.0,0.0,0.0,0.0,0.0,0.0,26.0,26.0,26.0,13.0,13.0,13.0,0.0,0.0,0.0,0.0,0.0,0.0,0.0,0.0,0.0
616,2026-01-27 00:00:00,2026-01-27 23:00:00,2026-01-28 00:00:00,2026-01-28 01:00:00,B车型,B车型,15,15,14.0,14.0,14.0,0.0,0.0,0.0,0.0,0.0,0.0,26.0,27.0,27.0,13.0,14.0,14.0,0.0,0.0,0.0,0.0,0.0,0.0,0.0,0.0,0.0
617,2026-01-27 01:00:00,2026-01-28 00:00:00,2026-01-28 01:00:00,2026-01-28 02:00:00,B车型,C车型,15,10,14.0,0.0,14.0,0.0,0.0,0.0,0.0,0.0,0.0,27.0,0.0,27.0,14.0,0.0,14.0,0.0,8.0,8.0,0.0,9.0,9.0,0.0,18.0,18.0
618,2026-01-27 02:00:00,2026-01-28 01:00:00,2026-01-28 02:00:00,2026-01-28 03:00:00,C车型,C车型,10,10,0.0,0.0,0.0,0.0,0.0,0.0,0.0,0.0,0.0,0.0,0.0,0.0,0.0,0.0,0.0,8.0,8.0,8.0,9.0,7.0,9.0,18.0,16.0,18.0
619,2026-01-27 03:00:00,2026-01-28 02:00:00,2026-01-28 03:00:00,2026-01-28 04:00:00,C车型,C车型,10,10,0.0,0.0,0.0,0.0,0.0,0.0,0.0,0.0,0.0,0.0,0.0,0.0,0.0,0.0,0.0,8.0,8.0,8.0,7.0,8.0,8.0,16.0,16.0,16.0
620,2026-01-27 04:00:00,2026-01-28 03:00:00,2026-01-28 04:00:00,2026-01-28 05:00:00,C车型,C车型,10,10,0.0,0.0,0.0,0.0,0.0,0.0,0.0,0.0,0.0,0.0,0.0,0.0,0.0,0.0,0.0,8.0,8.0,8.0,8.0,8.0,8.0,16.0,16.0,16.0
621,2026-01-27 05:00:00,2026-01-28 04:00:00,2026-01-28 05:00:00,2026-01-28 06:00:00,C车型,A车型,10,20,0.0,16.0,16.0,0.0,16.0,16.0,0.0,32.0,32.0,0.0,0.0,0.0,0.0,0.0,0.0,8.0,0.0,8.0,8.0,0.0,8.0,16.0,0.0,16.0
622,2026-01-27 06:00:00,2026-01-28 05:00:00,2026-01-28 06:00:00,2026-01-28 07:00:00,A车型,A车型,20,20,16.0,17.0,17.0,16.0,17.0,17.0,32.0,33.0,33.0,0.0,0.0,0.0,0.0,0.0,0.0,0.0,0.0,0.0,0.0,0.0,0.0,0.0,0.0,0.0
623,2026-01-27 07:00:00,2026-01-28 06:00:00,2026-01-28 07:00:00,2026-01-28 08:00:00,A车型,A车型,20,20,17.0,18.0,18.0,17.0,18.0,18.0,33.0,36.0,36.0,0.0,0.0,0.0,0.0,0.0,0.0,0.0,0.0,0.0,0.0,0.0,0.0,0.0,0.0,0.0
624,2026-01-27 08:00:00,2026-01-28 07:00:00,2026-01-28 08:00:00,2026-01-28 09:00:00,A车型,A车型,20,20,18.0,20.0,20.0,18.0,20.0,20.0,36.0,40.0,40.0,0.0,0.0,0.0,0.0,0.0,0.0,0.0,0.0,0.0,0.0,0.0,0.0,0.0,0.0,0.0
625,2026-01-27 09:00:00,2026-01-28 08:00:00,2026-01-28 09:00:00,2026-01-28 10:00:00,A车型,A车型,20,20,20.0,22.0,22.0,20.0,22.0,22.0,40.0,44.0,44.0,0.0,0.0,0.0,0.0,0.0,0.0,0.0,0.0,0.0,0.0,0.0,0.0,0.0,0.0,0.0
626,2026-01-27 10:00:00,2026-01-28 09:00:00,2026-01-28 10:00:00,2026-01-28 11:00:00,A车型,A车型,20,20,22.0,22.0,22.0,22.0,22.0,22.0,44.0,44.0,44.0,0.0,0.0,0.0,0.0,0.0,0.0,0.0,0.0,0.0,0.0,0.0,0.0,0.0,0.0,0.0
627,2026-01-27 11:00:00,2026-01-28 10:00:00,2026-01-28 11:00:00,2026-01-28 12:00:00,A车型,C车型,20,10,22.0,0.0,22.0,22.0,0.0,22.0,44.0,0.0,44.0,0.0,0.0,0.0,0.0,0.0,0.0,0.0,11.0,11.0,0.0,10.0,10.0,0.0,22.0,22.0
628,2026-01-27 12:00:00,2026-01-28 11:00:00,2026-01-28 12:00:00,2026-01-28 13:00:00,C车型,C车型,10,10,0.0,0.0,0.0,0.0,0.0,0.0,0.0,0.0,0.0,0.0,0.0,0.0,0.0,0.0,0.0,11.0,10.0,11.0,10.0,10.0,10.0,22.0,20.0,22.0
629,2026-01-27 13:00:00,2026-01-28 12:00:00,2026-01-28 13:00:00,2026-01-28 14:00:00,C车型,A车型,10,20,0.0,23.0,23.0,0.0,23.0,23.0,0.0,46.0,46.0,0.0,0.0,0.0,0.0,0.0,0.0,10.0,0.0,10.0,10.0,0.0,10.0,20.0,0.0,20.0
630,2026-01-27 14:00:00,2026-01-28 13:00:00,2026-01-28 14:00:00,2026-01-28 15:00:00,A车型,A车型,20,20,23.0,22.0,23.0,23.0,22.0,23.0,46.0,44.0,46.0,0.0,0.0,0.0,0.0,0.0,0.0,0.0,0.0,0.0,0.0,0.0,0.0,0.0,0.0,0.0
631,2026-01-27 15:00:00,2026-01-28 14:00:00,2026-01-28 15:00:00,2026-01-28 16:00:00,A车型,A车型,20,20,22.0,22.0,22.0,22.0,22.0,22.0,44.0,44.0,44.0,0.0,0.0,0.0,0.0,0.0,0.0,0.0,0.0,0.0,0.0,0.0,0.0,0.0,0.0,0.0
632,2026-01-27 16:00:00,2026-01-28 15:00:00,2026-01-28 16:00:00,2026-01-28 17:00:00,A车型,A车型,20,20,22.0,21.0,22.0,22.0,21.0,22.0,44.0,42.0,44.0,0.0,0.0,0.0,0.0,0.0,0.0,0.0,0.0,0.0,0.0,0.0,0.0,0.0,0.0,0.0
633,2026-01-27 17:00:00,2026-01-28 16:00:00,2026-01-28 17:00:00,2026-01-28 18:00:00,A车型,A车型,20,20,21.0,21.0,21.0,21.0,21.0,21.0,42.0,42.0,42.0,0.0,0.0,0.0,0.0,0.0,0.0,0.0,0.0,0.0,0.0,0.0,0.0,0.0,0.0,0.0
634,2026-01-27 18:00:00,2026-01-28 17:00:00,2026-01-28 18:00:00,2026-01-28 19:00:00,A车型,A车型,20,20,21.0,20.0,21.0,21.0,20.0,21.0,42.0,40.0,42.0,0.0,0.0,0.0,0.0,0.0,0.0,0.0,0.0,0.0,0.0,0.0,0.0,0.0,0.0,0.0
635,2026-01-27 19:00:00,2026-01-28 18:00:00,2026-01-28 19:00:00,2026-01-28 20:00:00,A车型,A车型,20,20,20.0,20.0,20.0,20.0,21.0,21.0,40.0,41.0,41.0,0.0,0.0,0.0,0.0,0.0,0.0,0.0,0.0,0.0,0.0,0.0,0.0,0.0,0.0,0.0
636,2026-01-27 20:00:00,2026-01-28 19:00:00,2026-01-28 20:00:00,2026-01-28 21:00:00,A车型,B车型,20,15,20.0,14.0,20.0,21.0,0.0,21.0,41.0,0.0,41.0,0.0,28.0,28.0,0.0,14.0,14.0,0.0,0.0,0.0,0.0,0.0,0.0,0.0,0.0,0.0
637,2026-01-27 21:00:00,2026-01-28 20:00:00,2026-01-28 21:00:00,2026-01-28 22:00:00,B车型,A车型,15,20,14.0,20.0,20.0,0.0,20.0,20.0,0.0,40.0,40.0,28.0,0.0,28.0,14.0,0.0,14.0,0.0,0.0,0.0,0.0,0.0,0.0,0.0,0.0,0.0
638,2026-01-27 22:00:00,2026-01-28 21:00:00,2026-01-28 22:00:00,2026-01-28 23:00:00,A车型,A车型,20,20,20.0,20.0,20.0,20.0,19.0,20.0,40.0,39.0,40.0,0.0,0.0,0.0,0.0,0.0,0.0,0.0,0.0,0.0,0.0,0.0,0.0,0.0,0.0,0.0
639,2026-01-27 23:00:00,2026-01-28 22:00:00,2026-01-28 23:00:00,2026-01-29 00:00:00,A车型,A车型,20,20,20.0,18.0,20.0,19.0,18.0,19.0,39.0,36.0,39.0,0.0,0.0,0.0,0.0,0.0,0.0,0.0,0.0,0.0,0.0,0.0,0.0,0.0,0.0,0.0
640,2026-01-28 00:00:00,2026-01-28 23:00:00,2026-01-29 00:00:00,2026-01-29 01:00:00,A车型,A车型,20,20,18.0,18.0,18.0,18.0,18.0,18.0,36.0,36.0,36.0,0.0,0.0,0.0,0.0,0.0,0.0,0.0,0.0,0.0,0.0,0.0,0.0,0.0,0.0,0.0
641,2026-01-28 01:00:00,2026-01-29 00:00:00,2026-01-29 01:00:00,2026-01-29 02:00:00,A车型,B车型,20,15,18.0,13.0,18.0,18.0,0.0,18.0,36.0,0.0,36.0,0.0,26.0,26.0,0.0,13.0,13.0,0.0,0.0,0.0,0.0,0.0,0.0,0.0,0.0,0.0
642,2026-01-28 02:00:00,2026-01-29 01:00:00,2026-01-29 02:00:00,2026-01-29 03:00:00,B车型,B车型,15,15,13.0,15.0,15.0,0.0,0.0,0.0,0.0,0.0,0.0,26.0,29.0,29.0,13.0,16.0,16.0,0.0,0.0,0.0,0.0,0.0,0.0,0.0,0.0,0.0
643,2026-01-28 03:00:00,2026-01-29 02:00:00,2026-01-29 03:00:00,2026-01-29 04:00:00,B车型,B车型,15,15,15.0,13.0,15.0,0.0,0.0,0.0,0.0,0.0,0.0,29.0,25.0,29.0,16.0,14.0,16.0,0.0,0.0,0.0,0.0,0.0,0.0,0.0,0.0,0.0
644,2026-01-28 04:00:00,2026-01-29 03:00:00,2026-01-29 04:00:00,2026-01-29 05:00:00,B车型,B车型,15,15,13.0,14.0,14.0,0.0,0.0,0.0,0.0,0.0,0.0,25.0,27.0,27.0,14.0,14.0,14.0,0.0,0.0,0.0,0.0,0.0,0.0,0.0,0.0,0.0
645,2026-01-28 05:00:00,2026-01-29 04:00:00,2026-01-29 05:00:00,2026-01-29 06:00:00,B车型,B车型,15,15,14.0,16.0,16.0,0.0,0.0,0.0,0.0,0.0,0.0,27.0,30.0,30.0,14.0,15.0,15.0,0.0,0.0,0.0,0.0,0.0,0.0,0.0,0.0,0.0
646,2026-01-28 06:00:00,2026-01-29 05:00:00,2026-01-29 06:00:00,2026-01-29 07:00:00,B车型,A车型,15,20,16.0,18.0,18.0,0.0,18.0,18.0,0.0,36.0,36.0,30.0,0.0,30.0,15.0,0.0,15.0,0.0,0.0,0.0,0.0,0.0,0.0,0.0,0.0,0.0
647,2026-01-28 07:00:00,2026-01-29 06:00:00,2026-01-29 07:00:00,2026-01-29 08:00:00,A车型,A车型,20,20,18.0,19.0,19.0,18.0,20.0,20.0,36.0,39.0,39.0,0.0,0.0,0.0,0.0,0.0,0.0,0.0,0.0,0.0,0.0,0.0,0.0,0.0,0.0,0.0
648,2026-01-28 08:00:00,2026-01-29 07:00:00,2026-01-29 08:00:00,2026-01-29 09:00:00,A车型,B车型,20,15,19.0,14.0,19.0,20.0,0.0,20.0,39.0,0.0,39.0,0.0,28.0,28.0,0.0,15.0,15.0,0.0,0.0,0.0,0.0,0.0,0.0,0.0,0.0,0.0
649,2026-01-28 09:00:00,2026-01-29 08:00:00,2026-01-29 09:00:00,2026-01-29 10:00:00,B车型,B车型,15,15,14.0,14.0,14.0,0.0,0.0,0.0,0.0,0.0,0.0,28.0,29.0,29.0,15.0,14.0,15.0,0.0,0.0,0.0,0.0,0.0,0.0,0.0,0.0,0.0
650,2026-01-28 10:00:00,2026-01-29 09:00:00,2026-01-29 10:00:00,2026-01-29 11:00:00,B车型,C车型,15,10,14.0,0.0,14.0,0.0,0.0,0.0,0.0,0.0,0.0,29.0,0.0,29.0,14.0,0.0,14.0,0.0,8.0,8.0,0.0,8.0,8.0,0.0,16.0,16.0
651,2026-01-28 11:00:00,2026-01-29 10:00:00,2026-01-29 11:00:00,2026-01-29 12:00:00,C车型,B车型,10,15,0.0,13.0,13.0,0.0,0.0,0.0,0.0,0.0,0.0,0.0,26.0,26.0,0.0,13.0,13.0,8.0,0.0,8.0,8.0,0.0,8.0,16.0,0.0,16.0
652,2026-01-28 12:00:00,2026-01-29 11:00:00,2026-01-29 12:00:00,2026-01-29 13:00:00,B车型,A车型,15,20,13.0,21.0,21.0,0.0,20.0,20.0,0.0,41.0,41.0,26.0,0.0,26.0,13.0,0.0,13.0,0.0,0.0,0.0,0.0,0.0,0.0,0.0,0.0,0.0
653,2026-01-28 13:00:00,2026-01-29 12:00:00,2026-01-29 13:00:00,2026-01-29 14:00:00,A车型,A车型,20,20,21.0,22.0,22.0,20.0,21.0,21.0,41.0,43.0,43.0,0.0,0.0,0.0,0.0,0.0,0.0,0.0,0.0,0.0,0.0,0.0,0.0,0.0,0.0,0.0
654,2026-01-28 14:00:00,2026-01-29 13:00:00,2026-01-29 14:00:00,2026-01-29 15:00:00,A车型,B车型,20,15,22.0,17.0,22.0,21.0,0.0,21.0,43.0,0.0,43.0,0.0,34.0,34.0,0.0,17.0,17.0,0.0,0.0,0.0,0.0,0.0,0.0,0.0,0.0,0.0
655,2026-01-28 15:00:00,2026-01-29 14:00:00,2026-01-29 15:00:00,2026-01-29 16:00:00,B车型,A车型,15,20,17.0,22.0,22.0,0.0,22.0,22.0,0.0,45.0,45.0,34.0,0.0,34.0,17.0,0.0,17.0,0.0,0.0,0.0,0.0,0.0,0.0,0.0,0.0,0.0
656,2026-01-28 16:00:00,2026-01-29 15:00:00,2026-01-29 16:00:00,2026-01-29 17:00:00,A车型,A车型,20,20,22.0,20.0,22.0,22.0,20.0,22.0,45.0,41.0,45.0,0.0,0.0,0.0,0.0,0.0,0.0,0.0,0.0,0.0,0.0,0.0,0.0,0.0,0.0,0.0
657,2026-01-28 17:00:00,2026-01-29 16:00:00,2026-01-29 17:00:00,2026-01-29 18:00:00,A车型,A车型,20,20,20.0,20.0,20.0,20.0,20.0,20.0,41.0,40.0,41.0,0.0,0.0,0.0,0.0,0.0,0.0,0.0,0.0,0.0,0.0,0.0,0.0,0.0,0.0,0.0
658,2026-01-28 18:00:00,2026-01-29 17:00:00,2026-01-29 18:00:00,2026-01-29 19:00:00,A车型,A车型,20,20,20.0,20.0,20.0,20.0,20.0,20.0,40.0,40.0,40.0,0.0,0.0,0.0,0.0,0.0,0.0,0.0,0.0,0.0,0.0,0.0,0.0,0.0,0.0,0.0
659,2026-01-28 19:00:00,2026-01-29 18:00:00,2026-01-29 19:00:00,2026-01-29 20:00:00,A车型,A车型,20,20,20.0,19.0,20.0,20.0,19.0,20.0,40.0,38.0,40.0,0.0,0.0,0.0,0.0,0.0,0.0,0.0,0.0,0.0,0.0,0.0,0.0,0.0,0.0,0.0
660,2026-01-28 20:00:00,2026-01-29 19:00:00,2026-01-29 20:00:00,2026-01-29 21:00:00,A车型,C车型,20,10,19.0,0.0,19.0,19.0,0.0,19.0,38.0,0.0,38.0,0.0,0.0,0.0,0.0,0.0,0.0,0.0,10.0,10.0,0.0,10.0,10.0,0.0,20.0,20.0
661,2026-01-28 21:00:00,2026-01-29 20:00:00,2026-01-29 21:00:00,2026-01-29 22:00:00,C车型,C车型,10,10,0.0,0.0,0.0,0.0,0.0,0.0,0.0,0.0,0.0,0.0,0.0,0.0,0.0,0.0,0.0,10.0,10.0,10.0,10.0,10.0,10.0,20.0,20.0,20.0
662,2026-01-28 22:00:00,2026-01-29 21:00:00,2026-01-29 22:00:00,2026-01-29 23:00:00,C车型,C车型,10,10,0.0,0.0,0.0,0.0,0.0,0.0,0.0,0.0,0.0,0.0,0.0,0.0,0.0,0.0,0.0,10.0,10.0,10.0,10.0,10.0,10.0,20.0,20.0,20.0
663,2026-01-28 23:00:00,2026-01-29 22:00:00,2026-01-29 23:00:00,2026-01-30 00:00:00,C车型,C车型,10,10,0.0,0.0,0.0,0.0,0.0,0.0,0.0,0.0,0.0,0.0,0.0,0.0,0.0,0.0,0.0,10.0,10.0,10.0,10.0,10.0,10.0,20.0,20.0,20.0
664,2026-01-29 00:00:00,2026-01-29 23:00:00,2026-01-30 00:00:00,2026-01-30 01:00:00,C车型,C车型,10,10,0.0,0.0,0.0,0.0,0.0,0.0,0.0,0.0,0.0,0.0,0.0,0.0,0.0,0.0,0.0,10.0,9.0,10.0,10.0,10.0,10.0,20.0,20.0,20.0
665,2026-01-29 01:00:00,2026-01-30 00:00:00,2026-01-30 01:00:00,2026-01-30 02:00:00,C车型,C车型,10,10,0.0,0.0,0.0,0.0,0.0,0.0,0.0,0.0,0.0,0.0,0.0,0.0,0.0,0.0,0.0,9.0,10.0,10.0,10.0,10.0,10.0,20.0,20.0,20.0
666,2026-01-29 02:00:00,2026-01-30 01:00:00,2026-01-30 02:00:00,2026-01-30 03:00:00,C车型,B车型,10,15,0.0,15.0,15.0,0.0,0.0,0.0,0.0,0.0,0.0,0.0,30.0,30.0,0.0,15.0,15.0,10.0,0.0,10.0,10.0,0.0,10.0,20.0,0.0,20.0
667,2026-01-29 03:00:00,2026-01-30 02:00:00,2026-01-30 03:00:00,2026-01-30 04:00:00,B车型,B车型,15,15,15.0,14.0,15.0,0.0,0.0,0.0,0.0,0.0,0.0,30.0,27.0,30.0,15.0,14.0,15.0,0.0,0.0,0.0,0.0,0.0,0.0,0.0,0.0,0.0
668,2026-01-29 04:00:00,2026-01-30 03:00:00,2026-01-30 04:00:00,2026-01-30 05:00:00,B车型,C车型,15,10,14.0,0.0,14.0,0.0,0.0,0.0,0.0,0.0,0.0,27.0,0.0,27.0,14.0,0.0,14.0,0.0,10.0,10.0,0.0,10.0,10.0,0.0,20.0,20.0
669,2026-01-29 05:00:00,2026-01-30 04:00:00,2026-01-30 05:00:00,2026-01-30 06:00:00,C车型,B车型,10,15,0.0,15.0,15.0,0.0,0.0,0.0,0.0,0.0,0.0,0.0,29.0,29.0,0.0,15.0,15.0,10.0,0.0,10.0,10.0,0.0,10.0,20.0,0.0,20.0
670,2026-01-29 06:00:00,2026-01-30 05:00:00,2026-01-30 06:00:00,2026-01-30 07:00:00,B车型,B车型,15,15,15.0,14.0,15.0,0.0,0.0,0.0,0.0,0.0,0.0,29.0,29.0,29.0,15.0,15.0,15.0,0.0,0.0,0.0,0.0,0.0,0.0,0.0,0.0,0.0
671,2026-01-29 07:00:00,2026-01-30 06:00:00,2026-01-30 07:00:00,2026-01-30 08:00:00,B车型,B车型,15,15,14.0,16.0,16.0,0.0,0.0,0.0,0.0,0.0,0.0,29.0,32.0,32.0,15.0,16.0,16.0,0.0,0.0,0.0,0.0,0.0,0.0,0.0,0.0,0.0
672,2026-01-29 08:00:00,2026-01-30 07:00:00,2026-01-30 08:00:00,2026-01-30 09:00:00,B车型,C车型,15,10,16.0,0.0,16.0,0.0,0.0,0.0,0.0,0.0,0.0,32.0,0.0,32.0,16.0,0.0,16.0,0.0,10.0,10.0,0.0,10.0,10.0,0.0,20.0,20.0
673,2026-01-29 09:00:00,2026-01-30 08:00:00,2026-01-30 09:00:00,2026-01-30 10:00:00,C车型,A车型,10,20,0.0,22.0,22.0,0.0,21.0,21.0,0.0,42.0,42.0,0.0,0.0,0.0,0.0,0.0,0.0,10.0,0.0,10.0,10.0,0.0,10.0,20.0,0.0,20.0
674,2026-01-29 10:00:00,2026-01-30 09:00:00,2026-01-30 10:00:00,2026-01-30 11:00:00,A车型,A车型,20,20,22.0,22.0,22.0,21.0,21.0,21.0,42.0,42.0,42.0,0.0,0.0,0.0,0.0,0.0,0.0,0.0,0.0,0.0,0.0,0.0,0.0,0.0,0.0,0.0
675,2026-01-29 11:00:00,2026-01-30 10:00:00,2026-01-30 11:00:00,2026-01-30 12:00:00,A车型,A车型,20,20,22.0,20.0,22.0,21.0,20.0,21.0,42.0,40.0,42.0,0.0,0.0,0.0,0.0,0.0,0.0,0.0,0.0,0.0,0.0,0.0,0.0,0.0,0.0,0.0
676,2026-01-29 12:00:00,2026-01-30 11:00:00,2026-01-30 12:00:00,2026-01-30 13:00:00,A车型,A车型,20,20,20.0,21.0,21.0,20.0,21.0,21.0,40.0,42.0,42.0,0.0,0.0,0.0,0.0,0.0,0.0,0.0,0.0,0.0,0.0,0.0,0.0,0.0,0.0,0.0
677,2026-01-29 13:00:00,2026-01-30 12:00:00,2026-01-30 13:00:00,2026-01-30 14:00:00,A车型,C车型,20,10,21.0,0.0,21.0,21.0,0.0,21.0,42.0,0.0,42.0,0.0,0.0,0.0,0.0,0.0,0.0,0.0,10.0,10.0,0.0,10.0,10.0,0.0,21.0,21.0
678,2026-01-29 14:00:00,2026-01-30 13:00:00,2026-01-30 14:00:00,2026-01-30 15:00:00,C车型,C车型,10,10,0.0,0.0,0.0,0.0,0.0,0.0,0.0,0.0,0.0,0.0,0.0,0.0,0.0,0.0,0.0,10.0,9.0,10.0,10.0,9.0,10.0,21.0,18.0,21.0
679,2026-01-29 15:00:00,2026-01-30 14:00:00,2026-01-30 15:00:00,2026-01-30 16:00:00,C车型,C车型,10,10,0.0,0.0,0.0,0.0,0.0,0.0,0.0,0.0,0.0,0.0,0.0,0.0,0.0,0.0,0.0,9.0,8.0,9.0,9.0,8.0,9.0,18.0,16.0,18.0
680,2026-01-29 16:00:00,2026-01-30 15:00:00,2026-01-30 16:00:00,2026-01-30 17:00:00,C车型,B车型,10,15,0.0,14.0,14.0,0.0,0.0,0.0,0.0,0.0,0.0,0.0,28.0,28.0,0.0,14.0,14.0,8.0,0.0,8.0,8.0,0.0,8.0,16.0,0.0,16.0
681,2026-01-29 17:00:00,2026-01-30 16:00:00,2026-01-30 17:00:00,2026-01-30 18:00:00,B车型,B车型,15,15,14.0,13.0,14.0,0.0,0.0,0.0,0.0,0.0,0.0,28.0,26.0,28.0,14.0,13.0,14.0,0.0,0.0,0.0,0.0,0.0,0.0,0.0,0.0,0.0
682,2026-01-29 18:00:00,2026-01-30 17:00:00,2026-01-30 18:00:00,2026-01-30 19:00:00,B车型,B车型,15,15,13.0,15.0,15.0,0.0,0.0,0.0,0.0,0.0,0.0,26.0,30.0,30.0,13.0,15.0,15.0,0.0,0.0,0.0,0.0,0.0,0.0,0.0,0.0,0.0
683,2026-01-29 19:00:00,2026-01-30 18:00:00,2026-01-30 19:00:00,2026-01-30 20:00:00,B车型,B车型,15,15,15.0,13.0,15.0,0.0,0.0,0.0,0.0,0.0,0.0,30.0,26.0,30.0,15.0,13.0,15.0,0.0,0.0,0.0,0.0,0.0,0.0,0.0,0.0,0.0
684,2026-01-29 20:00:00,2026-01-30 19:00:00,2026-01-30 20:00:00,2026-01-30 21:00:00,B车型,B车型,15,15,13.0,15.0,15.0,0.0,0.0,0.0,0.0,0.0,0.0,26.0,30.0,30.0,13.0,15.0,15.0,0.0,0.0,0.0,0.0,0.0,0.0,0.0,0.0,0.0
685,2026-01-29 21:00:00,2026-01-30 20:00:00,2026-01-30 21:00:00,2026-01-30 22:00:00,B车型,B车型,15,15,15.0,15.0,15.0,0.0,0.0,0.0,0.0,0.0,0.0,30.0,30.0,30.0,15.0,15.0,15.0,0.0,0.0,0.0,0.0,0.0,0.0,0.0,0.0,0.0
686,2026-01-29 22:00:00,2026-01-30 21:00:00,2026-01-30 22:00:00,2026-01-30 23:00:00,B车型,B车型,15,15,15.0,15.0,15.0,0.0,0.0,0.0,0.0,0.0,0.0,30.0,30.0,30.0,15.0,15.0,15.0,0.0,0.0,0.0,0.0,0.0,0.0,0.0,0.0,0.0
687,2026-01-29 23:00:00,2026-01-30 22:00:00,2026-01-30 23:00:00,2026-01-31 00:00:00,B车型,B车型,15,15,15.0,14.0,15.0,0.0,0.0,0.0,0.0,0.0,0.0,30.0,28.0,30.0,15.0,14.0,15.0,0.0,0.0,0.0,0.0,0.0,0.0,0.0,0.0,0.0
688,2026-01-30 00:00:00,2026-01-30 23:00:00,2026-01-31 00:00:00,2026-01-31 01:00:00,B车型,A车型,15,20,14.0,19.0,19.0,0.0,19.0,19.0,0.0,38.0,38.0,28.0,0.0,28.0,14.0,0.0,14.0,0.0,0.0,0.0,0.0,0.0,0.0,0.0,0.0,0.0
689,2026-01-30 01:00:00,2026-01-31 00:00:00,2026-01-31 01:00:00,2026-01-31 02:00:00,A车型,A车型,20,20,19.0,18.0,19.0,19.0,19.0,19.0,38.0,38.0,38.0,0.0,0.0,0.0,0.0,0.0,0.0,0.0,0.0,0.0,0.0,0.0,0.0,0.0,0.0,0.0
690,2026-01-30 02:00:00,2026-01-31 01:00:00,2026-01-31 02:00:00,2026-01-31 03:00:00,A车型,A车型,20,20,18.0,19.0,19.0,19.0,20.0,20.0,38.0,40.0,40.0,0.0,0.0,0.0,0.0,0.0,0.0,0.0,0.0,0.0,0.0,0.0,0.0,0.0,0.0,0.0
691,2026-01-30 03:00:00,2026-01-31 02:00:00,2026-01-31 03:00:00,2026-01-31 04:00:00,A车型,A车型,20,20,19.0,20.0,20.0,20.0,20.0,20.0,40.0,39.0,40.0,0.0,0.0,0.0,0.0,0.0,0.0,0.0,0.0,0.0,0.0,0.0,0.0,0.0,0.0,0.0
692,2026-01-30 04:00:00,2026-01-31 03:00:00,2026-01-31 04:00:00,2026-01-31 05:00:00,A车型,A车型,20,20,20.0,20.0,20.0,20.0,19.0,20.0,39.0,39.0,39.0,0.0,0.0,0.0,0.0,0.0,0.0,0.0,0.0,0.0,0.0,0.0,0.0,0.0,0.0,0.0
693,2026-01-30 05:00:00,2026-01-31 04:00:00,2026-01-31 05:00:00,2026-01-31 06:00:00,A车型,A车型,20,20,20.0,20.0,20.0,19.0,19.0,19.0,39.0,39.0,39.0,0.0,0.0,0.0,0.0,0.0,0.0,0.0,0.0,0.0,0.0,0.0,0.0,0.0,0.0,0.0
694,2026-01-30 06:00:00,2026-01-31 05:00:00,2026-01-31 06:00:00,2026-01-31 07:00:00,A车型,C车型,20,10,20.0,0.0,20.0,19.0,0.0,19.0,39.0,0.0,39.0,0.0,0.0,0.0,0.0,0.0,0.0,0.0,10.0,10.0,0.0,10.0,10.0,0.0,20.0,20.0
