timestamp,machine_effect,supply_effect,changeover_effect,order_effect,congestion_effect,state_driver_effect,irreducible_noise,production_execution_error
2026-01-01 08:00:00,-0.0,0.20999999999999985,-0.0,0.0,-0.18,0.02999999999999986,-0.08175299130681815,-0.05175299130681829
2026-01-01 09:00:00,-0.0,0.2079064214479065,-0.0,-0.0004243834930476309,-0.17340086345700362,0.03408117449785525,-0.6242311602546973,-0.621201780540933
2026-01-01 10:00:00,-0.0,0.24830464515582762,-0.0,0.008854959316415223,-0.18199326075546904,0.0751663437167738,0.8210691544461879,0.5235144298384019
2026-01-01 11:00:00,-0.0,0.23130449127098862,-0.0,-0.016146689081746657,-0.22856773876350606,-0.013409936574264092,0.34140586557200153,0.6421045869007787
2026-01-01 12:00:00,-0.0,0.2191356853231783,-0.0,-0.014272367574319322,-0.2529602137910311,-0.048096896042172155,0.10169740641033827,0.4388632625086333
2026-01-01 13:00:00,-0.0,0.25974484790708074,-0.0,-0.0011740218811647773,-0.2701547144212112,-0.011583888395295228,0.06949198904035965,0.32122605815024435
2026-01-01 14:00:00,-0.0,0.23822627238771976,-0.36,0.02251612875371478,-0.2851980142407981,-0.38445561309936355,-0.2627219375058716,-0.4544419157150885
2026-01-01 15:00:00,-0.0,0.25506279400068277,-1.2,0.01057365321877446,-0.28716622229706323,-1.221529775077606,0.3601519456878136,-1.1340429788188455
2026-01-01 16:00:00,-0.0,0.25346779157437815,-0.48,0.019373169618884356,-0.2372703597665251,-0.4444293985732626,0.8869635677459994,-0.2378916181185705
2026-01-01 17:00:00,-0.0,0.2733249178976195,-0.0,0.004522559747010324,-0.20907699544402863,0.06877048220060117,0.0256418234360835,-0.04832266523445765
2026-01-01 18:00:00,-0.0,0.2515321420930191,-0.0,0.01358588548537476,-0.24125247252467025,0.02386555505372362,-0.11595902050484802,-0.12108706459179899
2026-01-01 19:00:00,-0.0,0.20550016925005,-0.36,0.010360857305896864,-0.24881201099653438,-0.3929509844405875,0.6759637003868292,0.21036047719116224
2026-01-01 20:00:00,-0.0,0.16985977039047628,-1.2,0.0033760390648472915,-0.2820681085318485,-1.308832299076525,0.6667401672828723,-0.5158758454789554
2026-01-01 21:00:00,-0.0,0.22347021687074053,-0.48,-0.00011540614338734212,-0.3739606651287132,-0.63060585440136,-0.45984964300779707,-1.3999810046965302
2026-01-01 22:00:00,-0.0,0.24920945404664507,-0.0,-0.001895520373987658,-0.34474655704261675,-0.09743262336995934,0.6290701889787119,-0.30835103720916546
2026-01-01 23:00:00,-0.0,0.24125079702560326,-0.0,-0.026818631871766807,-0.3046429331255232,-0.09021076797168676,0.42010944989631077,0.1448880595991247
2026-01-02 00:00:00,-0.0,0.07325448266570556,-0.0,-0.01700778440690287,-0.31333079235487804,-0.25708409409607536,-0.054329749256267344,-0.2244810075928679
2026-01-02 01:00:00,-0.0,-0.0011485659003698245,-0.36,-0.01131564105914279,-0.3075918383458457,-0.6800560453053583,0.1802728621207655,-0.6344717877403137
2026-01-02 02:00:00,-0.0,0.019375798845237324,-1.2,-0.021893791512965943,-0.27191235831187466,-1.474430350979603,-0.1504685027258088,-2.0055819263496
2026-01-02 03:00:00,-0.0,0.02278797748079997,-1.2,0.0007955966957953198,-0.23558410623839113,-1.4120005320617959,-0.4247629684020355,-3.040112656273591
2026-01-02 04:00:00,-0.0,0.03906698571182743,-0.48,-0.03427639435990859,-0.2555639378653701,-0.7307733465134513,-0.3720000313427444,-2.9268409716203503
2026-01-02 05:00:00,-0.0,0.0761787243432912,-0.0,-0.0355702444724072,-0.2609257794389793,-0.22031729956809532,0.0806202715869103,-1.8958016109533953
2026-01-02 06:00:00,-0.0,0.08961366427877293,-0.0,-0.04076591056937068,-0.26218336692870503,-0.21333561321930278,0.028322245564167414,-1.3224943342271724
2026-01-02 07:00:00,-0.03592265633042291,0.14421888304906816,-0.0,-0.018804856099371547,-0.27524994664833446,-0.18575857602906076,0.659838806718253,-0.3194163698471112
2026-01-02 08:00:00,-0.029832086040084027,0.11104276907927624,-0.0,-0.032841012842927675,-0.21757123551585644,-0.1692015653195919,0.39505303629498634,0.03420164906712775
2026-01-02 09:00:00,-0.056587001847112406,0.1262588603301913,-0.36,0.024234418348521247,-0.26600859330743565,-0.5321023164758355,0.06639046665285118,-0.4451908603827076
2026-01-02 10:00:00,-0.08746038154810654,0.16265916321001517,-1.2,0.060587755583292435,-0.3060248495837008,-1.3702383123384998,0.08244328491150839,-1.5549095436566158
2026-01-02 11:00:00,-0.07186631679713851,0.16325284512053817,-0.48,0.08479211510919937,-0.5236391031052022,-0.8274604596726032,-0.025903500126884936,-1.7863096859934575
2026-01-02 12:00:00,-0.08520317825356782,0.13851017201907212,-0.36,0.10406403443874601,-0.6815391606560246,-0.8841681324517743,0.21173077241573263,-1.7442231716321162
2026-01-02 13:00:00,-0.09247196533553836,0.15368536013142498,-1.2,0.0920882035149434,-0.7901867178359346,-1.8368851195251046,0.24541891667008592,-2.6380001058342883
2026-01-02 14:00:00,-0.0689866000356858,0.1558903736888616,-1.2,0.08805650336638404,-0.9075607421373313,-1.9326004651177713,0.1272591859548196,-3.3881413426635247
2026-01-02 15:00:00,-0.06824617246029607,0.15985203747470833,-0.48,0.06174770202161828,-0.9591749161082609,-1.2858213490722303,-0.3624691125556782,-3.6811752672260227
2026-01-02 16:00:00,-0.09406100152679642,0.18286171143181218,-1.2,0.05026097195084267,-0.9910919747545129,-2.0520302928986545,-0.07774781488054794,-4.338483268114816
2026-01-02 17:00:00,-0.10888406837642561,0.21962690933110451,-0.48,0.035435966509022476,-0.9841335371325517,-1.3179547296688503,-0.27337356055099665,-4.194418251088737
2026-01-02 18:00:00,-0.12069074994926843,0.21413898285228594,-1.2,0.021992054556705276,-0.9631794757515406,-2.0477391882918177,-0.3722979282305429,-4.936688067175602
2026-01-02 19:00:00,-0.0720816681194183,0.17574132051332025,-1.2,0.02763710943710118,-0.750272489573618,-1.8189757277426146,0.1748457565448139,-4.606142811503162
2026-01-02 20:00:00,-0.06415484053570619,0.15709155788676188,-1.2,0.011607353717301816,-0.6107023062745349,-1.7061582352061775,-0.13706270472126764,-4.606906626829342
2026-01-02 21:00:00,-0.08813626848743117,0.09574826090085242,-0.48,-0.004158621768899862,-0.5054795100280003,-0.9820261393834788,0.30658564555931017,-3.4395844699217735
2026-01-02 22:00:00,-0.0930481980637834,0.05242779464068659,-0.0,0.013072715414014002,-0.42949605899091303,-0.45704374699999584,0.36366462782088177,-2.157129801132178
2026-01-02 23:00:00,-0.06104706321744735,0.039516350397953204,-0.0,-0.005152632655081701,-0.3638509911702737,-0.39053433664484954,0.22737859090475643,-1.4574336264193999
2026-01-03 00:00:00,-4.037594353611951e-05,0.030298359298814415,-0.36,-0.023839649826134568,-0.3350227902234244,-0.6886044566942806,-0.04132205240807509,-1.6043866849539956
2026-01-03 01:00:00,-0.03201330986442019,0.09371775124545689,-1.2,-0.01968047767247394,-0.3163711317451214,-1.4743471680365587,0.5448286828688108,-1.8921504961401454
2026-01-03 02:00:00,-0.0,0.0931398592710978,-1.2,-0.024936858316628396,-0.25637411286096035,-1.3881711119064906,0.25163993025528986,-2.271821479335288
2026-01-03 03:00:00,-0.0,0.15634127914242102,-1.2,-0.039827410555440035,-0.272788242903069,-1.3562743743160879,0.6255232022220981,-2.0938440596951624
2026-01-03 04:00:00,-0.0,0.18258683349980143,-1.2,-0.03867896189565628,-0.22238747597435182,-1.2784796043702065,0.07909071388983359,-2.45569532629747
2026-01-03 05:00:00,-0.0,0.153440027815404,-0.48,-0.021785425808445336,-0.22976997112208267,-0.578115369115124,-0.45019190313790297,-2.5017244680315085
2026-01-03 06:00:00,-0.0,0.16513582497494506,-0.36,-0.01310039642052896,-0.19939097844115483,-0.4073555498867387,-0.003739437744537277,-1.912129668450181
2026-01-03 07:00:00,-0.0,0.1656793168628088,-1.2,-0.018794562382160762,-0.2234776094663033,-1.2765928549856553,0.25085463508650924,-2.173016020969255
2026-01-03 08:00:00,-0.0,0.19152272660477498,-1.2,-0.02404737028858489,-0.19814322796017586,-1.2306678716439856,0.18602399836076672,-2.348453485864772
2026-01-03 09:00:00,-0.0,0.1919269086392953,-0.48,-0.031252812443314626,-0.22148081164352879,-0.5408067154475481,0.3909955799167382,-1.5588832270496733
2026-01-03 10:00:00,-0.0,0.17796070414446152,-1.2,-0.03241460406307212,-0.24057236026386172,-1.2950262601824722,0.4132845875129791,-1.817071608899297
2026-01-03 11:00:00,-0.0,0.15171389569081561,-0.48,-0.04435421567873904,-0.1951914947755097,-0.5678318147634331,-0.07661389837811207,-1.7346886784811235
2026-01-03 12:00:00,-0.0,0.1968524436103567,-0.0,-0.056298164053474486,-0.27831209419947567,-0.13775781464259346,-0.4377764783796166,-1.616347500110884
2026-01-03 13:00:00,-0.0,0.1516865890939969,-0.0,-0.06353851641384184,-0.28561720969375437,-0.1974691370135993,0.7988214989995704,-0.3684561380805592
2026-01-03 14:00:00,-0.0,0.15862032269791837,-0.36,-0.08173880205780382,-0.25079175246679697,-0.5339102318266824,0.36312197998382884,-0.3918619346911891
2026-01-03 15:00:00,-0.0,0.18979333230702733,-1.2,-0.09116423537239415,-0.2492244783751468,-1.3505953814405134,0.38244444805137456,-1.2032680942038523
2026-01-03 16:00:00,-0.0,0.20767114455595992,-1.2,-0.08346129721528756,-0.2697712941746999,-1.3455614468340276,0.1416188595208932,-1.9259034438354459
2026-01-03 17:00:00,-0.0,0.20890106165304378,-0.48,-0.09277239250077357,-0.23341017955754292,-0.5972815104052727,-0.02228101090456453,-1.7751045876111047
2026-01-03 18:00:00,-0.0,0.19186717768667694,-0.0,-0.07717112549825839,-0.24723824749660536,-0.1325421953081868,0.939676286476103,-0.2579286613987466
2026-01-03 19:00:00,-0.0,0.21622069201028737,-0.0,-0.0264375012077116,-0.22714090639435414,-0.03735771559177836,-0.29140130828841404,-0.48351622071944034
2026-01-03 20:00:00,-0.0,0.24510210381904096,-0.0,0.02956470675895939,-0.20637007357550263,0.06829673700249772,-0.137661849273835,-0.3594748447030015
2026-01-03 21:00:00,-0.0,0.26331888396066283,-0.36,0.06714513817101919,-0.155962345831477,-0.18549832369979496,0.15366175269885585,-0.24752147782274003
2026-01-03 22:00:00,-0.0,0.25055194183224005,-1.2,0.09612086539469744,-0.2074214420970849,-1.0607486348701474,0.14724098788445067,-1.0620205336793407
2026-01-03 23:00:00,-0.0,0.2067501980987666,-1.2,0.11508044012221186,-0.2203648520308995,-1.098534213809921,-0.2776722730153872,-2.0134188070329126
2026-01-04 00:00:00,-0.0,0.2093631371004574,-1.2,0.12090770857785038,-0.2258645760789077,-1.0955937304005998,-0.8516981456825046,-3.1553431603028517
2026-01-04 01:00:00,-0.0,0.2177857916782422,-0.48,0.11400629970412512,-0.24394249490967335,-0.392150403527306,-0.5880182167606538,-2.8733745164696707
2026-01-04 02:00:00,-0.0,0.23322665634797823,-1.2,0.11646260658890828,-0.2548436384767052,-1.1051543755398185,-0.0634071856094368,-2.8925862710310577
2026-01-04 03:00:00,-0.0,0.22966123530913074,-0.48,0.1122697631328129,-0.2328440626805836,-0.37091306423863996,-0.019499007247957913,-2.1259638341052325
2026-01-04 04:00:00,-0.0,0.2211904395121772,-0.36,0.12276631453034881,-0.26848500957040067,-0.28452825552787464,-0.6001222072067202,-2.160228763197734
2026-01-04 05:00:00,-0.0,0.20921157997112194,-1.2,0.10958226471172328,-0.33226819023374915,-1.2134743455509038,-0.22556145363803062,-2.7351730571075747
2026-01-04 06:00:00,-0.0,0.18835626426482344,-0.48,0.11835983243447057,-0.3413575336628826,-0.5146414369635885,-0.27657646611070114,-2.4323217373388344
2026-01-04 07:00:00,-0.0,0.1515533967335334,-1.2,0.11048907714265055,-0.3475678125769302,-1.2855253387007461,0.026278904719636887,-2.7186394763844097
2026-01-04 08:00:00,-0.0,0.14157401794686242,-0.48,0.11463637832109586,-0.2922725526578693,-0.516062156389911,0.00925786962985212,-2.137987972590705
2026-01-04 09:00:00,-0.0,0.1600615720455798,-1.2,0.12181751746407654,-0.2560765358694581,-1.1741974463598017,-0.20319826334793548,-2.6601884932621602
2026-01-04 10:00:00,-0.0,0.17217152302462524,-0.48,0.11513045709642222,-0.18040529691088525,-0.37310331678983777,-0.16534317741249788,-2.1345595901596317
2026-01-04 11:00:00,-0.0,0.20083598081905274,-0.36,0.12738024802337333,-0.22712442695602336,-0.2589081981135973,-0.15831278028425042,-1.6979567324936264
2026-01-04 12:00:00,-0.000792537534323623,0.21158598027047937,-1.2,0.12050058264803154,-0.25082286727455955,-1.1195288418903722,0.018805629914222414,-2.1194972514723256
2026-01-04 13:00:00,-0.011535550489819135,0.2175748371478251,-1.2,0.1095540320509677,-0.2562117177000474,-1.1406183989910736,-0.3673073248952566,-2.7796240747697256
2026-01-04 14:00:00,-0.047541466913881614,0.1705201429653036,-0.48,0.11483517960037981,-0.2756428552580324,-0.5178289996062306,0.36388159459232133,-1.8217218498757446
2026-01-04 15:00:00,-0.01589213666949152,0.19163477673245433,-0.36,0.09561147748804444,-0.22911598558355437,-0.31776186803254713,0.19745877105626147,-1.2133362069017324
2026-01-04 16:00:00,-0.03511802081223947,0.13137208277657453,-1.2,0.06480532778227854,-0.1833951556657763,-1.2223357659191625,0.060947118267715976,-1.889390371792486
2026-01-04 17:00:00,-0.07402450314062015,0.08816963456989091,-0.48,0.05162064245330167,-0.21543636428654234,-0.6296705904039699,0.8081071358165135,-0.955197677662948
2026-01-04 18:00:00,-0.07556637271973177,0.039583907984868216,-0.0,0.030482136101524504,-0.1710962865320424,-0.17659661516538144,-0.456362362449604,-1.2060775842127542
2026-01-04 19:00:00,-0.03528284157898076,0.029596971402580885,-0.0,0.04089158209668209,-0.17252382119523837,-0.13731810927495616,0.4796471286442618,-0.3813175311583468
2026-01-04 20:00:00,-0.10896319416691669,0.1300658189659465,-0.0,0.05104027281160828,-0.19088249147104525,-0.11873959386040717,-0.1185348001979623,-0.4660649127533775
2026-01-04 21:00:00,-0.11403009437670653,0.15713405010815906,-0.0,0.037275643650304446,-0.20651704736817056,-0.12613744798641358,0.19211224392941292,-0.21366415170902717
2026-01-04 22:00:00,-0.10903703820753519,0.16333807290363178,-0.0,0.028416135849311908,-0.19645707237944635,-0.11373990183403784,0.4223001831188393,0.18036179025938517
2026-01-04 23:00:00,-0.13919553305219434,0.14757888407564201,-0.36,0.027414532392957658,-0.25555033017196804,-0.5797524467555627,-0.04032668704539539,-0.511862059645327
2026-01-05 00:00:00,-0.13023404459608745,0.17459918497189142,-1.2,-0.005174399800180252,-0.170937989461447,-1.331747248885823,-0.33026601116470866,-1.969130495837728
2026-01-05 01:00:00,-0.10986544677962229,0.19744844955049679,-0.48,-0.018081602397093555,-0.23153673021836657,-0.6420353298445856,0.3296345106989304,-1.4938791166482919
2026-01-05 02:00:00,-0.10223071544063722,0.1869665978887335,-0.36,-0.03164641730390688,-0.18105252987033718,-0.4879630647261478,0.1582583110689008,-1.226032223646222
2026-01-05 03:00:00,-0.077225832845772,0.1822013607062003,-1.2,-0.046865435636381736,-0.3892860020094516,-1.531175909785405,-0.22713801927606442,-2.4939332632492026
2026-01-05 04:00:00,-0.06823187080093174,0.10821987854940596,-0.48,-0.04953837351135537,-0.5157116318207542,-1.0052619975836352,-8.890351114552394e-05,-2.501710859044302
2026-01-05 05:00:00,-0.09052431193180754,0.1539641177157941,-0.0,-0.06277483186568628,-0.4453624142349464,-0.4446974403166461,-0.7619439144855176,-2.707667870228745
2026-01-05 06:00:00,-0.06094674049228499,0.045309999320192196,-0.36,-0.05553881167981889,-0.3951334135531796,-0.8263089664050913,-0.37741356471613635,-2.8283232532584743
2026-01-05 07:00:00,-0.1355741726155848,-0.01660544730736302,-1.2,-0.058920995491471895,-0.32669807356737124,-1.737798688981791,-0.041936603698761434,-3.476729244635637
2026-01-05 08:00:00,-0.11633470810272883,0.006783109153431832,-1.2,-0.05754545070174821,-0.33106488301409476,-1.69816193266514,0.4936420677121557,-3.2905574117343663
2026-01-05 09:00:00,-0.13521307540911232,-0.008863078464360519,-0.48,-0.0671659510731924,-0.30905505389399685,-1.0002971588406622,-0.0723608973638689,-3.0469925032451504
2026-01-05 10:00:00,-0.18036886992474743,-0.01001176504921375,-0.0,-0.06674025318254118,-0.2750739108961676,-0.53219479905267,-0.13992687628880018,-2.50031717728856
2026-01-05 11:00:00,-0.23264366014745774,0.030730574752085738,-0.0,-0.06793849823834142,-0.2110668408541106,-0.480918424487824,0.27670829782458517,-1.704400433036375
2026-01-05 12:00:00,-0.1705688660904936,0.07878735112014013,-0.0,-0.058902317346667565,-0.26691372418722753,-0.41759755650424857,-0.12374449974358193,-1.5639823160696555
2026-01-05 13:00:00,-0.13149445468862786,0.11805849755737574,-0.0,-0.061147621296521404,-0.31767178711376065,-0.3922553655415342,-0.46192849641606726,-1.7925732515993946
2026-01-05 14:00:00,-0.14901940708852912,0.07207192736198653,-0.0,-0.06217846791025161,-0.3076480111647111,-0.4467739588015053,-0.07881017837034583,-1.601128088131488
2026-01-05 15:00:00,-0.18291955437000795,0.04816219557744128,-0.0,-0.06354957149646367,-0.30173861635841925,-0.5000455466474496,0.7054670520665454,-0.7552553474597969
2026-01-05 16:00:00,-0.17700261201909262,-0.007399141135897347,-0.0,-0.058674700220866516,-0.24248833852780813,-0.48556479190366464,-0.28864063624969133,-1.2273586366292342
2026-01-05 17:00:00,-0.20186191400909048,-0.08344416522944476,-0.0,-0.07242925474989742,-0.23397171227115063,-0.5917070462595833,-0.08833692516562772,-1.4164591534027515
2026-01-05 18:00:00,-0.18013312216904653,-0.019139135033948373,-0.0,-0.05950922730121655,-0.2446732859198863,-0.5034547704240977,-0.5091848882644997,-1.8625151507302484
2026-01-05 19:00:00,-0.14846628622621072,0.007559905827341562,-0.0,-0.029633408416240015,-0.26080236694971054,-0.4313421557648197,-0.8511090660631118,-2.3999603122660806
2026-01-05 20:00:00,-0.16488476861004986,0.050129371345587814,-0.36,-0.0286536838374431,-0.25810015786429363,-0.7615092389661988,-0.10085980400809828,-2.3023452303339456
2026-01-05 21:00:00,-0.1719200839195245,0.10534695005760575,-1.2,-0.0321644637566042,-0.2725862745053355,-1.5713238721238583,0.3012569074249988,-2.651474102899227
2026-01-05 22:00:00,-0.19822622189394634,0.10170197539677961,-1.2,-0.01813440007412992,-0.24403141101808562,-1.5586900575893823,-0.002301127416182069,-3.1518756467451006
2026-01-05 23:00:00,-0.20061462956630227,0.12141887219478986,-0.48,-0.009899359126906815,-0.26596798451651743,-0.8350631010149367,-0.4659345574220899,-3.1921230464840864
2026-01-06 00:00:00,-0.1873460312212194,0.14468026878347606,-1.2,-0.001746197850802489,-0.2886488054522463,-1.533060765740792,0.24544168771702504,-3.2028929059142186
2026-01-06 01:00:00,-0.14439046218569485,0.17530439487890315,-0.48,-0.011329872284551401,-0.3461943786699163,-0.8066103182612594,-0.12036964468997938,-2.8487157064997697
2026-01-06 02:00:00,-0.171136466466548,0.19655237582731722,-0.0,0.0037876659920579314,-0.3290524977952979,-0.29984892244247074,0.4560807294154476,-1.5529976169268846
2026-01-06 03:00:00,-0.18638732572827865,0.173672711638167,-0.0,-0.01401780199100544,-0.26802213858265167,-0.29475455466376876,-0.25421764096329175,-1.4807707657831912
2026-01-06 04:00:00,-0.15560898741901275,0.1463529635952301,-0.0,-0.004236509175221725,-0.271509554663499,-0.2850020876625034,-0.558769409136728,-1.732233956269146
2026-01-06 05:00:00,-0.08730115946755213,0.19423729568756287,-0.0,-0.009656592301109101,-0.20220133607763907,-0.10492179215873743,0.37126456318950435,-0.7729976027307206
2026-01-06 06:00:00,-0.13424431918596125,0.1869588277377825,-0.0,-0.010257392825728628,-0.2311245459228966,-0.188667430196804,-0.2265805179876007,-0.879046509822837
2026-01-06 07:00:00,-0.07055542421595584,0.160665244559961,-0.0,-0.008632548724087696,-0.3128420228794979,-0.23136475125958045,0.2923273165103591,-0.4664653406429236
2026-01-06 08:00:00,-0.06334702843094542,0.17042787049006902,-0.0,-0.029694093325340176,-0.24526276975436007,-0.16787602102057664,-0.5551398987386715,-1.0028951241450024
2026-01-06 09:00:00,-0.0599756160898528,0.15282738431892795,-0.0,-0.012030359508968136,-0.20798062612437318,-0.12715921740426617,0.13551749078390624,-0.5933788011073613
2026-01-06 10:00:00,-0.03825740182406401,0.18136039046707375,-0.0,0.001450885388784795,-0.21701342608004773,-0.07245955204825319,-0.19225264947454437,-0.6207394821872143
2026-01-06 11:00:00,-0.03456450528856614,0.20167128105448673,-0.0,-0.005165661975952918,-0.2363489728355216,-0.07440785904555391,-1.0139035446450537,-1.4607550930029363
2026-01-06 12:00:00,-0.020643931174113783,0.22145368583910685,-0.0,-0.011807517236968101,-0.2835364941066051,-0.09453425667858012,-0.2554366250166753,-1.2264239374970172
2026-01-06 13:00:00,-0.0,0.23057311967322947,-0.0,-0.02938389030256039,-0.262939964383752,-0.061750735013082925,-0.47396948990772586,-1.271574587419019
2026-01-06 14:00:00,-0.0403966968981071,0.2372700334852279,-0.36,-0.027263798001323503,-0.14487481027905713,-0.3352652716932598,0.7049688640537868,-0.3932411600908843
2026-01-06 15:00:00,-0.012340565712354534,0.22364714802857233,-1.2,-0.013280384234493625,-0.2355214421540444,-1.2374952440723201,0.5858244667536379,-0.8876154733732129
2026-01-06 16:00:00,-0.0,0.22849239897112517,-1.2,-0.002287314890995873,-0.22897411108665358,-1.2027690270065243,0.17197123082642202,-1.56336708020403
2026-01-06 17:00:00,-0.0,0.19208429379416692,-1.2,0.016225066818471467,-0.24578440931490814,-1.2374750487022697,-0.5234968089599158,-2.6989921057846034
2026-01-06 18:00:00,-0.0,0.20379418962891493,-0.48,0.00038211074084359975,-0.2692832510358083,-0.5451069506660497,-0.3491490274512127,-2.5136512415880246
2026-01-06 19:00:00,-0.0,0.1939252597822445,-1.2,0.02210411270799606,-0.2930543217643767,-1.2770249492741361,-0.15512433884104665,-2.940340033067997
2026-01-06 20:00:00,-0.0,0.20936437519290496,-0.48,0.03301916468053456,-0.31153417166633957,-0.5491506317929,-0.12576283467066038,-2.439117486304359
2026-01-06 21:00:00,-0.0,0.2521163634085334,-0.0,0.02187588670913987,-0.2822338518407476,-0.008241601723074365,0.015461729757482112,-1.4562503637482076
2026-01-06 22:00:00,-0.0,0.19643518446150998,-0.0,0.02404960719089011,-0.2758951227258856,-0.05541033107348553,-0.10769844712830878,-1.0368589964507189
2026-01-06 23:00:00,-0.0,0.18731293286281603,-0.36,0.030942486278125902,-0.2896003685616412,-0.43134494942069923,-0.4991449853872133,-1.5526053326783438
2026-01-07 00:00:00,-0.0,0.20873390722223428,-1.2,0.02431187776536825,-0.36793261817870304,-1.3348868331911006,0.39758516732345817,-1.8688648654746487
2026-01-07 01:00:00,-0.0,0.1693274649055878,-0.48,0.022189068035699422,-0.32450987126644887,-0.6129933383251616,0.39645394185856886,-1.337858315751382
2026-01-07 02:00:00,-0.0,0.15784372886748832,-0.36,0.01446455824016013,-0.37946077360228747,-0.567152486494639,0.2446989887383456,-1.1251684872071226
2026-01-07 03:00:00,-0.0,0.16143906062801427,-1.2,0.00422382378073205,-0.3341720187466193,-1.368509134337873,0.005823573500984793,-2.0377866531611617
2026-01-07 04:00:00,-0.0,0.1768163095214319,-0.48,-0.007011142984346297,-0.35009848382156605,-0.6602933172844805,-0.13893264033615213,-2.0218979495173297
2026-01-07 05:00:00,-0.0,0.19121669839694677,-0.0,0.0011671818994933858,-0.31142326258891695,-0.11903938229247679,-0.587632246947733,-1.9198103989506077
2026-01-07 06:00:00,-0.0,0.21646558878173994,-0.0,-0.0004205440246582426,-0.35349137750233106,-0.13744633274524937,0.12597603117938555,-1.1633565409362283
2026-01-07 07:00:00,-0.0,0.1922161892289569,-0.0,-0.0016258847984300107,-0.3076263083518226,-0.1170360039212957,0.17144240409764783,-0.6436075243853847
2026-01-07 08:00:00,-0.0,0.15959657844131436,-0.0,0.011782901674721735,-0.22265441824663973,-0.05127493813060363,-0.10747941597753956,-0.544918868739374
2026-01-07 09:00:00,-0.0,0.1457228174185755,-0.0,0.017061175862403966,-0.24122858891962146,-0.07844459563864198,-0.043842448280361525,-0.44923836516262794
2026-01-07 10:00:00,-0.0,0.17285477031495833,-0.0,0.016618444621684825,-0.20610829891527271,-0.01663508397862956,0.13317238523367833,-0.153005717842528
2026-01-07 11:00:00,-0.0,0.13690483526349584,-0.36,0.004366379369095563,-0.2602187398473942,-0.47894752521480277,0.08753200121738339,-0.4832189547029362
2026-01-07 12:00:00,-0.0,0.1515784731174581,-1.2,0.00711643024075681,-0.21423917309444812,-1.2555442697362333,0.013179357604787494,-1.5322962849532076
2026-01-07 13:00:00,-0.0,0.16686352369355828,-0.48,-0.011479372438498336,-0.20202394764215664,-0.5266397963870967,-0.08531069248153604,-1.5313282598405573
2026-01-07 14:00:00,-0.0,0.16622109638652172,-0.36,-0.011069650157182365,-0.251943857058694,-0.4567924108293546,0.08861749092706352,-1.2869718758066253
2026-01-07 15:00:00,-0.0,0.18268437512314417,-1.2,0.0027044476279686203,-0.24308426608126824,-1.2576954433301553,0.08980968533741461,-1.940068883476716
2026-01-07 16:00:00,-0.0,0.23673542300824224,-1.2,0.02149088140169253,-0.23804325347549862,-1.179816949065564,0.516770795340595,-1.8270874838109985
2026-01-07 17:00:00,-0.0,0.2580326942412472,-0.48,0.028511241537465093,-0.24457954445317656,-0.4380356086744642,-0.2247206868077829,-1.7590087857688463
2026-01-07 18:00:00,-0.0,0.2044632603424139,-1.2,0.010923034465624704,-0.21339938714139622,-1.1980130923333576,0.28073428436794573,-1.9726840794267197
2026-01-07 19:00:00,-0.0,0.19269876068211278,-0.48,0.027592865132192057,-0.17877751903081016,-0.43848589321650533,-0.10765763209159104,-1.7297539729641283
2026-01-07 20:00:00,-0.0,0.2238616739089535,-0.0,0.02571470324640157,-0.19275379133907952,0.056822585816275556,0.3265763545794959,-0.6544534433827056
2026-01-07 21:00:00,-0.0,0.20621233981680764,-0.0,0.067585691451297,-0.23447979472311445,0.0393182365449902,0.014030878125214849,-0.33932295135941826
2026-01-07 22:00:00,-0.0,0.18435430453410717,-0.0,0.0943691423871813,-0.3883857479788867,-0.10966230105759822,-0.26506096702126575,-0.5783170388945149
2026-01-07 23:00:00,-0.0,0.19328661628762167,-0.0,0.11907909290818774,-0.531322730796864,-0.21895702160105457,-0.3193612751970398,-0.8853085201348032
2026-01-08 00:00:00,-0.0,0.19580145994954334,-0.0,0.13930123213364243,-0.5663882985854729,-0.23128560650228713,0.28458004699450673,-0.47789067158866233
2026-01-08 01:00:00,-0.0,0.1836229617020818,-0.36,0.15894071594674863,-0.6386428560306321,-0.6560791783818016,-0.3251485382703072,-1.2679621196053064
2026-01-08 02:00:00,-0.0,0.22634587819248608,-1.2,0.16816108926941153,-0.47645121427556336,-1.2819442468136657,0.12540479657495973,-1.9173167220018894
2026-01-08 03:00:00,-0.0,0.2202880249124891,-0.48,0.17232056229311554,-0.40884123466498756,-0.4962326474593829,-0.00028277588098816635,-1.6469054565415049
2026-01-08 04:00:00,-0.0,0.2235031886824128,-0.0,0.12430806962770169,-0.34732278872518124,0.0004884695849332599,-0.5375002809447182,-1.5251550852846878
2026-01-08 05:00:00,-0.0,0.1557469897313708,-0.0,0.11140318527972637,-0.2910427383003503,-0.023892563289253155,-0.4383388733709204,-1.3773244878309863
2026-01-08 06:00:00,-0.0,0.1026568773617198,-0.0,0.07003314979770614,-0.256564402984798,-0.08387437582537205,0.013712714503726292,-0.8965563540202376
2026-01-08 07:00:00,-0.0,0.0480862663023619,-0.0,0.03947681502656886,-0.32133689152805367,-0.2337738101991229,0.15701534669356024,-0.6146922759177053
2026-01-08 08:00:00,-0.0,-0.0025984414513482434,-0.36,0.018472517081555617,-0.28458892771743893,-0.6287148520872315,-0.44117873323746826,-1.438708950875323
2026-01-08 09:00:00,-0.0,-0.010201830666269451,-1.2,-0.0043627505529601485,-0.2832544507960538,-1.4978190320152835,-0.5714266923067681,-2.932471094847245
2026-01-08 10:00:00,-0.0,0.060997211840415066,-1.2,-0.008840593981266798,-0.272320697824654,-1.4201640799655055,0.14289498000983464,-3.036751756864018
2026-01-08 11:00:00,-0.0,0.06723665219802155,-0.48,-0.01501873586294794,-0.24231229031082496,-0.6700943739757513,-0.047521927564339254,-2.5396673556585014
2026-01-08 12:00:00,-0.0,0.1511843279799966,-0.36,-0.015826690475872873,-0.15582609462256602,-0.3804684571184423,-0.4273237059610376,-2.3315925764745806
2026-01-08 13:00:00,-0.0,0.16228031810375398,-1.2,-0.018778990862155676,-0.21720710082299932,-1.2737057735814008,-0.5313067979163321,-3.203968117382481
2026-01-08 14:00:00,-0.0,0.20470076959159889,-0.48,-0.004900451279371498,-0.14241278394029022,-0.4226124656280628,-0.5269133302927267,-2.871906666350278
2026-01-08 15:00:00,-0.0,0.18809880287836944,-0.0,0.002829588843083708,-0.1424164454621189,0.04851194625933425,0.020548818847346034,-1.6540832347034866
2026-01-08 16:00:00,-0.0,0.21832163573397534,-0.0,0.01299735157157833,-0.16339246848513347,0.0679265188204202,0.32327358470045137,-0.6012498373012203
2026-01-08 17:00:00,-0.0,0.22001017745703821,-0.36,0.017835158282778818,-0.20813105870805565,-0.3302857229682386,-0.0703812981497155,-0.7614169234986863
2026-01-08 18:00:00,-0.0,0.208920448380286,-1.2,-0.004403787804072579,-0.2761192357002481,-1.2716025751240347,0.24896461034149361,-1.479488118881753
2026-01-08 19:00:00,-0.0,0.22862351404204495,-0.48,0.0016321331213619006,-0.25607461274330817,-0.5058189655799012,0.19819866380949758,-1.1953131730994553
2026-01-08 20:00:00,-0.0,0.23108670966938516,-0.0,-0.005554222604460812,-0.20183374183219846,0.023698745232725887,0.32639734248469165,-0.3670918161422556
2026-01-08 21:00:00,-0.0,0.2685862035370783,-0.0,-0.0006885249283655193,-0.24059356283682357,0.02730411577188921,0.4593932912771764,0.2664423173637122
2026-01-08 22:00:00,-0.0,0.2625880170455923,-0.0,0.009218040452766307,-0.22521219331228348,0.04659386418607514,0.5677490095195948,0.7742082641238973
2026-01-08 23:00:00,-0.0,0.237856198914706,-0.0,0.03005688921023031,-0.2093667907220316,0.05854629740290471,-0.13772010236318458,0.3853511535140586
2026-01-09 00:00:00,-0.0,0.24933100770092909,-0.0,0.021794417201582705,-0.2605297001619937,0.010595724740518064,0.23447802664302544,0.4762844434919786
2026-01-09 01:00:00,-0.0,0.2881485530891388,-0.0,0.00839251863548185,-0.2587454128555793,0.03779565886904135,-0.048132647665031975,0.27543367729919654
2026-01-09 02:00:00,-0.0,0.1544874056473745,-0.0,-0.010870729787432754,-0.2598505539864485,-0.11623387812650676,-0.14664886841182745,-0.0976225401588163
2026-01-09 03:00:00,-0.0,0.07293730652113362,-0.36,-0.01665564772809086,-0.2587252865082941,-0.5624436277152514,0.38744666895306784,-0.23357048285747334
2026-01-09 04:00:00,-0.0,-0.03205777657232389,-1.2,-0.003267053614085358,-0.2348419425794417,-1.470166772765851,-0.4471932408727613,-2.0575023033530964
2026-01-09 05:00:00,-0.0,-0.11068444156609192,-0.48,-0.0028215804275856238,-0.2568641488955947,-0.8503701708892722,-0.009056324953288125,-2.093927877854418
2026-01-09 06:00:00,-0.0,-0.05205847156590504,-0.0,0.002948437779698554,-0.2464651713986319,-0.2955752051848384,0.030578500302252176,-1.5213534315952368
2026-01-09 07:00:00,-0.0,-0.015944089950109097,-0.36,0.006393240180055493,-0.4346181973840135,-0.8041690471540671,0.40026873974960675,-1.3167123663616025
2026-01-09 08:00:00,-0.0,0.02690165010060086,-1.2,-0.011865151403288532,-0.500751957427009,-1.6857154587296967,-0.7235022415110393,-3.1992451200576975
2026-01-09 09:00:00,-0.0,0.07414018508853593,-0.48,-0.017781280639916686,-0.4640313841642426,-0.8876724797156234,0.13124637199182007,-2.675973179758422
2026-01-09 10:00:00,-0.0,0.09101237595818157,-0.0,-0.031260622911128466,-0.4326165045641315,-0.3728647515170784,-0.09871155152054702,-2.0771602108926785
2026-01-09 11:00:00,-0.0,0.059200514767190016,-0.0,-0.036235790115285105,-0.4396094353920509,-0.416644710740146,0.35116879755675,-1.3117720397190031
2026-01-09 12:00:00,-0.0,0.10733358209122301,-0.0,-0.008610588839532585,-0.35579554686838744,-0.257072553616697,-0.1293524615102388,-1.1734882389583376
2026-01-09 13:00:00,-0.0,0.0931609071404379,-0.0,-0.007606758219410925,-0.2726780407463978,-0.18712389182537081,0.596265760986692,-0.2949510742136814
2026-01-09 14:00:00,-0.0,0.097901858602649,-0.0,-0.035612335407412765,-0.26982303317249673,-0.2075335099772605,0.24894185617126202,-0.1355622983342073
2026-01-09 15:00:00,-0.0,0.12239408610208113,-0.0,-0.024953534138697275,-0.24906428153485585,-0.151623729571472,0.29171768063807746,0.05875657206608109
2026-01-09 16:00:00,-0.0,0.10765487803988616,-0.36,-0.05154311340381135,-0.2693814426427149,-0.5732696780066401,-0.093829263969501,-0.6318449987364924
2026-01-09 17:00:00,-0.0,0.09843883036256484,-1.2,-0.07419742260158546,-0.25214567710095337,-1.427904269339974,0.035037746296416906,-1.7719735222854525
2026-01-09 18:00:00,-0.0,0.1408877270704938,-1.2,-0.07487893160354664,-0.2092152722716427,-1.3432064768046954,-0.27041611579909747,-2.676806705975064
2026-01-09 19:00:00,-0.0,0.10984634792953285,-1.2,-0.07950995030996105,-0.37325047720722515,-1.5429140795876533,-0.32361426652480835,-3.4726123696975
2026-01-09 20:00:00,-0.0,0.17357864513541854,-0.48,-0.05019232186614825,-0.5737086924710415,-0.9303223692017712,-0.1280517071771148,-3.141941498197386
2026-01-09 21:00:00,-0.0583539827198285,0.17873587930567947,-0.36,-0.05595168363967434,-0.7050931008766679,-1.0006628879304913,-0.07352240576279641,-2.959350192611719
2026-01-09 22:00:00,-0.0690978411872536,0.15338612929313966,-1.2,-0.06171045888542526,-0.8395052887999084,-2.0169274595794477,-0.31395164251509744,-4.106489217661577
2026-01-09 23:00:00,-0.09100051736059012,0.17930298576519565,-0.48,-0.07481063047147102,-0.6899882352249666,-1.156496397291832,0.06117699816028002,-3.5592129297284982
2026-01-10 00:00:00,-0.04667289337738545,0.1918385505612734,-1.2,-0.06539968395734858,-0.6266891816633373,-1.7469232084367978,-0.49299234331230557,-4.375443309586203
2026-01-10 01:00:00,-0.054179054992414155,0.17259562824842256,-0.48,-0.08052357775011226,-0.548641126270579,-0.9907481307646828,-0.39829043954101073,-4.014304556057415
2026-01-10 02:00:00,-0.0,0.23643380988664198,-0.0,-0.08136571290074923,-0.4456519307286132,-0.29058383374272045,0.1904192162609782,-2.5087473511161913
2026-01-10 03:00:00,-0.023956464977117786,0.22973600472422273,-0.36,-0.06626120786342221,-0.3692820232480218,-0.589763691364339,0.02148143391912481,-2.073530668114929
2026-01-10 04:00:00,-0.0,0.23918929530889343,-1.2,-0.0932112966783778,-0.27671421041715394,-1.3307362117866384,-0.18711191590353476,-2.7619665285591304
2026-01-10 05:00:00,-0.0,0.21162565930703447,-0.48,-0.06659202541476816,-0.2509548068586863,-0.58592117296642,-0.14128025091808538,-2.3843813410199837
2026-01-10 06:00:00,-0.0,0.20385301779694753,-0.0,-0.060210768641465906,-0.1859530340313075,-0.042310784875825874,-0.0395969583732194,-1.5125365478610355
2026-01-10 07:00:00,-0.0,0.18694893983445937,-0.0,-0.06418823894156095,-0.1422345185306724,-0.019473817637773977,-0.20670967553718156,-1.1337054218915767
2026-01-10 08:00:00,-0.0,0.15479669474721847,-0.36,-0.03217178039799162,-0.18610370321643852,-0.4234787888672117,-0.13955221567546325,-1.2432542576776209
2026-01-10 09:00:00,-0.0,0.19399271749392344,-1.2,-0.044175689006377916,-0.13513294893620925,-1.1853159204486636,0.0019750697068698832,-1.9292934053483664
2026-01-10 10:00:00,-0.0,0.12022963385826402,-0.48,-0.020547754394191098,-0.10131398594624538,-0.4816321064821725,-0.3218628876845246,-1.961071037375717
2026-01-10 11:00:00,-0.0,0.016199061010563343,-0.36,0.004803593141541773,-0.14147711647700784,-0.4804744623249027,0.7315989086969228,-0.9255181760534099
2026-01-10 12:00:00,-0.0,-0.0368067524319452,-1.2,0.03495545750049167,-0.12707327277827807,-1.3289245677097314,1.3300945004055862,-0.554140972936191
2026-01-10 13:00:00,-0.0,-0.09344427126651345,-0.48,0.03044744936041477,-0.07812210171018065,-0.6211189236162793,0.6503947527199595,-0.3032087546580343
2026-01-10 14:00:00,-0.0,-0.08388773039877606,-0.0,0.045247440685325824,-0.023309722760187005,-0.06195001247363724,0.5941368847503709,0.35026161948191303
2026-01-10 15:00:00,-0.0,-0.04006447228265986,-0.0,0.02319202801869702,-0.005246599119238041,-0.02211904338320088,-0.09822105613466636,0.08981687217128059
2026-01-10 16:00:00,-0.0,0.038103146046155056,-0.0,0.013843432466199013,-0.0575168541103185,-0.0055702755979644275,-0.47297965092769534,-0.42465980322289143
2026-01-10 17:00:00,-0.0,0.06410186858004363,-0.0,-0.011968397055158786,-0.1328705062354602,-0.08073703471057536,0.02903214606497806,-0.30650077057933217
2026-01-10 18:00:00,-0.0,0.08275909547618043,-0.36,-0.04039330732840796,-0.21490825694363702,-0.5325424687958645,0.05737823317855673,-0.6590646979649071
2026-01-10 19:00:00,-0.0,0.09254943943460436,-1.2,-0.024686605939692907,-0.21055246425543028,-1.3426896307605185,-0.3611122151271115,-2.099240664666574
2026-01-10 20:00:00,-0.0,0.11182372611469427,-1.2,-0.04006394675843772,-0.1920160739228535,-1.3202562945665972,0.6020920871823909,-1.9777086061841507
2026-01-10 21:00:00,-0.0,0.1513711848563165,-0.48,-0.06110742746743969,-0.14229801426331437,-0.5320342568744375,0.4340746179669963,-1.2845848026179316
2026-01-10 22:00:00,-0.0,0.13825602598786213,-1.2,-0.019972717378267835,-0.18073316856290145,-1.2624498599533072,-0.6909450885304934,-2.7241458300545593
2026-01-10 23:00:00,-0.0,0.15788461483263916,-1.2,0.01932671773075001,-0.24287118705333455,-1.2656598544899453,-0.30850531220005123,-3.2086526647227323
2026-01-11 00:00:00,-0.0,0.1975978134384807,-1.2,0.022118774938959418,-0.23549086110853912,-1.2157742727310987,0.07232236264336028,-3.0686435089213777
2026-01-11 01:00:00,-0.0,0.2028801568280184,-0.48,0.05980855901504445,-0.23559041844412637,-0.4529017026010635,0.5065675706462938,-1.787520237307596
2026-01-11 02:00:00,-0.0,0.17719311005536398,-0.0,0.11584013971568952,-0.22876770213580383,0.06426554763524966,0.139802170161804,-0.868444424587504
2026-01-11 03:00:00,-0.0,0.1971808390500236,-0.0,0.11265675139256992,-0.24705403359111497,0.06278355685147854,0.17308737351359438,-0.28519572438742946
2026-01-11 04:00:00,-0.0,0.1827955150167171,-0.0,0.09726649144414723,-0.20714017392590756,0.07292183253495677,0.3450437245180905,0.2468481224205896
2026-01-11 05:00:00,-0.0,0.13988922100230083,-0.0,0.1153578030824941,-0.26658929519636165,-0.011342271111566715,-0.5482066715970597,-0.4114400692562727
2026-01-11 06:00:00,-0.0,0.15902604386285246,-0.0,0.116305310744107,-0.2573876707948207,0.017943683812138733,-0.3083910856518942,-0.5373114433935191
2026-01-11 07:00:00,-0.0,0.17306378008198575,-0.0,0.11478503758439451,-0.27678441009136884,0.011064407575011426,-0.04873757411422809,-0.3600600325753281
2026-01-11 08:00:00,-0.0,0.23078946579892945,-0.0,0.11703653039950512,-0.2511654228508101,0.09666057334762446,0.3602713118527665,0.2408958656551941
2026-01-11 09:00:00,-0.04581098161201291,0.25242082641598795,-0.0,0.11847757291699856,-0.20148370868455823,0.12360370903641538,0.4383708432496582,0.70651207167919
2026-01-11 10:00:00,-0.017275610873646485,0.25616984286260047,-0.0,0.1213428905587306,-0.16854143239597807,0.1916956901517065,0.03839501266096872,0.6539979458201892
2026-01-11 11:00:00,-0.0,0.2600999447570844,-0.0,0.13092159488853927,-0.1734393351414512,0.21758220450417248,0.3844854744064175,0.9944664464027035
2026-01-11 12:00:00,-0.0,0.25590706089354764,-0.36,0.1021289303757068,-0.15148243471946313,-0.15344644345020866,-0.12053293624331465,0.3227004881480988
2026-01-11 13:00:00,-0.0,0.2287826231712905,-1.2,0.09305338423184417,-0.21246198907959296,-1.0906259816764583,-0.09223941029829283,-0.9892450990858919
2026-01-11 14:00:00,-0.0,0.20504489429337058,-1.2,0.07839478820186596,-0.19903904481857745,-1.115599362323341,-0.31621778072947965,-2.0253642025043557
2026-01-11 15:00:00,-0.0,0.201410800490606,-1.2,0.06261499737533371,-0.16463780050937027,-1.1006120026434305,0.4780119827838542,-1.8378185413621897
2026-01-11 16:00:00,-0.05959748367606865,0.20417908189703637,-0.48,0.047037344553208627,-0.19333745301408573,-0.48171851023990936,0.2585866587701456,-1.3258229762870775
2026-01-11 17:00:00,-0.08616921519354737,0.23918418262696794,-0.0,0.02446636076533315,-0.14295099871811842,0.03453032948063531,0.6296092345027441,-0.13135422178886713
2026-01-11 18:00:00,-0.09781606159841427,0.25344454420434215,-0.36,0.023395643137280153,-0.14573589421555638,-0.32671176847234834,0.4590836741375285,0.05355937259185989
2026-01-11 19:00:00,-0.11087606773659142,0.1978073894552309,-1.2,0.023567139469676257,-0.15566948962517885,-1.2451710284368633,-0.05471546658315663,-1.267750871464904
2026-01-11 20:00:00,-0.03779850838910237,0.23652820668461194,-0.48,0.02871232301115434,-0.1728634455433209,-0.42542142423665696,0.11870389341019724,-1.0673680537054022
2026-01-11 21:00:00,-0.0,0.18293236494185072,-0.36,0.07219154837394737,-0.1629870125666718,-0.2678630992508737,-0.4509146928900367,-1.3591986243641516
2026-01-11 22:00:00,-0.0,0.2018208513656765,-1.2,0.05168506698559894,-0.10975669557738557,-1.05625077722611,-0.13987199500427286,-2.011641946848874
2026-01-11 23:00:00,-0.0008373557207668192,0.17148060269640708,-0.48,0.04905588529847482,-0.09763956176097556,-0.35794042948686045,0.506131200704986,-1.0587943968911988
2026-01-12 00:00:00,-0.0,0.18498928526317948,-1.2,0.04477302668116789,-0.10888205035447561,-1.0791197384101283,0.3890718697940003,-1.3253245067508472
2026-01-12 01:00:00,-0.0,0.21950958347198812,-0.48,0.047386181586598575,-0.3467848431577637,-0.559889078099177,0.40906685308175106,-0.9460169290679342
2026-01-12 02:00:00,-0.0,0.22300359581782725,-0.36,0.02421658925686221,-0.5391661049340721,-0.6519459198593827,0.22251902733840973,-0.9970370499617334
2026-01-12 03:00:00,-0.0,0.16521681990477644,-1.2,0.034372440736068266,-0.6073596347045077,-1.607770374063663,-0.07361706764003759,-2.2796096716807406
2026-01-12 04:00:00,-0.0,0.1399702712791382,-0.48,0.0413333118195196,-0.48098530475045376,-0.779681721651796,-0.3181055998394325,-2.4655531244996727
2026-01-12 05:00:00,-0.0,0.15255184563782376,-1.2,0.05367293734612821,-0.37833023988348735,-1.3721054568995352,0.25895363091844265,-2.592483700680896
2026-01-12 06:00:00,-0.0,0.14125051856331272,-0.48,0.07222678845060349,-0.2901896295694244,-0.5567123225555082,0.5316910933390688,-1.5805114496249772
2026-01-12 07:00:00,-0.0,0.1836408804432893,-0.0,0.057246503036971874,-0.2661971777255995,-0.025309794245338302,-0.17747443746975355,-1.1510911014900782
2026-01-12 08:00:00,-0.0,0.16475403927706067,-0.0,0.05261325285276308,-0.23835403439879438,-0.020986742268970626,0.3804017219810874,-0.3312396811819302
2026-01-12 09:00:00,-0.0,0.15670627663477632,-0.0,0.04520207290674194,-0.267704384592618,-0.06579603505109977,-0.20714639324679812,-0.471686237007056
2026-01-12 10:00:00,-0.0,0.1595356974301133,-0.0,0.02793653634831772,-0.22885539007232766,-0.041383156293896634,-0.07264880698181189,-0.39704370547994206
2026-01-12 11:00:00,-0.0,0.2427866811426196,-0.0,0.004045701543839542,-0.2581068836888891,-0.011274501002429993,0.2983810497641796,0.0488803254737844
2026-01-12 12:00:00,-0.0,0.2552323048367885,-0.0,0.02562270621414542,-0.2566354442713301,0.024219566779603796,0.41686598650954604,0.47041374857342044
2026-01-12 13:00:00,-0.0,0.1931229112600542,-0.36,0.022461212570250133,-0.23106581190248277,-0.3754816880721784,0.14312960397209148,0.04989616504396535
2026-01-12 14:00:00,-0.0,0.16561660211609464,-1.2,0.01588412493755298,-0.1776075971609147,-1.1961068701072672,0.49115370541871484,-0.6750154656621733
2026-01-12 15:00:00,-0.0,0.1571748168694851,-0.48,-0.001292783500507877,-0.19558573912950902,-0.5197037057605318,0.5359213460096354,-0.38879163914820036
2026-01-12 16:00:00,-0.0,0.17633302436904064,-1.2,-0.008942794024796308,-0.21099669844244628,-1.243606468098202,0.5264656922882773,-0.9504157592988449
2026-01-12 17:00:00,-0.0,0.19593284388037113,-0.48,-0.019248389705493973,-0.1744249853019636,-0.4777405311270864,-0.03760777374205168,-1.085597760448445
2026-01-12 18:00:00,-0.0,0.17503886395163892,-1.2,0.0007679600339606241,-0.153297801536408,-1.1774909775508082,0.05800911578471821,-1.770840518035157
2026-01-12 19:00:00,-0.0,0.19137878451958978,-0.48,0.023615608270428856,-0.14218157734744888,-0.4071871845574302,0.40515242445255084,-1.0645390709259734
2026-01-12 20:00:00,-0.0,0.1626292829798497,-1.2,-0.0018281593428463028,-0.10485448981532516,-1.1440533661783219,-0.4117236398221568,-2.1945004485560626
2026-01-12 21:00:00,-0.0,0.1626514512949523,-0.48,-0.01712713460218146,-0.21862623692005845,-0.5531019202272875,-0.20880861094184475,-2.0786108003027697
2026-01-12 22:00:00,-0.0,0.162258836524806,-0.0,-0.034768137461624105,-0.24825988955610026,-0.12076919049291837,-0.009737970934353248,-1.3776736416089335
2026-01-12 23:00:00,-0.0,0.17030486401380063,-0.36,-0.03978303574829106,-0.22810870521423077,-0.4575868769487212,-0.5067659783062953,-1.7909570402203765
2026-01-13 00:00:00,-0.0,0.1435039279694249,-1.2,-0.042204764503139036,-0.20998844386090715,-1.308689280394621,-0.22772539359761704,-2.610988898124464
2026-01-13 01:00:00,-0.0,0.16981042071534225,-1.2,-0.040248838532360665,-0.15197457785251114,-1.2224129956695295,-0.17611625117753915,-2.965122585721747
2026-01-13 02:00:00,-0.0,0.2728310654377252,-0.48,-0.0561100017200733,-0.20365049891293324,-0.46692943519528135,0.4409147709702793,-1.80508821565805
2026-01-13 03:00:00,-0.007940090944840383,0.231363273215764,-0.0,-0.06731509508172284,-0.13836010320925454,0.01774798397994623,0.313319471479893,-0.7519854739349909
2026-01-13 04:00:00,-0.0,0.2461785285405984,-0.0,-0.08271858257335446,-0.16471001107361416,-0.0012500651063702128,0.23975765110195524,-0.2126836983654095
2026-01-13 05:00:00,-0.0,0.2150819155308208,-0.36,-0.07597219142096678,-0.2503245082656808,-0.4712147841558268,0.30616465250454056,-0.2926603506705319
2026-01-13 06:00:00,-0.0,0.24590639548933235,-1.2,-0.06971718012454281,-0.21625211744680284,-1.2400629020820133,0.1955195148116486,-1.2201395976726839
2026-01-13 07:00:00,-0.0,0.22379352416880804,-0.48,-0.06815553568939503,-0.13998709273338739,-0.46434910425397435,0.575057836187774,-0.6213750266698107
2026-01-13 08:00:00,-0.0,0.23594171426827093,-1.2,-0.05921282164733532,-0.20850698387706335,-1.2317780912561278,0.4014354096484978,-1.2031676976095165
2026-01-13 09:00:00,-0.0,0.23866851053545213,-0.48,-0.0732275956864259,-0.1592369379062107,-0.4737960230571845,0.22009025267031693,-0.9756063889525773
2026-01-13 10:00:00,-0.0,0.23452234860796073,-0.36,-0.05483815591676311,-0.2613403333409161,-0.4416561406497185,0.2678948832836411,-0.7591250907376238
2026-01-13 11:00:00,-0.0,0.22149663603259362,-1.2,-0.06090273009653113,-0.27652490036829547,-1.315930994432233,-0.0883036554301797,-1.859709704304987
2026-01-13 12:00:00,-0.0,0.19436963745959535,-0.48,-0.05711970100182029,-0.25157808779989427,-0.5943281513421192,0.9268096753666973,-0.7833442985584141
2026-01-13 13:00:00,-0.0,0.21250650899156664,-0.36,-0.07077386793333229,-0.2307728677456128,-0.4490402266873784,0.8284483297675563,-0.09059847605487048
2026-01-13 14:00:00,-0.0,0.1969397656369989,-1.2,-0.061740321987577895,-0.32028800834736637,-1.3850885646979454,0.5219390600540643,-0.9175085902768034
2026-01-13 15:00:00,-0.0,0.18156649140604075,-1.2,-0.0538310415941014,-0.26748694447397736,-1.3397514946620381,-0.16169541838803111,-2.0519520672161513
2026-01-13 16:00:00,-0.0,0.18396158780283467,-0.48,-0.046168877755406956,-0.35004431566452865,-0.6922516056171009,-0.5439220090092426,-2.467344854956034
2026-01-13 17:00:00,-0.0,0.21239254195185453,-0.0,-0.06891899757129116,-0.6065706476917525,-0.46309710331118914,-0.37579634019443003,-2.3193003564792396
2026-01-13 18:00:00,-0.0,0.2051104806035311,-0.36,-0.05377572942032838,-0.7669791691048833,-0.9756444179216806,-0.04194174302155768,-2.409166374830782
2026-01-13 19:00:00,-0.0,0.20338083772484428,-1.2,-0.047318679311433076,-0.8484780593218515,-1.8924159009084403,-0.03266655365085779,-3.3705822794577673
2026-01-13 20:00:00,-0.0,0.24751073289646996,-1.2,-0.0602631064934509,-0.9790430100421637,-1.9917953836391444,0.07081102839831378,-3.943333722915491
2026-01-13 21:00:00,-0.0,0.22509924483256227,-0.48,-0.06674946715043467,-0.7878239714447667,-1.1094741937626391,-0.14111224103419254,-3.6165866685461263
2026-01-13 22:00:00,-0.0,0.2309785419490724,-1.2,-0.0737245335283867,-0.6728528439351319,-1.715598835514446,-0.1505894067152501,-4.036140243357372
2026-01-13 23:00:00,-0.0,0.21369766127239787,-0.48,-0.07824423809224146,-0.563475451283503,-0.9080220281033465,-0.3750959530879073,-3.704802127205677
2026-01-14 00:00:00,-0.0,0.2321258562887698,-0.0,-0.04137989706467854,-0.4221555044925389,-0.23140954526844765,-0.29668846569191387,-2.7509792872837675
2026-01-14 01:00:00,-0.0,0.16538960849615603,-0.36,-0.026907218053911608,-0.3722720985517784,-0.593789708109534,0.03213745526958726,-2.212239825210207
2026-01-14 02:00:00,-0.019096402779402943,0.186380944026052,-1.2,-0.000942931454863849,-0.32826867333034837,-1.3619270635385632,0.09900286973047148,-2.590268088934216
2026-01-14 03:00:00,-0.05872083946668538,0.1779745851487069,-1.2,0.019047994913116706,-0.2558023792923858,-1.3175006386972477,0.008526410907273642,-2.8631350811505034
2026-01-14 04:00:00,-0.05811782381418751,0.17633773912782402,-0.48,0.058923675081314575,-0.30254110143195884,-0.6053975110370078,0.004686574017301546,-2.3185919857100084
2026-01-14 05:00:00,-0.10147477380353309,0.24997229292245782,-0.0,0.04754437296526892,-0.3452399333237748,-0.14919804123958114,0.26289231975571825,-1.2774609129098677
2026-01-14 06:00:00,-0.07601427369552849,0.2513585600298682,-0.36,0.039213008983792874,-0.3345426049684108,-0.4799853096502782,-0.06074302262782953,-1.3072048800240286
2026-01-14 07:00:00,-0.060161307408449716,0.2650929886260447,-1.2,0.022043946856823537,-0.3562766648156067,-1.3293010367411882,0.5968646691464621,-1.5167592956091431
2026-01-14 08:00:00,-0.011963657552967577,0.2522333252039066,-0.48,0.03995309605137387,-0.3014905921955891,-0.5012678284932761,0.35962660112230704,-1.051696804736455
2026-01-14 09:00:00,-0.0,0.2795816418675253,-1.2,0.07902477669497499,-0.3093864637591399,-1.1507800451966395,0.15769239841303626,-1.6241057296254762
2026-01-14 10:00:00,-0.0,0.2519321594658599,-1.2,0.09844121825154739,-0.24781121863391847,-1.097437840916511,-0.7554805670853861,-2.827381845777183
2026-01-14 11:00:00,-0.00020141526043992997,0.24744597543256108,-0.48,0.11653318596126083,-0.21531783546201563,-0.33154008932863366,-0.5159373542711018,-2.543906551066045
2026-01-14 12:00:00,-0.011683912083064962,0.22763616201740144,-1.2,0.12956099840022095,-0.25478355929984525,-1.1092703109652877,0.02061221924000313,-2.6150020223649113
2026-01-14 13:00:00,-0.02959995394456061,0.1887464199563803,-1.2,0.14731268566384614,-0.2711429153416905,-1.1646837636660246,-0.29681095587299594,-3.0304959329579675
2026-01-14 14:00:00,-0.05467319711581364,0.19590917618375725,-0.48,0.15063096657727482,-0.4859100665210332,-0.6740431208758147,0.45553112919090427,-2.0368095514596907
2026-01-14 15:00:00,-0.06232129450875212,0.18758502319061898,-1.2,0.15160481142038573,-0.6932870656392665,-1.6164185255370138,0.5473506126314481,-2.29115364378138
2026-01-14 16:00:00,-0.10279272068003453,0.17690354747286396,-0.48,0.14930570201504334,-0.49882811140771255,-0.7554115825998398,-0.15399221056920104,-2.284095979437869
2026-01-14 17:00:00,-0.12352412730697981,0.16592620961485816,-1.2,0.15245951887550302,-0.40651236289690784,-1.4116507617135263,0.22870010978357833,-2.5534082395926694
2026-01-14 18:00:00,-0.03803430311149203,0.22249510728229382,-1.2,0.10874600055840111,-0.4192460833503949,-1.326039278621192,-0.13995363046717937,-2.9980378528439733
2026-01-14 19:00:00,-0.02073689980848803,0.23653032489542136,-1.2,0.08198330812526489,-0.31850929761917174,-1.2207325644069735,-0.2307916613568942,-3.2503469374702516
2026-01-14 20:00:00,-0.07625223376391488,0.23286752047504877,-0.48,0.046463448899834,-0.3204258587511183,-0.5973471231401504,0.16857200837078068,-2.3789832772515203
2026-01-14 21:00:00,-0.0615652483882656,0.23257983004579552,-0.36,0.047956983947387455,-0.33379565734822136,-0.474824091743304,0.27785283171242614,-1.6243612263817901
2026-01-14 22:00:00,-0.035619480596406516,0.09990053333395166,-1.2,0.03796395318662127,-0.3440076063469055,-1.4417626004227393,-0.5056362565304962,-2.9220155927823095
2026-01-14 23:00:00,-0.05093036233238579,0.0638932288205728,-1.2,0.019970297056845054,-0.2864835258478885,-1.453550362302856,0.3309668074393562,-2.875792910532885
2026-01-15 00:00:00,-0.026950111607578542,-0.059023115323364905,-0.48,0.026345148750931302,-0.21752648870199479,-0.7571545668820069,-0.04531320081899826,-2.5279435140207362
2026-01-15 01:00:00,-0.002006083806194603,0.03646707664765292,-0.36,0.036689169278808054,-0.28989263110820085,-0.5787424689879345,-0.03603890912069602,-2.131547486521072
2026-01-15 02:00:00,-0.01532161103238816,0.07825044016877414,-1.2,0.04443350957033898,-0.19120370591050873,-1.2838413672037838,0.14128950055679576,-2.4214803585596316
2026-01-15 03:00:00,-0.0,0.06081330807304153,-0.48,0.049328028331408036,-0.19534636446099812,-0.5652050280565486,-0.46451476326366165,-2.482608006455989
2026-01-15 04:00:00,-0.0,0.11036488457537175,-0.0,0.05984596867846115,-0.16826283717415585,0.0019480160796770396,-0.1499552385041809,-1.6375720262980973
2026-01-15 05:00:00,-0.0,0.14166021601055223,-0.0,0.05249998554568247,-0.2059778997065893,-0.011817698150354605,0.25706274559147596,-0.7372981683377369
2026-01-15 06:00:00,-0.0,0.16012698760366118,-0.0,0.044653330554214166,-0.23187572481874352,-0.027095406660868182,0.4875029538283037,0.018028646164793438
2026-01-15 07:00:00,-0.0,0.1406896827138311,-0.0,0.04807579445270749,-0.22036141278457105,-0.03159593561803248,0.27813249121862005,0.25735374329946364
2026-01-15 08:00:00,-0.0,0.14121710190108472,-0.0,0.04134563035794392,-0.22210463457181776,-0.03954190231278912,0.3222542233541632,0.4371245670210523
2026-01-15 09:00:00,-0.0,0.12153265432544191,-0.0,0.042933880633092336,-0.464441829066081,-0.29997529410754675,-0.48381435256874894,-0.5215149064636644
2026-01-15 10:00:00,-0.0,0.1605390575645329,-0.0,0.04290124674494289,-0.5559193692400319,-0.35247906493055614,0.032448743983071814,-0.6329392648256829
2026-01-15 11:00:00,-0.0,0.1794063860452002,-0.36,0.04017757751486595,-0.6468511913401334,-0.7872672277800672,-0.0005432464648735614,-1.1675740331403504
2026-01-15 12:00:00,-0.0,0.16054671590087033,-1.2,0.04133415935697882,-0.5175332837986045,-1.5156524085407552,-0.7417715466990468,-2.9579683751240125
2026-01-15 13:00:00,-0.0,0.14588750520249227,-1.2,0.04018803266208659,-0.3604817943740533,-1.3744062565094746,-0.13048886622478545,-3.2796761478086673
2026-01-15 14:00:00,-0.0,0.14225617747618724,-0.48,0.04023809571717507,-0.290136959914433,-0.5876426867210707,-0.7892803087592916,-3.3447286841655623
2026-01-15 15:00:00,-0.0,0.1112730476813808,-0.0,0.03237797246670404,-0.2527871795096116,-0.10913615936152676,-0.24856153342537313,-2.3645349032862373
2026-01-15 16:00:00,-0.0,0.05255234036379397,-0.0,0.007097738902647199,-0.26894964405441957,-0.2092995647879784,-0.6122833466430883,-2.240303853402809
2026-01-15 17:00:00,-0.0,0.003273102702284536,-0.0,0.016131439479527332,-0.24740025790940506,-0.2279957157275932,1.0963988781446232,-0.47577914962465506
2026-01-15 18:00:00,-0.0,-0.015155234097208314,-0.36,0.009612287840665923,-0.29467073080336426,-0.6602136770599066,0.052495913304814144,-0.8931852535298854
2026-01-15 19:00:00,-0.0,-0.02112131244306603,-1.2,0.011130692713288037,-0.20719026375053792,-1.417180883480316,-0.04934133190750665,-2.0024333675057537
2026-01-15 20:00:00,-0.0,0.03170176804605607,-0.48,0.008601167803648169,-0.19179025078306527,-0.6314873149333611,0.25104941557255556,-1.5818979198642578
2026-01-15 21:00:00,-0.0,0.036043323703059404,-0.36,0.01319581662851732,-0.21326930415229373,-0.524030163820717,-0.2618923569897384,-1.73506127272901
2026-01-15 22:00:00,-0.0,0.016370486364124304,-1.2,0.01898149183960962,-0.3416301486056676,-1.5062781704019337,-0.21976134610579742,-2.767076280145137
2026-01-15 23:00:00,-0.0,0.006891918795105645,-1.2,0.0006839916543988078,-0.47506811415921746,-1.667492203709713,0.0043147798779280405,-3.3234231919188675
2026-01-16 00:00:00,-0.0,0.07180938275957272,-0.48,0.0034613646775223383,-0.5580831974653124,-0.9628124500282174,-0.33284354963256624,-3.289709914812104
2026-01-16 01:00:00,-0.0,0.12614475765603383,-0.36,-0.004241319766451923,-0.5520049514443023,-0.7901015135547204,-0.08150175474961754,-2.8454292171916005
2026-01-16 02:00:00,-0.0,0.15537793494148255,-1.2,-0.006075222841178174,-0.4271203379090676,-1.4778176258087632,0.31711596153628907,-2.867959194587434
2026-01-16 03:00:00,-0.0,0.18196968669948121,-1.2,0.01288045885812994,-0.40384736478626343,-1.4089972192286524,-0.2302897464335919,-3.3600624824147043
2026-01-16 04:00:00,-0.0,0.1595530647080904,-0.48,0.01222750245235349,-0.351524219794188,-0.6597436526337441,0.04572169030898813,-2.6300594517735787
2026-01-16 05:00:00,-0.0,0.1766151943074128,-1.2,0.021275659400469715,-0.40176551832918983,-1.4038746646213074,0.33100490447262465,-2.6509054312128297
2026-01-16 06:00:00,-0.0,0.1870625487035127,-0.48,0.007148679588242279,-0.34769328836875246,-0.6334820600769975,-0.09511572950722777,-2.319141048311923
2026-01-16 07:00:00,-0.0,0.18976992115766755,-0.0,0.02044569774050009,-0.30093665642115747,-0.09072103752298982,0.5601808417317461,-0.9220248247783976
2026-01-16 08:00:00,-0.0,0.1615497155472312,-0.0,0.043474407671280635,-0.24487777135285188,-0.03985364813434006,0.02604918466383593,-0.5670193583375428
2026-01-16 09:00:00,-0.0,0.18591516137218056,-0.0,0.047827182115864564,-0.22191013650683572,0.011832206981209403,-0.03653739614927082,-0.3649168041705871
2026-01-16 10:00:00,-0.0,0.1655980874023082,-0.0,0.02794279859467752,-0.26021841503181803,-0.06667752903483232,0.19315490512665492,-0.0924727064105296
2026-01-16 11:00:00,-0.0,0.20155825664433136,-0.0,0.03412127902641149,-0.2061832466324245,0.029496289038318357,-0.39450137370594907,-0.4204887085139485
2026-01-16 12:00:00,-0.0,0.2092383699885677,-0.36,0.02987578402910851,-0.195919571996444,-0.31680541797876777,-0.3690867881638611,-0.938185431250998
2026-01-16 13:00:00,-0.0,0.2072087865950204,-1.2,0.027372772498804654,-0.20968468220792186,-1.1751031231140967,-0.0628674186525878,-1.8008818005172833
2026-01-16 14:00:00,-0.0,0.2009604480839492,-0.48,0.04748107478753427,-0.15746326851640025,-0.38902174564491676,0.6812476755415259,-0.7883031504137609
2026-01-16 15:00:00,-0.0,0.22223671923660882,-0.0,0.04195896232109597,-0.1917086815161348,0.07248700004157,-0.06560814290407382,-0.4661030331107603
2026-01-16 16:00:00,-0.0,0.22758438037784723,-0.36,0.04158718729243416,-0.1985774820791999,-0.2894059144089185,-0.025939644275295715,-0.5950073785506704
2026-01-16 17:00:00,-0.0,0.23678464181200853,-1.2,0.029525724820941512,-0.22753462950160191,-1.1612242628686518,0.04100633421500459,-1.4772223557840494
2026-01-16 18:00:00,-0.0,0.22262931836486433,-0.48,0.03581861606128689,-0.16864539718524146,-0.39019746275909023,-0.3676982854828339,-1.6442291617123537
2026-01-16 19:00:00,-0.0,0.20235321875640544,-1.2,0.042194484077837324,-0.1770908042982995,-1.1325431014640568,0.19326861787957078,-1.9258119806118983
2026-01-16 20:00:00,-0.0,0.22065123153133792,-0.48,0.019525028753670126,-0.18513326287130744,-0.42495700258629937,-0.3525825790294518,-1.9330267699828902
2026-01-16 21:00:00,-0.0,0.19274771511318733,-0.0,0.012652856735487772,-0.24630306087553655,-0.040902489026861444,-0.12040166939188482,-1.3211202204084804
2026-01-16 22:00:00,-0.0,0.20388152279310434,-0.0,0.016469369463239847,-0.33724461209518597,-0.11689371983884178,-0.03288007163817958,-0.9424459237221097
2026-01-16 23:00:00,-0.0,0.19770014751479825,-0.0,0.019696495303069494,-0.24946407557605055,-0.0320674327581828,-0.2128609957685942,-0.8103959827600428
2026-01-17 00:00:00,-0.0,0.19970792609246002,-0.0,-0.016022543851172577,-0.21432135712317293,-0.03063597488188549,-0.524776414541685,-1.0416499790795961
2026-01-17 01:00:00,-0.0,0.15267822529571118,-0.0,-0.009964235089733375,-0.3978614164216314,-0.2551474262156536,0.07670560702531043,-0.8034318066381008
2026-01-17 02:00:00,-0.0,0.1742226791095285,-0.0,0.0005313505971942245,-0.48739596248751593,-0.3126419327807932,0.26039037124918263,-0.534310645514471
2026-01-17 03:00:00,-0.0,0.18055307721039826,-0.0,0.019232740869787546,-0.5879933298178224,-0.38820751173763657,-0.506717321496507,-1.215511220542826
2026-01-17 04:00:00,-0.0,0.13958184432535192,-0.0,0.004567385359327991,-0.746737888111376,-0.6025886584266961,-0.12256200003535904,-1.4544573907877507
2026-01-17 05:00:00,-0.0,0.08427706326027817,-0.36,0.010028323420197438,-0.626402435002037,-0.8920970483215613,-0.25489905865398177,-2.0196705414481935
2026-01-17 06:00:00,-0.0,0.13877840514386242,-1.2,0.03151294563254181,-0.46587149819349427,-1.49558014741709,0.027258354604796465,-2.6801241176812094
2026-01-17 07:00:00,-0.0,0.14101046000563278,-0.48,0.022405351129960005,-0.44162290312740426,-0.7582070919918115,0.19226221777607017,-2.174019344824467
2026-01-17 08:00:00,-0.0,0.20582496143042928,-1.2,0.019293878194805436,-0.3494225862135312,-1.3243037465882965,0.07529726281942797,-2.553418090663549
2026-01-17 09:00:00,-0.0,0.21393292881805637,-0.48,0.04311824096440087,-0.2601858312642447,-0.48313466148178746,-0.15781872005376638,-2.173004235933683
2026-01-17 10:00:00,-0.0,0.19996063163192979,-0.0,0.08598716368633186,-0.28845797445526855,-0.002510179137006907,0.7642337024329684,-0.5420790182642483
2026-01-17 11:00:00,-0.0,0.21269302135336898,-0.36,0.10485957464827467,-0.20500124675124304,-0.24744865074959937,0.4747817827974539,-0.09791427891069443
2026-01-17 12:00:00,-0.0,0.19000752440923807,-1.2,0.12694712164705368,-0.20991568183950526,-1.0929610357832136,-0.03558943738110291,-1.1872990405107333
2026-01-17 13:00:00,-0.0,0.08496523799601896,-0.48,0.13038442489364133,-0.18298042479887805,-0.44763076190921774,-0.2041037872793779,-1.3641139734950356
2026-01-17 14:00:00,-0.0,0.06293106347567046,-0.0,0.13410098222889044,-0.13481777226348574,0.06221427344107516,0.4325050793308024,-0.32374903132514377
2026-01-17 15:00:00,-0.0,0.0699054117001543,-0.0,0.17022032622725125,-0.1940508431056694,0.046074894821736156,-0.4172247407756515,-0.5653992647490016
2026-01-17 16:00:00,-0.0,0.09602167183540433,-0.36,0.18199596755679792,-0.1454525105076082,-0.22743487111540595,-0.2643380022355587,-0.8310124322003656
2026-01-17 17:00:00,-0.0,0.1416307179275117,-1.2,0.18321584778012134,-0.1076250866673663,-0.9827785209597333,0.3050103662257671,-1.1763756140541857
2026-01-17 18:00:00,-0.0,0.20715846336725918,-0.48,0.1789246549530561,-0.1563537508190964,-0.2502706324987811,0.3461694112433699,-0.6099265896879227
2026-01-17 19:00:00,-0.0,0.21518985923743128,-0.0,0.1746803416289927,-0.15966197552222086,0.23020822534420313,-0.3121682006870517,-0.4479159291556022
2026-01-17 20:00:00,-0.0,0.21657417050248462,-0.0,0.18540249497988293,-0.20514151885543774,0.1968351466269298,0.4458248230306012,0.3739104121641697
2026-01-17 21:00:00,-0.0,0.21473063919384205,-0.0,0.17100158390911402,-0.23036118345603634,0.15537103964691973,-0.3339302652321849,0.04578702171323662
2026-01-17 22:00:00,-0.0,0.22744956509970415,-0.36,0.162791363146905,-0.18981059164432093,-0.15956966339771175,0.09224009068541905,-0.039857359684350724
2026-01-17 23:00:00,-0.0,0.2014528217030247,-1.2,0.13548318545767624,-0.13857804638543905,-1.001642039224738,0.23716409085549855,-0.7883923641798498
2026-01-18 00:00:00,-0.03387016108271479,0.1621747318223995,-0.48,0.11790411045756732,-0.13584119267745498,-0.36963251148020293,0.014631963716548747,-0.8280359662715641
2026-01-18 01:00:00,-0.01498494760183644,0.15386763536260928,-1.2,0.09492168092454689,-0.18011816125484176,-1.1463137925695221,0.01978837011122979,-1.6233470022212306
2026-01-18 02:00:00,-0.0,0.1914469906608054,-0.48,0.07519583623987669,-0.22683845106474798,-0.4401956241640659,0.07648049219640767,-1.3377233333003966
2026-01-18 03:00:00,-0.0,0.17391438643572987,-0.36,0.07092653717118369,-0.228430219009908,-0.34358929540299443,0.15911575782662177,-0.9871075375566107
2026-01-18 04:00:00,-0.0,0.2100890091345814,-1.2,0.04754662460243064,-0.25680672668808463,-1.1991710929510726,-0.14466107353524885,-1.936096689020288
2026-01-18 05:00:00,-0.0,0.206736637002902,-0.48,0.06195003736002025,-0.23727941951781165,-0.44859274515488934,-0.016268964760114066,-1.6265197233271762
2026-01-18 06:00:00,-0.0,0.19241518157498427,-0.0,0.0512090974388999,-0.21573506109030002,0.027889217923584148,0.3261712062547933,-0.6218514098179282
2026-01-18 07:00:00,-0.0002987089932677822,0.18995036627728124,-0.0,0.060098583885748846,-0.2096136519093856,0.04013658926037669,-0.04854494743570962,-0.3815192040660898
2026-01-18 08:00:00,-0.03292084027966524,0.25196757124568736,-0.36,0.06724081057971087,-0.18005210127562515,-0.25376455972989215,0.3497322471643557,-0.13294383500519036
2026-01-18 09:00:00,-0.0,0.26516782435423003,-1.2,0.06350145947552877,-0.19011087661706894,-1.0614415927873102,0.21106345340424826,-0.9301444403861762
2026-01-18 10:00:00,-0.0,0.26429214773659204,-1.2,0.06429597902679918,-0.13810995042593244,-1.0095218236625412,0.007967791785519571,-1.5596406961087272
2026-01-18 11:00:00,-0.0,0.24237611990842645,-1.2,0.03617244377748885,-0.1815211538408572,-1.1029725901549419,0.08243212231073603,-1.9563248855094422
2026-01-18 12:00:00,-0.0,0.23124332816766358,-0.48,0.045504432023553476,-0.11728709094345315,-0.32053933075223606,-0.02789001216790674,-1.522224274225808
2026-01-18 13:00:00,-0.025048715818564826,0.24774335463920005,-0.36,0.03009500963131806,-0.176820233097017,-0.2840305846450637,-0.009226290718387611,-1.206591439898936
2026-01-18 14:00:00,-0.039265547559729885,0.24504872836853386,-1.2,0.02205374322446163,-0.1536756986637794,-1.1258387746305138,-0.07079954714083242,-1.9205931857107077
2026-01-18 15:00:00,-0.04714928952995767,0.15804627133535754,-0.48,0.026325020619259565,-0.16629215676266296,-0.5090701543380035,-0.5229262297876306,-2.184352295552059
2026-01-18 16:00:00,-0.11418496551891266,0.1025176860738981,-0.0,0.031959034547990206,-0.14961426161362246,-0.1293225065106468,0.22654993664090123,-1.213383947200981
2026-01-18 17:00:00,-0.14308869666188495,0.02215750978822717,-0.0,0.007628140902645297,-0.10060320526445318,-0.21390625123546567,0.70546971745118,-0.2364669021048743
2026-01-18 18:00:00,-0.11869504974654532,0.04201995585993923,-0.0,0.000807535096098988,-0.0726950780984507,-0.14856263688895782,0.2811988817276683,-0.009243896424214082
2026-01-18 19:00:00,-0.14175599332657085,0.050144927748249524,-0.0,-0.014666967427219124,-0.12240389503378243,-0.22868192803932288,0.6633072763338074,0.429079010439956
2026-01-18 20:00:00,-0.10252117914734615,0.03747765913093848,-0.36,-0.024679025283109113,-0.10421140993401516,-0.553933955233532,-0.25240326884231656,-0.5488898178118748
2026-01-18 21:00:00,-0.08548746176414745,0.09523707772426371,-1.2,-0.023327145924205928,-0.16953838336291754,-1.3831159133270072,0.28354122318399366,-1.4289085808301385
2026-01-18 22:00:00,-0.14606499829426411,0.11087197143698524,-0.48,-0.01965377513295541,-0.2159804855513232,-0.7508272875415575,-0.24626992581998267,-1.8544423618596233
2026-01-18 23:00:00,-0.13857368811774817,0.0981864791606224,-0.0,-0.017524832963485948,-0.36373857422130423,-0.42165061614191596,-0.1650538469788079,-1.6993698802364978
2026-01-19 00:00:00,-0.14538130421563777,0.11518771276573092,-0.0,-0.0230318437163331,-0.5047874425957739,-0.5580128777620139,0.3661673802982487,-1.211467425605664
2026-01-19 01:00:00,-0.09326988298888939,0.08290233497997657,-0.0,-0.01493183662431219,-0.6032998961753285,-0.6285992808085535,-0.3341056737043776,-1.6895854098763294
2026-01-19 02:00:00,-0.07974113540421834,0.0682740662628264,-0.0,0.013230796033772974,-0.6748015853735632,-0.6730378584811821,0.44868846947327584,-1.2381006349337038
2026-01-19 03:00:00,-0.16890547181575166,0.08631052118965032,-0.0,0.021379094524711095,-0.5131637334780534,-0.5743795895794437,0.0609275449044678,-1.256312425635198
2026-01-19 04:00:00,-0.16569749283593427,0.11583303210206286,-0.0,0.03087009985202005,-0.44971908412764716,-0.4687134450094985,-0.3399944978509448,-1.5624953982415621
2026-01-19 05:00:00,-0.14525731538343334,0.19751656428868525,-0.36,0.043051098688208334,-0.4026953337376139,-0.6673849861441536,-0.0011151657928426737,-1.6059973908819336
2026-01-19 06:00:00,-0.13854574770107408,0.17327219413206674,-1.2,0.008036743898461984,-0.42952885214378167,-1.586765661814327,-0.024538322508309438,-2.5749024188517966
2026-01-19 07:00:00,-0.1382397859803186,0.1574648151936595,-0.48,-0.01619926877784922,-0.4022121162998613,-0.8791863558643696,-0.2506078036672112,-2.6747356108426588
2026-01-19 08:00:00,-0.06862236665226251,0.1367045742110775,-0.0,-0.017823873616848784,-0.3156425931155369,-0.26538425917357067,0.24299180656352343,-1.6272338191156424
2026-01-19 09:00:00,-0.0,0.18581492868849658,-0.0,-0.018612875195129996,-0.2702298247855247,-0.10302777129215812,-0.1360285250262062,-1.2153965877877497
2026-01-19 10:00:00,-0.0,0.18800745209757197,-0.0,-0.020364591862649772,-0.29841522460799064,-0.13077236437306844,-0.46345225433809206,-1.3234625713838104
2026-01-19 11:00:00,-0.0,0.1768743742786143,-0.36,-0.0436460142624725,-0.25148921571761695,-0.47826085570147514,0.4576242147607204,-0.814714183771041
2026-01-19 12:00:00,-0.0,0.22905987781641224,-1.2,-0.039013180409169124,-0.2105409326356668,-1.2204942352284238,0.07645303998614855,-1.6328697055049
2026-01-19 13:00:00,-0.0,0.22015777775394463,-0.48,-0.045963659833931414,-0.4646798044478768,-0.7704856865278635,0.41392716587090633,-1.3362803439598971
2026-01-19 14:00:00,-0.0,0.2424831357934707,-0.0,-0.05763952831657643,-0.6197846547612069,-0.43494104728431265,0.09165627271897453,-1.1450529809412764
2026-01-19 15:00:00,-0.0,0.2203138177285291,-0.0,-0.04234723937976326,-0.685035882342744,-0.5070693039939782,0.04795785271152126,-1.1461432398472229
2026-01-19 16:00:00,-0.0,0.22682688903884685,-0.0,-0.029897489004494515,-0.7076254457930355,-0.5106960457586832,0.47111894791967884,-0.727263041747338
2026-01-19 17:00:00,-0.0,0.2600910409752496,-0.36,-0.023309583822966662,-0.5835170263294394,-0.7067355691771564,-0.0039412868660249605,-1.1470346810915841
2026-01-19 18:00:00,-0.0,0.22494527564431321,-1.2,-0.02300714362084516,-0.4708042356514507,-1.4688661036279824,-0.6016051517123798,-2.7586920639953125
2026-01-19 19:00:00,-0.0,0.12081501725931276,-1.2,0.01933114984771578,-0.36090448329909586,-1.4207583161920674,0.4443606947073799,-2.631612859881875
2026-01-19 20:00:00,-0.0,0.012862430000142422,-1.2,0.025728603133254424,-0.3994656075140075,-1.5608745743806105,0.09298473978550681,-3.046857550524229
2026-01-19 21:00:00,-0.0,-0.017401063007333573,-1.2,0.013424252543030035,-0.35487329943225554,-1.558850109896559,-0.23588759054035363,-3.62285223075145
2026-01-19 22:00:00,-0.0,0.03642882750868914,-1.2,0.004659682984785807,-0.26380683242041403,-1.422718321926939,0.03165986803235407,-3.564769792345455
2026-01-19 23:00:00,-0.0,0.07683991218196229,-0.48,-0.0009003932398727321,-0.2709813348407997,-0.6750418158987102,0.3171404134369238,-2.496763277869059
2026-01-20 00:00:00,-0.0,0.10325084082991298,-1.2,-0.01883776881880206,-0.2702706358183523,-1.385857563807241,-0.4806434760939439,-3.36455900662262
2026-01-20 01:00:00,-0.0,0.11279557561539089,-0.48,-0.007480296902954098,-0.1848500100423623,-0.5595347313299255,0.2179900497663315,-2.3602800855371657
2026-01-20 02:00:00,-0.0,0.1445004524397724,-0.0,0.010395358075715566,-0.18311113544350646,-0.02821532492801851,-0.16653961522759006,-1.610922991477908
2026-01-20 03:00:00,-0.0,0.0668877675565438,-0.36,0.03043705823344256,-0.23270981517330763,-0.49538498938332126,-0.061631773572144,-1.52357055784221
2026-01-20 04:00:00,-0.0,0.11375783186803323,-1.2,0.028897138489574536,-0.18475912358501417,-1.2421041532274064,-0.009614594404429001,-2.165861082337161
2026-01-20 05:00:00,-0.0,0.10955910372102062,-0.48,0.03924567171228843,-0.23850615914006792,-0.5697013837067588,-0.386409497138175,-2.2556275302472306
2026-01-20 06:00:00,-0.0,0.15379194896816617,-0.36,0.03680918744730555,-0.21353370713103104,-0.3829325707155593,0.024800034333364966,-1.7115090545305327
2026-01-20 07:00:00,-0.0,0.13081856446580287,-1.2,0.05324707961356878,-0.18719157857201546,-1.2031259344926437,-0.6773313707512371,-2.9073627379622002
2026-01-20 08:00:00,-0.0,0.14670200132104538,-0.48,0.0586170380227945,-0.1641342687073608,-0.4388152293635209,-0.17089563692678675,-2.354128509067628
2026-01-20 09:00:00,-0.0,0.1331933087122088,-0.36,0.06930448920541477,-0.13551074434139432,-0.29301294642377074,-0.2877669234951926,-1.99325697535954
2026-01-20 10:00:00,-0.0,0.13207255659189643,-1.2,0.08023333135642341,-0.058500844733492104,-1.0461949567851723,0.2751464120180033,-1.9670027299828927
2026-01-20 11:00:00,-0.0,0.17672923013412034,-1.2,0.08423968391491887,-0.10931780244395566,-1.0483488883949164,0.5334882576282353,-1.6950622687564163
2026-01-20 12:00:00,-0.0,0.1754477477205877,-0.48,0.0835823678181622,-0.12100844596872035,-0.34197833042997045,-0.5199084012997354,-1.8789240929835556
2026-01-20 13:00:00,-0.0,0.16674430098209336,-1.2,0.056108890920439025,-0.1582343871691606,-1.1353811952666284,-0.440267063471664,-2.7030027145284254
2026-01-20 14:00:00,-0.0,0.04075782352241142,-0.48,0.03478212686118687,-0.15652026271972613,-0.5609803123361279,0.01146441585380313,-2.17131752519938
2026-01-20 15:00:00,-0.0,-0.013723048322129339,-1.2,0.022621240969541767,-0.13978806057076976,-1.3308898679233574,0.16544490880325735,-2.468235474239728
2026-01-20 16:00:00,-0.0,-0.04927111992476396,-0.48,0.007199678248326236,-0.22278041911032365,-0.7448518607867614,-0.32322564429962586,-2.549018789630224
2026-01-20 17:00:00,-0.0,0.01754233806691341,-0.0,0.00851488686034152,-0.23668470918666068,-0.21062748425940575,0.3413859389082705,-1.3986528191292698
2026-01-20 18:00:00,-0.0,0.059188361319883476,-0.0,0.012047792560291981,-0.22903183564656748,-0.15779568176639203,-0.13935018912185687,-1.1363375623658107
2026-01-20 19:00:00,-0.0,0.08000998136510129,-0.36,0.0005013133047871987,-0.19822285484826868,-0.4777115601783802,0.6414896123395689,-0.5180244852582977
2026-01-20 20:00:00,-0.0,0.0738363678878674,-1.2,-0.011813200495298382,-0.14820402886271833,-1.2861808614701493,0.12379527546600938,-1.4732002771591186
2026-01-20 21:00:00,-0.0,0.10834099682920284,-0.48,-0.014149813272890999,-0.12873592273008172,-0.5145447391737699,0.6282921118988156,-0.7701727935704255
2026-01-20 22:00:00,-0.0,0.16057064222342954,-1.2,-0.014320705980524262,-0.1768159535979287,-1.2305660173550235,0.2686603527036376,-1.4240093407936412
2026-01-20 23:00:00,-0.0,0.2014893612845362,-1.2,0.017437628086973023,-0.27370562299657153,-1.2547786336250621,0.25263288444210613,-1.8565513536591405
2026-01-21 00:00:00,-0.0,0.17751135056307055,-0.48,0.060798758687525156,-0.24605258255463142,-0.4877424733040357,-0.09528228328056287,-1.6969555687800828
2026-01-21 01:00:00,-0.0,0.15038231641551336,-1.2,0.09773899051732404,-0.22934147373528763,-1.1812201668024502,0.2638885880254823,-1.9355049200450178
2026-01-21 02:00:00,-0.0035777562455305834,0.14677461626574262,-0.48,0.11388555106941445,-0.25563134656850095,-0.47854893547887445,-0.14382165265581742,-1.7836735401617023
2026-01-21 03:00:00,-0.04084691520646211,0.1923404042927227,-0.0,0.11421368335525528,-0.21727315143522896,0.04843402100628691,-0.11137000635118108,-1.1331401094419153
2026-01-21 04:00:00,-0.0,0.15367248146911905,-0.0,0.15359100021584848,-0.2053117819409549,0.10195169974401264,0.7080595154144573,0.13012714949332083
2026-01-21 05:00:00,-0.0,0.16066134445317082,-0.0,0.17832979571948304,-0.21855717315630363,0.12043396701635023,0.23674818531066907,0.4352584420230118
2026-01-21 06:00:00,-0.0,0.1910482230186179,-0.0,0.168646110224561,-0.17414858119456708,0.18554575204861182,-0.2665216797794414,0.18017913748297743
2026-01-21 07:00:00,-0.0,0.21581615898612605,-0.0,0.16746285688670948,-0.14636541606797765,0.23691359980485788,0.11965411099861255,0.4646751932932569
2026-01-21 08:00:00,-0.0,0.2534145773664497,-0.0,0.16938757921231495,-0.15996922303465166,0.26283293354411297,0.42253659506228564,0.9641746445823527
2026-01-21 09:00:00,-0.0,0.2195122449180863,-0.0,0.17651548919695026,-0.15067577713868213,0.24535195697635442,0.22260163174924014,1.046458375475006
2026-01-21 10:00:00,-0.0,0.22443853687419202,-0.0,0.19871875333417466,-0.18200950073539765,0.24114778947296903,-0.6245465858256397,0.2444762289323329
2026-01-21 11:00:00,-0.0,0.20509282923266614,-0.36,0.17261484332817523,-0.23228614910304463,-0.21457847654220324,0.14758656306098172,0.07969382387817822
2026-01-21 12:00:00,-0.0,0.2391928288970695,-1.2,0.13986307932081798,-0.20086229766477903,-1.0218063894468914,0.07111610114830795,-0.9028739939716766
2026-01-21 13:00:00,-0.0,0.20495021703592065,-1.2,0.12862458876804983,-0.17374839039473153,-1.040173584590761,0.9677738345922978,-0.614124146381469
2026-01-21 14:00:00,-0.011603049785774866,0.21124464533547194,-1.2,0.14825526631922037,-0.2285194062048393,-1.0806225443359219,-0.06346123687398465,-1.512558269038788
2026-01-21 15:00:00,-0.0,0.1964074514597859,-0.48,0.15996326457805,-0.2388656477437543,-0.3624949317059184,0.3328729031975816,-0.9371569899316095
2026-01-21 16:00:00,-0.011889445371137564,0.21329248665543765,-0.36,0.1799953330810159,-0.24488548606954486,-0.22348711170422886,0.18594987572241573,-0.5998314299407788
2026-01-21 17:00:00,-0.007944847153052326,0.18536676530117124,-1.2,0.19859494232976282,-0.21732807286477773,-1.041311212386896,-0.16781366098500783,-1.569023731336371
2026-01-21 18:00:00,-0.016825283406845193,0.1572071254473415,-0.48,0.2209103158383735,-0.22065977904910578,-0.33936762117023594,-0.08173251292908,-1.3625143729011386
2026-01-21 19:00:00,-0.0,0.14623014014969127,-0.36,0.20068282503704005,-0.15953572059412774,-0.1726227554073964,0.2767006172938061,-0.7134307618542735
2026-01-21 20:00:00,-0.0,0.1738261275227575,-1.2,0.21083894192138397,-0.20922279786622677,-1.0245577284220853,-0.6058383131517976,-2.058454498686447
2026-01-21 21:00:00,-0.0,0.14455936020091342,-0.48,0.2148578208340507,-0.1796600161711925,-0.3002428351362284,-0.05596140646457807,-1.5912769408126748
2026-01-21 22:00:00,-0.0,0.1323850897984663,-1.2,0.22499999999999987,-0.22694428784051657,-1.0695591980420502,-0.12844123183158362,-2.152766594361239
2026-01-21 23:00:00,-0.023470046180885662,0.12043689996856777,-0.48,0.22499999999999987,-0.2195925418393997,-0.3776256880517177,-0.1678194930395734,-1.8371051377080345
2026-01-22 00:00:00,-0.0324681537071434,0.13588926963975068,-1.2,0.19124815374498938,-0.14521922416467323,-1.0505499544870764,-0.43552873022878913,-2.5883417673406863
2026-01-22 01:00:00,-0.013320012116007973,0.16490584424182264,-0.48,0.15640483395216498,-0.1933711432113613,-0.3653804771333816,0.7830569223305188,-1.1353286152072743
2026-01-22 02:00:00,-0.011182648526762096,0.18653157744553817,-0.0,0.1428781970986439,-0.19756007901290257,0.12066704700451741,-0.058161333648979165,-0.6186914557688262
2026-01-22 03:00:00,-0.033861237611741535,0.16712997848616973,-0.0,0.12438102087369074,-0.2749075770982032,-0.01725781535008425,-0.29048236426795754,-0.6789550530793376
2026-01-22 04:00:00,-0.0,0.19173042831048115,-0.0,0.09729594938892405,-0.2684015173642568,0.020624860335148376,0.2439715017584102,-0.14277666975404396
2026-01-22 05:00:00,-0.0036693837344226043,0.2148823644342832,-0.0,0.09101973995743129,-0.2442759156736464,0.0579568049836455,-0.22082107418970828,-0.24853027105848916
2026-01-22 06:00:00,-0.0,0.227613834440624,-0.0,0.057860829572290884,-0.19343975899639626,0.09203490501651862,-0.030669030249831277,-0.08775228786840614
2026-01-22 07:00:00,-0.0,0.188165301122021,-0.0,0.05337199025134265,-0.17292902573641358,0.06860826563695008,-0.29672840545099277,-0.28077151253508636
2026-01-22 08:00:00,-0.0,0.18753757760123202,-0.36,0.032501584306518394,-0.20952616366942614,-0.3494870017616757,-0.05974550223765168,-0.5776954115203792
2026-01-22 09:00:00,-0.0,0.162388891608219,-1.2,0.022234381808128756,-0.2515402474495666,-1.2669169740332187,0.0008940326150864978,-1.6126401883303596
2026-01-22 10:00:00,-0.0,0.18274266684701035,-1.2,0.029713501774509155,-0.2311919310836229,-1.2187357624621034,-0.5328664309704385,-2.7191863064307578
2026-01-22 11:00:00,-0.0,0.17220658437543523,-0.48,0.008111957929895386,-0.2594856770277979,-0.5591671347224673,0.1318531259190962,-2.0588257926618256
2026-01-22 12:00:00,-0.0,0.14281465174008912,-1.2,0.0013006415329529508,-0.3149545500117784,-1.3708392567387362,0.3217368508502109,-2.2843978814856207
2026-01-22 13:00:00,-0.0,0.10481960919132183,-0.48,0.012750587773627364,-0.26484635354464386,-0.6272761565796947,0.6491136701998059,-1.3488012152712612
2026-01-22 14:00:00,-0.0,0.13395699364218727,-0.0,0.01134653588617729,-0.26995645521626654,-0.12465292568790198,0.10616254489673689,-0.8277711099539218
2026-01-22 15:00:00,-0.0,0.15115098866193,-0.36,0.03528615218823883,-0.4544938184328959,-0.628056677582727,0.01633379430967908,-1.108385549245401
2026-01-22 16:00:00,-0.0,0.16522536399705445,-1.2,0.027969136244738735,-0.6218066288564976,-1.6286121286147044,0.17884094007894885,-2.114802518082996
2026-01-22 17:00:00,-0.028325629993959156,0.1375059761052838,-0.48,0.032107890486729795,-0.7001010864624198,-1.0388128498643652,-0.5174311410847425,-2.8251255017989054
2026-01-22 18:00:00,-0.04735027457734442,0.08391831580352693,-1.2,0.015136567988719096,-0.7670377989312183,-1.9153331897163164,-0.8501204628210314,-4.460528953616691
2026-01-22 19:00:00,-0.011009726328467417,0.027280000793721615,-1.2,-0.01838886681698798,-0.5678825252036677,-1.7700011175554013,0.07045247350298837,-4.375866016222428
2026-01-22 20:00:00,-0.0,0.006796625055100036,-0.48,-0.03739388133857452,-0.5112559560972092,-1.0218532123806836,-0.4071606624431645,-4.054533484557305
2026-01-22 21:00:00,-0.0,0.0005468185549352134,-0.0,-0.056304148502022866,-0.4629564284565695,-0.5187137584036572,0.36014214181959664,-2.5912917073184434
2026-01-22 22:00:00,-0.0,0.028623781096555168,-0.0,-0.057475004212437564,-0.38318157054669,-0.4120327936625724,0.31785619426485323,-1.6489516237887851
2026-01-22 23:00:00,-0.0,0.04938756396395094,-0.36,-0.06363289449524817,-0.3914032438353337,-0.7656485743666309,0.4927198330351813,-1.2622997156047204
2026-01-23 00:00:00,-0.0,0.06640901418206013,-1.2,-0.047641017163905786,-0.3691270695982356,-1.550359072580081,0.042090545513942444,-2.265648356428971
2026-01-23 01:00:00,-0.0,0.09493769011218545,-0.48,-0.048272851047716725,-0.2881496343104245,-0.7214847952459558,-0.3311925878083069,-2.4120663969116456
2026-01-23 02:00:00,-0.0,0.15407786759148678,-0.0,-0.02480632957484119,-0.2770337317020523,-0.14776219368540672,-0.15174326554738063,-1.7467452973797748
2026-01-23 03:00:00,-0.0,0.20058782847940582,-0.0,-0.012352563046690523,-0.2836393120603977,-0.09540404662768243,-0.4338003608968634,-1.5772515859524108
2026-01-23 04:00:00,-0.0,0.2192461496130239,-0.0,-0.022172691438447134,-0.34941709305242025,-0.15234363487784347,-0.4462629217673178,-1.5449575082166076
2026-01-23 05:00:00,-0.0,0.14432259021499005,-0.0,-0.01865224754433842,-0.22491520584637384,-0.0992448631757222,-0.5528170649514175,-1.579036433057104
2026-01-23 06:00:00,-0.02740066487935766,0.1500265596020901,-0.0,-0.01285039255810344,-0.2818096347658619,-0.1720341326012329,0.3733388151057326,-0.7461171773297628
2026-01-23 07:00:00,-0.00396854903585786,0.1567983545051147,-0.0,-0.02374497639608386,-0.28605388689389183,-0.15696905782071885,0.09150613143836266,-0.5131332327802139
2026-01-23 08:00:00,-0.020598942065924497,0.12754225652583007,-0.0,0.005228005974286409,-0.2055346922678284,-0.09336337183363641,0.3001571533335871,-0.10108615816817768
2026-01-23 09:00:00,-0.08394421550953335,0.09744807143446099,-0.0,-0.002548697923640819,-0.17079068311134984,-0.15983552511006302,-0.3403885807779215,-0.5608758007888911
2026-01-23 10:00:00,-0.03850995192420359,0.08591149485563454,-0.0,0.004838246390350243,-0.20117455664920947,-0.14893476732742827,-0.05863722083586556,-0.5440974686366284
2026-01-23 11:00:00,-0.010125706369472631,0.07575932459050871,-0.0,0.0005100165991077654,-0.16174364126393778,-0.09560000644379393,0.18722395266468836,-0.23483453496108267
2026-01-23 12:00:00,-0.0,0.08262214983469929,-0.0,-0.026049459952012965,-0.20049720787876657,-0.14392451799608025,-0.10567042082744046,-0.3904956598001703
2026-01-23 13:00:00,-0.0,0.10527409137214028,-0.0,-0.03056448683336138,-0.28681619502450906,-0.21210659048573016,-0.30561965851900846,-0.7520236448848407
2026-01-23 14:00:00,-0.0,0.12953216306351656,-0.36,-0.0019380897233398642,-0.23831931980711912,-0.4707252464669424,-0.2616442078020249,-1.1835836411998717
2026-01-23 15:00:00,-0.0,0.12534911235138724,-1.2,-0.04484837075349951,-0.2373672026031844,-1.3568664610052965,-0.5575450419868397,-2.6245616877120597
2026-01-23 16:00:00,-0.0,0.16828610675189715,-0.48,-0.056921741923388225,-0.1675311462505158,-0.5361667814220068,0.02176538386801061,-2.0891384101812323
2026-01-23 17:00:00,-0.0,0.2106032900988678,-0.0,-0.06074660602354792,-0.21855949013285958,-0.0687028060575397,-0.6614194767466736,-1.9836053289129527
2026-01-23 18:00:00,-0.0,0.19068576565129391,-0.0,-0.05901476586684723,-0.24925337890488158,-0.1175823791204349,0.3540533950034499,-0.9536921814647565
2026-01-23 19:00:00,-0.021956445214783127,0.2149496231252852,-0.36,-0.019099951334946075,-0.1893258585315633,-0.3754326319560073,0.44627069725222457,-0.5013772435826366
2026-01-23 20:00:00,-0.035639001664106384,0.11326985779935572,-1.2,0.00518661607186599,-0.17257818523969445,-1.289760713032579,0.6110834993307515,-0.9795035598514095
2026-01-23 21:00:00,-0.08651147795963698,0.006729753348893919,-0.48,0.027956069520161386,-0.14241284193583628,-0.6742384970264179,0.6606710389725894,-0.6012695939646742
2026-01-23 22:00:00,-0.0,-0.09359591610050944,-0.36,0.044217583067098776,-0.18205454491362327,-0.5914328779470339,-0.3424812429815278,-1.294675877307366
2026-01-23 23:00:00,-0.009533087551204078,-0.046656552273085294,-1.2,0.061798127830791194,-0.2401234210693281,-1.4345149330628264,-0.373495020060594,-2.5848154795078404
2026-01-24 00:00:00,-0.0,0.006976809888725621,-0.48,0.06350946676436842,-0.28433962232925886,-0.6938533456761649,-0.2810690637876524,-2.5258116971685216
2026-01-24 01:00:00,-0.0,0.056179371111384824,-0.0,0.07424480575177894,-0.2685139105952933,-0.13808973373212952,-0.052919299963869154,-1.7064960519971117
2026-01-24 02:00:00,-0.0,0.08358188579755077,-0.0,0.07769592949239779,-0.27559033460972526,-0.1143125193197767,-0.1811707997479321,-1.319380950265976
2026-01-24 03:00:00,-0.0,0.10174351762122069,-0.36,0.0750171728353678,-0.46859247759852063,-0.6518317871419321,-0.5089312663411059,-1.9523916236426235
2026-01-24 04:00:00,-0.0,0.12828555718931212,-1.2,0.10715801018037385,-0.5236804486909448,-1.4882368813212588,-0.23055675449887297,-2.890228610005706
2026-01-24 05:00:00,-0.0,0.1413732431517284,-0.48,0.11132776091877983,-0.5666717078641851,-0.7939707037936768,0.10748373841275086,-2.4206241313843497
2026-01-24 06:00:00,-0.0,0.1298352726923253,-0.0,0.1316745350009827,-0.6535611267306937,-0.39205131903738566,0.08020673163934801,-1.7642190662286474
2026-01-24 07:00:00,-0.0,0.13755767682067566,-0.36,0.1414530961259034,-0.5646746029239658,-0.6456638299773867,0.06752731421860265,-1.6366679554959724
2026-01-24 08:00:00,-0.0,0.1311366859058417,-1.2,0.1589029724330372,-0.476605319360514,-1.3865656610216348,-0.043321586727926714,-2.411888021047145
2026-01-24 09:00:00,-0.0,0.12978423971783437,-0.48,0.1269491813380531,-0.46282337596985634,-0.6860899549139688,0.2309465125930335,-1.9022762549492225
2026-01-24 10:00:00,-0.0,0.16112310284643816,-1.2,0.11419870353023387,-0.393581507553531,-1.3182597011768589,-0.7762833221905563,-3.2359087763369487
2026-01-24 11:00:00,-0.0,0.16062237946226032,-1.2,0.10495073675544442,-0.2916137901180198,-1.226040673900315,-0.4125788601209731,-3.580164799823457
2026-01-24 12:00:00,-0.0,0.16981436946905526,-0.48,0.08725442042011433,-0.3006573384539993,-0.5235885485648297,-0.1369164675939231,-2.808603896052827
2026-01-24 13:00:00,-0.0,0.2004855900117113,-0.36,0.0521481173571503,-0.2388769529192304,-0.3462432455503688,-0.09112644218541789,-2.122532025367483
2026-01-24 14:00:00,-0.0,0.19211433951214252,-1.2,0.03553934806445613,-0.18347625564877673,-1.155822568072178,0.18545890242563173,-2.2438828808670364
2026-01-24 15:00:00,-0.0,0.23308561213930945,-0.48,0.0385449065681448,-0.18230151321286397,-0.3906709945054097,0.04322395072383758,-1.6937767723017938
2026-01-24 16:00:00,-0.0,0.28038974143538165,-1.2,0.04321319047449623,-0.23918834552450205,-1.1155854136146242,-0.5193693590126344,-2.651220836008335
2026-01-24 17:00:00,-0.013862813024102971,0.23598614932250406,-0.48,0.002950671606355537,-0.4273451678586899,-0.6822711599539333,0.2977961892903946,-1.9752074722685393
2026-01-24 18:00:00,-0.011421269829821723,0.23940207822527648,-0.0,-0.027128771822470532,-0.5800724806784462,-0.37922044410546196,-0.17988320295733648,-1.744228130423922
2026-01-24 19:00:00,-0.0,0.2090783052080274,-0.0,-0.015364967006569918,-0.47461963507686533,-0.28090629687540786,-0.523354321896031,-1.850797497025792
2026-01-24 20:00:00,-0.0118801572180387,0.22408908953067064,-0.36,0.004944511897586934,-0.3415656980024755,-0.4844122537922566,0.12119027915191637,-1.4737004728558154
2026-01-24 21:00:00,-0.0,0.21717751299109744,-1.2,0.025735006678447858,-0.36782471123019744,-1.324912191560652,-0.029389252162966135,-2.2385217274371074
2026-01-24 22:00:00,-0.0,0.2563433700853748,-0.48,0.02475849562681931,-0.3248696717024229,-0.5237678059902289,0.25162741863496263,-1.6152534238175305
2026-01-24 23:00:00,-0.0,0.23263663353290853,-0.0,0.04317196778049426,-0.31829072369763894,-0.042482122384236154,-0.9993279013812718,-2.0109620780560262
2026-01-25 00:00:00,-0.0,0.2663338860161597,-0.0,0.07166425494097539,-0.23230401901293257,0.10569412194420252,-0.007267243744283854,-1.108150368633697
2026-01-25 01:00:00,-0.0,0.29999999999999993,-0.36,0.07407076236263432,-0.23104805260555455,-0.21697729024292028,-0.707204848186985,-1.5890723596101235
2026-01-25 02:00:00,-0.0,0.29999999999999993,-1.2,0.09277171339284584,-0.2148949229645245,-1.0221232095716788,-0.44047730968532856,-2.4160439350230813
2026-01-25 03:00:00,-0.0,0.29053356978741685,-0.48,0.09157847074506542,-0.23896989619786374,-0.33685785566538146,-0.21252763587075202,-1.999011852549982
2026-01-25 04:00:00,-0.0,0.24002104824345805,-1.2,0.08871021387366973,-0.1508278501708686,-1.0220965880537407,-0.538016455608923,-2.7595201551926527
2026-01-25 05:00:00,-0.0,0.13680733717423743,-0.48,0.08338187475233005,-0.21028204590767097,-0.47009283398110346,0.23016948674502477,-1.8956354403516702
2026-01-25 06:00:00,-0.0,0.04420077063205863,-1.2,0.05048853444733181,-0.19066112223139536,-1.295971817152005,-0.6342587007005158,-3.067611782063523
2026-01-25 07:00:00,-0.0,-0.04018558345136869,-0.48,0.06723183041247638,-0.12905252658389915,-0.5820062796227914,0.5415828692428227,-1.8809904796180827
2026-01-25 08:00:00,-0.0,-0.138742027767766,-0.36,0.07182242170670372,-0.19143612205699334,-0.6183557281180556,0.5023598043360514,-1.244590211552854
2026-01-25 09:00:00,-0.0,-0.08660182545191109,-1.2,0.035820495136746455,-0.21369828001125876,-1.4644796103264233,0.06387770812762959,-2.147356029130506
2026-01-25 10:00:00,-0.0,-0.0010345732280703235,-1.2,0.010098166724160751,-0.2139421334327095,-1.404878539936619,0.0024782398472465014,-2.690813917567676
2026-01-25 11:00:00,-0.0,0.03131590635477821,-0.48,0.002885065935175901,-0.30195007954494046,-0.7477491072549863,-0.13929413234549465,-2.5015315901410866
2026-01-25 12:00:00,-0.0,0.07013941057281481,-0.36,-0.03534976887900426,-0.3074498120683107,-0.6326601703745001,0.32808639175046317,-1.805492732708689
2026-01-25 13:00:00,-0.0,0.11464612992512047,-1.2,-0.06628941658121051,-0.29102018924356066,-1.4426634758996506,-0.3193128561112986,-2.8452719716361625
2026-01-25 14:00:00,-0.0,0.1541812613518938,-1.2,-0.04811492152850283,-0.43047600978700157,-1.5244096699636105,-0.0198418372898868,-3.251414690235195
2026-01-25 15:00:00,-0.0,0.18509490462022882,-0.48,-0.06186570237141448,-0.49963707178213046,-0.8564078695333162,0.03894850607704572,-2.7683081775973877
2026-01-25 16:00:00,-0.0,0.2284474295450013,-0.0,-0.043601155879049835,-0.5101545214988106,-0.3253082478328591,0.1983427936768758,-1.7879503607144158
2026-01-25 17:00:00,-0.0,0.21808317696222346,-0.0,-0.04669851172224432,-0.4430359123595748,-0.27165124711959565,0.20964042276374656,-1.1347810407844987
2026-01-25 18:00:00,-0.0,0.2563092953890719,-0.36,-0.051385083146569865,-0.41101815617364146,-0.5660939439311394,0.23762267039755205,-1.0093398980042865
2026-01-25 19:00:00,-0.0,0.2541154709767094,-1.2,-0.019658621379256835,-0.33634404608411556,-1.301887196486663,-0.38104839562036263,-2.2885395309095973
2026-01-25 20:00:00,-0.0,0.2279178730560264,-0.48,-0.003431718994582167,-0.36235324234206806,-0.6178670882806239,-0.12778484530574813,-2.1187756521321304
2026-01-25 21:00:00,-0.0,0.22933482839235353,-1.2,0.001539867961598218,-0.32260929256132514,-1.2917345962073734,-0.26522702931019837,-2.82822701679685
2026-01-25 22:00:00,-0.0,0.22420649675314042,-0.48,0.026760186285899823,-0.2537211619059338,-0.48275447886689354,-0.0457478915669906,-2.225438580511994
2026-01-25 23:00:00,-0.0,0.19360369256062526,-0.0,0.026266492757159088,-0.2538820060731176,-0.034011820755333266,-0.25788697306983116,-1.6271619421323609
2026-01-26 00:00:00,-0.0,0.2101111768610402,-0.36,0.02028635755316821,-0.24227701238384247,-0.37187947796963405,0.5951616031334285,-0.753015040115622
2026-01-26 01:00:00,-0.0,0.25058892017817,-1.2,-0.003667910319213319,-0.253854487614424,-1.2069334777554672,-0.0862900538214479,-1.7450325556462885
2026-01-26 02:00:00,-0.0,0.2747498695932217,-1.2,-0.008178534593028197,-0.26379033899996623,-1.1972190039997728,-0.11765235223040854,-2.3618908896179542
2026-01-26 03:00:00,-0.0,0.20987590249636134,-0.48,0.006186045558921327,-0.3005915062465504,-0.5645295581912677,-0.6343574764628013,-2.6160215684248413
2026-01-26 04:00:00,-0.0,0.20416292039481454,-0.0,-0.011941752217700552,-0.2959631733768383,-0.10374200519972432,0.48850147098796853,-1.1848534752666606
2026-01-26 05:00:00,-0.0,0.24974094382233936,-0.36,-0.04215010052931539,-0.24951764160521062,-0.40192679831218664,-0.11749979365007024,-1.230338677122253
2026-01-26 06:00:00,-0.0,0.24399743572118082,-1.2,-0.043016604554788895,-0.29412414778083,-1.2931433166144382,0.14432916476861368,-1.8870173581191763
2026-01-26 07:00:00,-0.0,0.24995100344304477,-0.48,-0.04692422847352046,-0.2946452486866342,-0.5716184737171099,0.4499388765347428,-1.253890012053873
2026-01-26 08:00:00,-0.0,0.24850953439513201,-1.2,-0.029193150562706605,-0.22063405228747587,-1.2013176684550504,-0.11975275694650966,-2.073404432633884
2026-01-26 09:00:00,-0.0,0.256873699811066,-0.48,-0.035837848482509815,-0.18226003784004485,-0.44122418651148865,-0.4262809766268481,-2.111547822718667
2026-01-26 10:00:00,-0.0,0.24443051263597293,-0.0,-0.05669525656193275,-0.14881488796437342,0.03892036810966676,-0.056596720083017145,-1.2846050456045504
2026-01-26 11:00:00,-0.0,0.20800597231968954,-0.36,-0.08290000138012604,-0.13321444415851152,-0.368108473218948,-0.17966588559088276,-1.318537386172561
2026-01-26 12:00:00,-0.0032264238424093428,0.1647029620364,-1.2,-0.06505206149720727,-0.16408414211830682,-1.2676596654215233,-0.2028160028074277,-2.2615980999324874
2026-01-26 13:00:00,-0.0,0.21728279183731325,-1.2,-0.08176170951061729,-0.18122720378839638,-1.2457061214617005,-0.5852783877882687,-3.187943369209462
2026-01-26 14:00:00,-0.0,0.2145680603454332,-0.48,-0.08942025166668494,-0.1503822081276231,-0.5052343994488748,0.6104924554764377,-1.807507965498114
2026-01-26 15:00:00,-0.0,0.22359671675065695,-0.0,-0.0597569670851249,-0.16846124751133146,-0.004621497845799405,-0.39026590412188,-1.4793921812665478
2026-01-26 16:00:00,-0.0,0.2264014951715113,-0.0,-0.05081568119955493,-0.1414719754261341,0.034113838545822284,-0.12311894412517463,-0.9766404143392811
2026-01-26 17:00:00,-0.0,0.23560807150677066,-0.0,-0.03240696962607453,-0.1558847339131105,0.04731636796758562,-0.1047241798577987,-0.6433920604937816
2026-01-26 18:00:00,-0.0,0.25879624286953073,-0.0,-0.03437702607209597,-0.2568684788993312,-0.032449262101896414,-0.31614235700860194,-0.7346268554067673
2026-01-26 19:00:00,-0.0,0.23988582755484045,-0.0,-0.032586635395993435,-0.2826369147128413,-0.07533772255399429,-0.43336137956286264,-0.9494752153609172
2026-01-26 20:00:00,-0.0,0.23591374268993603,-0.36,-0.023445438775260508,-0.22228359182276608,-0.36981528790809054,0.46265558150020064,-0.4768448356244402
2026-01-26 21:00:00,-0.0,0.24530865884265984,-1.2,-0.025931808142458268,-0.19570130425798138,-1.1763244535577797,0.07671267105187109,-1.3857186838805728
2026-01-26 22:00:00,-0.0,0.24092121532867428,-0.48,-0.02263278292259341,-0.19139133185302976,-0.45310289944694887,0.22412155833938727,-1.0604125514359053
2026-01-26 23:00:00,-0.0,0.22341557161266734,-1.2,-0.03695751938382219,-0.22288821442512496,-1.2364301621962799,-0.2397569595965594,-2.1124346526543825
2026-01-27 00:00:00,-0.01706161447747867,0.20651624770569077,-0.48,-0.06521291236574678,-0.2814015993522287,-0.6371598784897634,-0.008273427719948672,-1.9128940978023417
2026-01-27 01:00:00,-0.0,0.2240903429583806,-0.0,-0.047877492556161694,-0.2866513257615737,-0.1104384753593548,0.37677651100232534,-0.8813984230384344
2026-01-27 02:00:00,-0.0,0.193222076595982,-0.36,-0.04183212578778306,-0.2282677708006311,-0.43687781999243214,0.31544045047684,-0.6502764233386528
2026-01-27 03:00:00,-0.0,0.17376493686916272,-1.2,-0.04515281375149849,-0.2608203993264962,-1.3322082762088319,-0.20588996113137906,-1.9282640913434026
2026-01-27 04:00:00,-0.0,0.1687932953304052,-1.2,-0.061167053380050684,-0.2341726864626907,-1.3265464445123363,-0.21785563461846666,-2.7013605339368447
2026-01-27 05:00:00,-0.0,0.21733733162616375,-0.48,-0.06607692198933823,-0.2111775522108295,-0.5399171425740039,0.3391818240195975,-1.8215516389165134
2026-01-27 06:00:00,-0.0,0.17365671092749724,-0.36,-0.0594644287966038,-0.24129139599063454,-0.4870991138597411,-0.0760452281647696,-1.6560753253744187
2026-01-27 07:00:00,-0.0,0.17803246973560594,-1.2,-0.02629927673852106,-0.228671458429822,-1.276938265432737,-0.42427983994535967,-2.694863300602748
2026-01-27 08:00:00,-0.0,0.19932982615270667,-1.2,-9.155370573715738e-05,-0.149540590482342,-1.1503023180353724,0.4664703487143481,-2.3007499496826727
2026-01-27 09:00:00,-0.0,0.1906232435621963,-0.48,0.033249345576356726,-0.13014204605663493,-0.3862694569180819,0.1753546284653275,-1.5913647982623578
2026-01-27 10:00:00,-0.0,0.21255664639340088,-1.2,0.050487703049445276,-0.1302362737586375,-1.0671919243157912,0.4024988393310598,-1.6195119639421462
2026-01-27 11:00:00,-0.0,0.2322993166458568,-0.48,0.06477721597402197,-0.21516612556403228,-0.39808959294415347,-0.05942733197299312,-1.4292241032824344
2026-01-27 12:00:00,-0.0,0.179359897186819,-1.2,0.07895354561674417,-0.16801158812596578,-1.1096981453224024,0.16544194552377087,-1.8017906617680923
2026-01-27 13:00:00,-0.0,0.17609120985766458,-1.2,0.09311882057044885,-0.14991081815491133,-1.0807007877267978,-0.16478971174537396,-2.3265648965330272
2026-01-27 14:00:00,-0.0,0.1532076018857993,-0.48,0.10731756174584439,-0.18622113504520912,-0.4056959714135654,-0.19797761767138536,-1.9996125270047673
2026-01-27 15:00:00,-0.0,0.16783857656410361,-1.2,0.11889415643899315,-0.19946520222720415,-1.1127324692241074,-0.3433944677338793,-2.6558944531608466
2026-01-27 16:00:00,-0.0,0.18293701655610883,-1.2,0.12317879814329247,-0.31784318408990797,-1.2117273693905066,-0.13738406555026775,-2.9426481068372823
2026-01-27 17:00:00,-0.0,0.16996100981315776,-0.48,0.07243218474398261,-0.40450600439102363,-0.6421128098338833,-0.5456344559030996,-2.9533361298393523
2026-01-27 18:00:00,-0.0,0.16118819971633902,-0.0,0.05976082910389535,-0.448704332546057,-0.22775530372582264,-0.17990314167405821,-2.1796601233034925
2026-01-27 19:00:00,-0.0,0.14046437103530562,-0.0,0.03542978070791181,-0.40891132704694233,-0.2330171753037249,-0.5970995181021376,-2.137912767387958
2026-01-27 20:00:00,-0.0,0.13272740137960604,-0.36,0.028027426754722584,-0.33774012955129235,-0.5369853014169637,0.2735655692240917,-1.5461673926256467
2026-01-27 21:00:00,-0.0,0.1303110447196255,-1.2,0.025551536637893446,-0.5665911287480984,-1.6107285473905795,-0.45954115459053396,-2.9979701375565013
2026-01-27 22:00:00,-0.0,0.14038854339209783,-0.48,0.015798173366253332,-0.7299898278168575,-1.0538031110585062,-0.24870340559747545,-3.1012885991898824
2026-01-27 23:00:00,-0.04969528511060228,0.1374792963987398,-0.0,-0.004694473187539128,-0.5782114217299834,-0.49512188362938503,-0.23129366840393578,-2.5871887115472503
2026-01-28 00:00:00,-0.0250524789558626,0.07653500412701253,-0.0,-0.014104580852003168,-0.4659373358889743,-0.42855939156982753,0.8957663705164323,-1.0851062479817455
2026-01-28 01:00:00,-0.02731608626912907,-0.0002358685986928455,-0.36,-0.032278468160689744,-0.4193688372105283,-0.8391992602390399,-0.08390631485501078,-1.574169323883098
2026-01-28 02:00:00,-0.09306306025161426,-0.09297573202619958,-1.2,-0.0259588824028667,-0.31830124915983693,-1.7302989238405173,-0.34868053142215333,-3.0234810495925295
2026-01-28 03:00:00,-0.0895500521150705,-0.1275837273729471,-0.48,-0.039496502635018194,-0.294075733152797,-1.0307060152758327,0.29520448031468494,-2.5495901647166654
2026-01-28 04:00:00,-0.04008540904918467,-0.04612633012090883,-1.2,-0.027523340723618006,-0.29613776462127367,-1.609872844514985,0.03609764413980528,-3.103529299205179
2026-01-28 05:00:00,-0.07119610882162264,-0.017079264841160846,-0.48,-0.019280767657738285,-0.2509049841991662,-0.8384611255196879,0.2567285780118383,-2.4438501270309567
2026-01-28 06:00:00,-0.04100536327697624,0.05130853652169054,-0.0,-0.022306745141383144,-0.2820817442736801,-0.29408531617034894,0.4016451043568396,-1.3587502880320832
2026-01-28 07:00:00,-0.04155046009598684,0.0763303353753616,-0.0,0.012282422772212365,-0.2916928442717126,-0.24463054622012548,-0.0913064306031948,-1.15118714964257
2026-01-28 08:00:00,-0.030160319470932784,0.0707637961285974,-0.0,-0.012159113878167482,-0.5502619221403935,-0.5218175593608964,-0.25648633095665735,-1.4690161801030959
2026-01-28 09:00:00,-0.044875731238632977,0.08415878488305906,-0.0,-0.027791120478034392,-0.6583607251195943,-0.6468687919532026,-0.13200483859790446,-1.6602833386129645
2026-01-28 10:00:00,-0.019554083907346476,0.10228554475309026,-0.36,-0.020845689245402588,-0.766888733419877,-1.0650029618195358,0.03914225711580697,-2.0220307078715076
2026-01-28 11:00:00,-0.04342861611068316,0.09079904398174943,-1.2,-0.01883263455869283,-0.8723295530965294,-2.043791759784156,0.009534137371835425,-3.247476047135225
2026-01-28 12:00:00,-0.0,0.13499945256308932,-1.2,-0.02551153722334004,-0.7018981178433759,-1.7924102025036266,0.06788329295039687,-3.6730125378343645
2026-01-28 13:00:00,-0.0,0.16506498012583626,-0.48,-0.011070789867240693,-0.5091480992442656,-0.8351539089856701,-0.6697596272754821,-3.708721058961771
2026-01-28 14:00:00,-0.0,0.1576150566995005,-0.0,-0.022491665920277848,-0.42834304215407804,-0.2932196513748554,-0.12840252277744693,-2.646854809529365
2026-01-28 15:00:00,-0.0,0.16549279913607962,-0.0,-0.02840774781673472,-0.3939464201226006,-0.2568613688032557,0.4711087743140685,-1.3738654802068062
2026-01-28 16:00:00,-0.0,0.1488134963653116,-0.0,-0.03510683411767057,-0.3262962468732355,-0.21258958462559446,-0.3761294750940554,-1.4130383478437336
2026-01-28 17:00:00,-0.0,0.19515169454480064,-0.0,-0.027970392378621645,-0.32614374534844626,-0.15896244318226727,0.18347259447155212,-0.8233128574169553
2026-01-28 18:00:00,-0.005581685306913942,0.21520655899853458,-0.0,-0.005904274346311578,-0.346597233339835,-0.14287663399452594,-0.41026588980209205,-1.047130238246791
2026-01-28 19:00:00,-0.03888156938303178,0.24366245538381115,-0.36,0.01366593329738297,-0.3300832453045157,-0.47163642600635336,0.2057971622020898,-0.8941174067523383
2026-01-28 20:00:00,-0.0366511129094238,0.22361766677187545,-1.2,-0.0005408844381645794,-0.24847911857798216,-1.262053449153695,-0.5151595254972464,-2.3136834187023445
2026-01-28 21:00:00,-0.011331995500848402,0.21205573891601703,-1.2,0.012208993504271293,-0.24887627461609058,-1.2359435376966506,-0.004172181892295055,-2.6283257708103522
2026-01-28 22:00:00,-0.0,0.16810414116423567,-0.48,0.025148346204029393,-0.20992728450055334,-0.49667479713228824,-0.3312789856159326,-2.404949245234432
2026-01-28 23:00:00,-0.0,0.20105590747972757,-0.0,0.03925480627298761,-0.23733636900480334,0.0029743447479118335,-0.06692285645229785,-1.5069180588450453
2026-01-29 00:00:00,-0.0,0.2412562231137937,-0.0,0.03543336023462651,-0.28725330767975843,-0.010563724331338231,-0.08829316908019195,-1.0030077287185573
2026-01-29 01:00:00,-0.0,0.23010705475160287,-0.0,0.02791987289609632,-0.2457039362112901,0.012322991436409081,0.6494193107649153,0.05993766497019015
2026-01-29 02:00:00,-0.0,0.2460692386235921,-0.0,0.03678584407193419,-0.242568973082469,0.040286109613057286,0.02389223359971488,0.10014094219488626
2026-01-29 03:00:00,-0.0,0.25910654888369844,-0.0,0.05379553364093981,-0.28847794206154304,0.024424140463095212,-0.03131421841766587,0.05319448736236109
2026-01-29 04:00:00,-0.012699795737754593,0.23411479269834412,-0.0,0.04472586394854694,-0.2942958015619206,-0.02815494065278412,0.020152632956156043,0.023914384720788575
2026-01-29 05:00:00,-0.00811581599406308,0.2006683185383994,-0.36,0.032645564523016035,-0.2477707269770104,-0.38257265990965805,0.0061417982511610125,-0.3620822308260239
2026-01-29 06:00:00,-0.0,0.1908519611640841,-1.2,0.04508164645511614,-0.2039246801255556,-1.1679910725063554,0.46508671020099734,-0.9201537008009725
2026-01-29 07:00:00,-0.0,0.20412505421831217,-1.2,0.06195911381828789,-0.2757991078390974,-1.2097149398024973,0.23298108547559868,-1.528826074807482
2026-01-29 08:00:00,-0.01927117227593933,0.18256274163236907,-0.48,0.0751449969837158,-0.20048276458847,-0.4420461982483245,-0.4855095971364245,-1.844851440269238
2026-01-29 09:00:00,-0.0,0.1866466672331113,-0.36,0.05956694292755238,-0.26978754746427225,-0.38357393730360856,0.13806180071519134,-1.3524230007499602
2026-01-29 10:00:00,-0.0,0.20200867990918014,-1.2,0.0355146530807362,-0.24446745270529893,-1.2069441197153825,0.2617641798378345,-1.7566337403275243
2026-01-29 11:00:00,-0.0,0.2471743161312553,-1.2,0.03480578923583422,-0.2623416552158624,-1.1803615498487727,0.27644517979553257,-1.9578966142497545
2026-01-29 12:00:00,-0.0,0.21654706153432934,-0.48,0.005379879183929792,-0.2935435845669493,-0.5516166438486901,0.15496244401373152,-1.571392168384811
2026-01-29 13:00:00,-0.0,0.13819716149309325,-0.0,0.00952345378118613,-0.21031757727598938,-0.06259696200171,0.2904865151280333,-0.7149457479045633
2026-01-29 14:00:00,-0.0,0.09805122424375956,-0.0,0.003160259495807227,-0.16535043460857515,-0.06413895086900837,-0.07402865780079411,-0.5671350574125406
2026-01-29 15:00:00,-0.0,0.10378551496908217,-0.0,0.007017866261132433,-0.20084196972607313,-0.09003858849585852,-0.1255719475558737,-0.5558915704992566
2026-01-29 16:00:00,-0.0,0.09092656583371617,-0.0,0.01839617618219691,-0.23575422418995876,-0.12643148217404568,-0.5141617390495635,-0.9741281635231632
2026-01-29 17:00:00,-0.0,0.1229069842810353,-0.0,0.026996994065642266,-0.1937461161108145,-0.043842137764136924,0.23830752493819682,-0.390011510939838
2026-01-29 18:00:00,-0.0,0.12206352660652775,-0.0,0.025382221206888822,-0.22836089311349522,-0.08091514530007865,-0.0826703481248246,-0.397592399988806
2026-01-29 19:00:00,-0.01713955603828654,0.15993772765397996,-0.36,0.04389838576376914,-0.1264230639846236,-0.29972650660516104,-0.22564909586252838,-0.763931042460973
2026-01-29 20:00:00,-0.05337633508140538,0.18998733132693513,-1.2,0.04598599250629232,-0.14600017316081762,-1.1634031844089954,0.05435782668405401,-1.5674039832015252
2026-01-29 21:00:00,-0.09753935976234374,0.13207074264231722,-0.48,0.04059086251866728,-0.13179746600342154,-0.5366752206047808,0.14325622411293173,-1.3338613864127642
2026-01-29 22:00:00,-0.1724260190338851,0.13112729519630306,-0.36,0.05095717313191317,-0.14215563359563801,-0.49249718430130685,-0.7672055810923938,-2.060019597241359
2026-01-29 23:00:00,-0.16499362590502087,0.12925286982709072,-1.2,0.048103258139368665,-0.12257939064405424,-1.3102168885826158,0.3380983844260523,-2.2081302625013786
2026-01-30 00:00:00,-0.11801403691362289,0.14015372702920814,-1.2,0.057313713872238825,-0.06643293698399416,-1.18697953299617,-0.48677536960234075,-2.9986330600993383
2026-01-30 01:00:00,-0.10628615017962861,0.1334770049288464,-0.48,0.04551942651641583,-0.15426116419295116,-0.5615508829273175,-0.4388638060284271,-2.7995945250153476
2026-01-30 02:00:00,-0.10581566390470476,0.11321875373527823,-0.0,0.002930433040583935,-0.19650180565003106,-0.18616828277887365,0.0900475694387497,-1.7758774283493324
2026-01-30 03:00:00,-0.07840695701672162,0.20247120760138337,-0.0,0.009534924248594367,-0.16185729774078336,-0.028258122907527244,0.11597561452245386,-0.9778089653946728
2026-01-30 04:00:00,-0.05151068191878716,0.2453395688134128,-0.0,0.0072880583763952345,-0.16429980916586434,0.03681713610515652,0.0393208279639267,-0.5105474151677204
2026-01-30 05:00:00,-0.0,0.21855535732019105,-0.36,0.0007502763770624865,-0.07702776316881138,-0.21772212947155783,0.041054361893563464,-0.4829962166786266
2026-01-30 06:00:00,-0.017455761220847466,0.25126925859588667,-1.2,-0.0124932030544056,-0.31290174371146406,-1.2915814493908304,0.17617087371256443,-1.4052083056854419
2026-01-30 07:00:00,-0.0,0.2543109202937909,-1.2,-0.03204051222496318,-0.5247757376945077,-1.5025053296256798,0.1342524737624589,-2.2113778392744856
2026-01-30 08:00:00,-0.0,0.21010748816485403,-1.2,-0.02880797978987487,-0.6843567526599218,-1.7030572442849428,-0.09587034563525972,-3.125754293484894
2026-01-30 09:00:00,-0.0,0.22559545364281175,-0.48,-0.032105154737999075,-0.7616701362103002,-1.0481798373054876,0.21919155870338525,-2.7044408546930385
2026-01-30 10:00:00,-0.0,0.1879650110592016,-0.0,-0.02486557911644749,-0.6340858603155327,-0.4709864283727786,-0.027098807965434304,-2.1207497491540357
2026-01-30 11:00:00,-0.0,0.1576228607451109,-0.36,-0.011950263124498539,-0.5212705049485435,-0.7355979073279312,-0.25309026224087966,-2.261138019061232
2026-01-30 12:00:00,-0.0,0.21475717735567712,-1.2,-0.01820586599343549,-0.44259259835121645,-1.4460412869889747,0.40487345235044087,-2.397850646075273
2026-01-30 13:00:00,-0.0,0.22057726982573955,-1.2,-0.006859197639667802,-0.38943670749674486,-1.375718635310673,0.17407421105453416,-2.6403548119013025
2026-01-30 14:00:00,-0.0,0.17968013525594484,-1.2,-0.005773495453974764,-0.3514840445319222,-1.3775774047299523,0.30906978739272467,-2.6527205044780087
2026-01-30 15:00:00,-0.0,0.19904827848981366,-0.48,-0.007349010886752549,-0.545196246610386,-0.8334969790073249,0.2638950958842596,-2.1612341858098705
2026-01-30 16:00:00,-0.0,0.21873738515779007,-0.36,-0.02006785023704377,-0.665181314046565,-0.8265117791258187,0.15698093668900545,-1.9662713539227354
2026-01-30 17:00:00,-0.002798084052945349,0.23879733712090545,-1.2,-0.005478625878138965,-0.817687165691191,-1.7871665385013698,-0.0397962036677259,-3.006725554522737
2026-01-30 18:00:00,-0.010808518266240963,0.27936192139609317,-0.48,0.008244693517829416,-0.8879177478688469,-1.0911196512211654,0.06319293122660587,-2.8319620527082012
2026-01-30 19:00:00,-0.003971493526244707,0.277642766146299,-0.0,0.024051056251798042,-0.6903626509481262,-0.39264032207627386,0.10453741963889708,-1.9872801340622974
2026-01-30 20:00:00,-0.002097289168722538,0.26925096823421313,-0.0,0.041606330596205665,-0.526188266422319,-0.21742825676062272,0.22723182499939448,-1.1825645121986066
2026-01-30 21:00:00,-0.07713962937596808,0.26938352683677214,-0.0,0.044608092689774725,-0.4634946918965287,-0.22664270174594991,-0.6030430236497951,-1.539224432714909
2026-01-30 22:00:00,-0.03083056276484908,0.21683554877983524,-0.0,0.04220519444585347,-0.4595029610522669,-0.23129278059142727,-0.1735982924310008,-1.3284257326513735
2026-01-30 23:00:00,-0.05695148820270912,0.2543523530016838,-0.0,0.04750139013147403,-0.4446610189705569,-0.19975876404010817,0.5767139215231473,-0.42010028210778505
2026-01-31 00:00:00,-0.03319101488406595,0.2603288224690874,-0.0,0.043087032901456324,-0.3901931940687099,-0.11996835358223212,-0.3786676626272229,-0.7506961854741261
2026-01-31 01:00:00,-0.051617546659197266,0.2563827262106255,-0.36,0.04698704347717153,-0.40217492756180495,-0.5104227045332052,0.2115998489885095,-0.7492405668291713
2026-01-31 02:00:00,-0.04211403109908973,0.0829407038779364,-1.2,0.029412319400263343,-0.25771085692214774,-1.3874718647430377,0.4579188245516104,-1.3790973802889301
2026-01-31 03:00:00,-0.09922405282677116,-0.008634752230523346,-0.48,0.015133897518941786,-0.2796015224915733,-0.852326430029926,0.10208689031789386,-1.5776979678853902
2026-01-31 04:00:00,-0.05606231896099523,-0.05195134322111761,-1.2,0.023150534967314895,-0.26728983787850236,-1.5521529650933004,0.5429659824940528,-1.9558057633304813
2026-01-31 05:00:00,-0.13464765392431133,-0.030527032612740923,-0.48,0.021359027797503538,-0.2999382244152146,-0.9237538831547634,0.5819641943768596,-1.5152731467761926
2026-01-31 06:00:00,-0.07564054435891698,0.0412675738009699,-0.0,0.0046816687957219605,-0.2272809479047286,-0.25697224966695376,-0.08715001560032963,-1.2532861533329989
2026-01-31 07:00:00,-0.10413784406580029,0.06321673671390715,-0.0,0.015314425982512203,-0.2539721044249307,-0.2795787857943116,0.1353207296954899,-0.896229748098621
